quest_name,buddy_url,questline_name,questline_aliases,notes
Cloistered Cluster I,https://buddy.farm/q/cloistered-cluster-i/,Cloistered Cluster,,BL-339 bounded August questline verification.
Cloistered Cluster II,https://buddy.farm/q/cloistered-cluster-ii/,Cloistered Cluster,,BL-339 bounded August questline verification.
A Better Juice I,https://buddy.farm/q/a-better-juice-i/,A Better Juice,,BL-339 bounded August questline verification.
A Better Juice II,https://buddy.farm/q/a-better-juice-ii/,A Better Juice,,BL-339 bounded August questline verification.
A Better Juice III,https://buddy.farm/q/a-better-juice-iii/,A Better Juice,,BL-339 bounded August questline verification.
A Better Juice IV,https://buddy.farm/q/a-better-juice-iv/,A Better Juice,,BL-339 bounded August questline verification.
A Better Juice V,https://buddy.farm/q/a-better-juice-v/,A Better Juice,,BL-339 bounded August questline verification.
A Better Juice VI,https://buddy.farm/q/a-better-juice-vi/,A Better Juice,,BL-339 bounded August questline verification.
Daily Dairy I,https://buddy.farm/q/daily-dairy-i/,Daily Dairy,,BL-339 bounded August questline verification.
Daily Dairy II,https://buddy.farm/q/daily-dairy-ii/,Daily Dairy,,BL-339 bounded August questline verification.
Daily Dairy III,https://buddy.farm/q/daily-dairy-iii/,Daily Dairy,,BL-339 bounded August questline verification.
Daily Dairy IV,https://buddy.farm/q/daily-dairy-iv/,Daily Dairy,,BL-339 bounded August questline verification.
Daily Dairy V,https://buddy.farm/q/daily-dairy-v/,Daily Dairy,,BL-339 bounded August questline verification.
Daily Dairy VI,https://buddy.farm/q/daily-dairy-vi/,Daily Dairy,,BL-339 bounded August questline verification.
Daily Dairy VII,https://buddy.farm/q/daily-dairy-vii/,Daily Dairy,,BL-339 bounded August questline verification.
Fun Underground Now I,https://buddy.farm/q/fun-underground-now-i/,Fun Underground Now,,BL-339 bounded August questline verification.
Fun Underground Now II,https://buddy.farm/q/fun-underground-now-ii/,Fun Underground Now,,BL-339 bounded August questline verification.
Fun Underground Now III,https://buddy.farm/q/fun-underground-now-iii/,Fun Underground Now,,BL-339 bounded August questline verification.
Fun Underground Now IV,https://buddy.farm/q/fun-underground-now-iv/,Fun Underground Now,,BL-339 bounded August questline verification.
Dig In I,https://buddy.farm/q/dig-in-i/,Dig In,,BL-339 bounded August questline verification.
Dig In II,https://buddy.farm/q/dig-in-ii/,Dig In,,BL-339 bounded August questline verification.
Dig In III,https://buddy.farm/q/dig-in-iii/,Dig In,,BL-339 bounded August questline verification.
Sprung Forth I,https://buddy.farm/q/sprung-forth-i/,Sprung Forth,,BL-339 bounded August questline verification.
Sprung Forth II,https://buddy.farm/q/sprung-forth-ii/,Sprung Forth,,BL-339 bounded August questline verification.
Sprung Forth III,https://buddy.farm/q/sprung-forth-iii/,Sprung Forth,,BL-339 bounded August questline verification.
Sprung Forth IV,https://buddy.farm/q/sprung-forth-iv/,Sprung Forth,,BL-339 bounded August questline verification.
Sprung Forth V,https://buddy.farm/q/sprung-forth-v/,Sprung Forth,,BL-339 bounded August questline verification.
Power Play I,https://buddy.farm/q/power-play-i/,Power Play,,BL-339 bounded August questline verification.
Power Play II,https://buddy.farm/q/power-play-ii/,Power Play,,BL-339 bounded August questline verification.
Power Play III,https://buddy.farm/q/power-play-iii/,Power Play,,BL-339 bounded August questline verification.
Power Play IV,https://buddy.farm/q/power-play-iv/,Power Play,,BL-339 bounded August questline verification.
Power Play V,https://buddy.farm/q/power-play-v/,Power Play,,BL-339 bounded August questline verification.
Power Play VI,https://buddy.farm/q/power-play-vi/,Power Play,,BL-339 bounded August questline verification.
Power Play VII,https://buddy.farm/q/power-play-vii/,Power Play,,BL-339 bounded August questline verification.
