observed_item_name,canonical_key,owned_quantity,derived_craft_quantity,mastery_confirmation_status,evidence_source,evidence_date,review_status,notes
Orange Shirt,orange shirt,29293,0,confirmed_masterable,user-supplied Workshop paste,2026-08-31,recipe_normalized_pending_reconciliation,Listed as craftable in the supplied non-exhaustive Workshop paste; user confirmed every listed output is masterable.
Sturdy Bow,sturdy bow,17491,0,confirmed_masterable,user-supplied Workshop paste,2026-08-31,recipe_normalized_pending_reconciliation,Listed as craftable in the supplied non-exhaustive Workshop paste; user confirmed every listed output is masterable.
Bamboo Chair,bamboo chair,21684,0,confirmed_masterable,user-supplied Workshop paste,2026-08-31,recipe_normalized_pending_reconciliation,Listed as craftable in the supplied non-exhaustive Workshop paste; user confirmed every listed output is masterable.
Cannon,cannon,5064,0,confirmed_masterable,user-supplied Workshop paste,2026-08-31,recipe_normalized_pending_reconciliation,Listed as craftable in the supplied non-exhaustive Workshop paste; user confirmed every listed output is masterable.
Milk Carton,milk carton,25112,0,confirmed_masterable,user-supplied Workshop paste,2026-08-31,recipe_normalized_pending_reconciliation,Listed as craftable in the supplied non-exhaustive Workshop paste; user confirmed every listed output is masterable.
Small Bolt,small bolt,1,0,confirmed_masterable,user-supplied Workshop paste,2026-08-31,recipe_normalized_pending_reconciliation,Listed as craftable in the supplied non-exhaustive Workshop paste; user confirmed every listed output is masterable.
Steel,steel,11092,0,confirmed_masterable,user-supplied Workshop paste,2026-08-31,recipe_normalized_pending_reconciliation,Listed as craftable in the supplied non-exhaustive Workshop paste; user confirmed every listed output is masterable.
Steel Wire,steel wire,22052,0,confirmed_masterable,user-supplied Workshop paste,2026-08-31,recipe_normalized_pending_reconciliation,Listed as craftable in the supplied non-exhaustive Workshop paste; user confirmed every listed output is masterable.
Strong Paste,strong paste,0,0,confirmed_masterable,user-supplied Workshop paste,2026-08-31,recipe_normalized_pending_reconciliation,Listed as craftable in the supplied non-exhaustive Workshop paste; user confirmed every listed output is masterable.
Toilet Paper,toilet paper,26557,0,confirmed_masterable,user-supplied Workshop paste,2026-08-31,recipe_normalized_pending_reconciliation,Listed as craftable in the supplied non-exhaustive Workshop paste; user confirmed every listed output is masterable.
White Parchment,white parchment,0,0,confirmed_masterable,user-supplied Workshop paste,2026-08-31,recipe_normalized_pending_reconciliation,Listed as craftable in the supplied non-exhaustive Workshop paste; user confirmed every listed output is masterable.
Wine,wine,29710,0,confirmed_masterable,user-supplied Workshop paste,2026-08-31,recipe_normalized_pending_reconciliation,Listed as craftable in the supplied non-exhaustive Workshop paste; user confirmed every listed output is masterable.
Cloth,cloth,4,0,confirmed_masterable,user-supplied Workshop paste,2026-08-31,recipe_normalized_pending_reconciliation,Listed as craftable in the supplied non-exhaustive Workshop paste; user confirmed every listed output is masterable.
Veggie Juice,veggie juice,31211,0,confirmed_masterable,user-supplied Workshop paste,2026-08-31,recipe_normalized_pending_reconciliation,Listed as craftable in the supplied non-exhaustive Workshop paste; user confirmed every listed output is masterable.
Red Dye,red dye,3546,0,confirmed_masterable,user-supplied Workshop paste,2026-08-31,recipe_normalized_pending_reconciliation,Listed as craftable in the supplied non-exhaustive Workshop paste; user confirmed every listed output is masterable.
Handsaw,handsaw,31201,0,confirmed_masterable,user-supplied Workshop paste,2026-08-31,recipe_normalized_pending_reconciliation,Listed as craftable in the supplied non-exhaustive Workshop paste; user confirmed every listed output is masterable.
Iced Tea,iced tea,28410,0,confirmed_masterable,user-supplied Workshop paste,2026-08-31,recipe_normalized_pending_reconciliation,Listed as craftable in the supplied non-exhaustive Workshop paste; user confirmed every listed output is masterable.
Steel Plate,steel plate,510,0,confirmed_masterable,user-supplied Workshop paste,2026-08-31,recipe_normalized_pending_reconciliation,Listed as craftable in the supplied non-exhaustive Workshop paste; user confirmed every listed output is masterable.
Leather,leather,1,0,confirmed_masterable,user-supplied Workshop paste,2026-08-31,recipe_normalized_pending_reconciliation,Listed as craftable in the supplied non-exhaustive Workshop paste; user confirmed every listed output is masterable.
Glass Bottle,glass bottle,6230,0,confirmed_masterable,user-supplied Workshop paste,2026-08-31,recipe_normalized_pending_reconciliation,Listed as craftable in the supplied non-exhaustive Workshop paste; user confirmed every listed output is masterable.
Glass Orb,glass orb,0,0,confirmed_masterable,user-supplied Workshop paste,2026-08-31,recipe_normalized_pending_reconciliation,Listed as craftable in the supplied non-exhaustive Workshop paste; user confirmed every listed output is masterable.
Shimmer Stone,shimmer stone,1,0,confirmed_masterable,user-supplied Workshop paste,2026-08-31,recipe_normalized_pending_reconciliation,Listed as craftable in the supplied non-exhaustive Workshop paste; user confirmed every listed output is masterable.
Twine,twine,1,0,confirmed_masterable,user-supplied Workshop paste,2026-08-31,recipe_normalized_pending_reconciliation,Listed as craftable in the supplied non-exhaustive Workshop paste; user confirmed every listed output is masterable.
Rope,rope,964,0,confirmed_masterable,user-supplied Workshop paste,2026-08-31,recipe_normalized_pending_reconciliation,Listed as craftable in the supplied non-exhaustive Workshop paste; user confirmed every listed output is masterable.
Fishing Net,fishing net,5,0,confirmed_masterable,user-supplied Workshop paste,2026-08-31,recipe_normalized_pending_reconciliation,Listed as craftable in the supplied non-exhaustive Workshop paste; user confirmed every listed output is masterable.
Fire Ant Farm,fire ant farm,24747,0,confirmed_masterable,user-supplied Workshop paste,2026-08-31,recipe_normalized_pending_reconciliation,Listed as craftable in the supplied non-exhaustive Workshop paste; user confirmed every listed output is masterable.
Large Net,large net,16517,0,confirmed_masterable,user-supplied Workshop paste,2026-08-31,recipe_normalized_pending_reconciliation,Listed as craftable in the supplied non-exhaustive Workshop paste; user confirmed every listed output is masterable.
Orange Juice,orange juice,10346,0,confirmed_masterable,user-supplied Workshop paste,2026-08-31,recipe_normalized_pending_reconciliation,Listed as craftable in the supplied non-exhaustive Workshop paste; user confirmed every listed output is masterable.
Lemonade,lemonade,252,0,confirmed_masterable,user-supplied Workshop paste,2026-08-31,recipe_normalized_pending_reconciliation,Listed as craftable in the supplied non-exhaustive Workshop paste; user confirmed every listed output is masterable.
Acorn Butter,acorn butter,28847,0,confirmed_masterable,user-supplied Workshop paste,2026-08-31,recipe_normalized_pending_reconciliation,Listed as craftable in the supplied non-exhaustive Workshop paste; user confirmed every listed output is masterable.
Amber Cane,amber cane,12982,0,confirmed_masterable,user-supplied Workshop paste,2026-08-31,recipe_normalized_pending_reconciliation,Listed as craftable in the supplied non-exhaustive Workshop paste; user confirmed every listed output is masterable.
Ancient Pickaxe,ancient pickaxe,0,0,confirmed_masterable,user-supplied Workshop paste,2026-08-31,recipe_normalized_pending_reconciliation,Listed as craftable in the supplied non-exhaustive Workshop paste; user confirmed every listed output is masterable.
Apple Cider,apple cider,31904,0,confirmed_masterable,user-supplied Workshop paste,2026-08-31,recipe_normalized_pending_reconciliation,Listed as craftable in the supplied non-exhaustive Workshop paste; user confirmed every listed output is masterable.
Aquacite Ring,aquacite ring,0,0,confirmed_masterable,user-supplied Workshop paste,2026-08-31,recipe_normalized_pending_reconciliation,Listed as craftable in the supplied non-exhaustive Workshop paste; user confirmed every listed output is masterable.
Awl,awl,32180,0,confirmed_masterable,user-supplied Workshop paste,2026-08-31,recipe_normalized_pending_reconciliation,Listed as craftable in the supplied non-exhaustive Workshop paste; user confirmed every listed output is masterable.
Bamboo Fence,bamboo fence,3722,0,confirmed_masterable,user-supplied Workshop paste,2026-08-31,recipe_normalized_pending_reconciliation,Listed as craftable in the supplied non-exhaustive Workshop paste; user confirmed every listed output is masterable.
Bamboo Trellis,bamboo trellis,22407,0,confirmed_masterable,user-supplied Workshop paste,2026-08-31,recipe_normalized_pending_reconciliation,Listed as craftable in the supplied non-exhaustive Workshop paste; user confirmed every listed output is masterable.
Barbed Wire,barbed wire,19157,0,confirmed_masterable,user-supplied Workshop paste,2026-08-31,recipe_normalized_pending_reconciliation,Listed as craftable in the supplied non-exhaustive Workshop paste; user confirmed every listed output is masterable.
Basic Pillow,basic pillow,0,0,confirmed_masterable,user-supplied Workshop paste,2026-08-31,recipe_normalized_pending_reconciliation,Listed as craftable in the supplied non-exhaustive Workshop paste; user confirmed every listed output is masterable.
Black Bag,black bag,21003,0,confirmed_masterable,user-supplied Workshop paste,2026-08-31,recipe_normalized_pending_reconciliation,Listed as craftable in the supplied non-exhaustive Workshop paste; user confirmed every listed output is masterable.
Black Cloak,black cloak,790,0,confirmed_masterable,user-supplied Workshop paste,2026-08-31,recipe_normalized_pending_reconciliation,Listed as craftable in the supplied non-exhaustive Workshop paste; user confirmed every listed output is masterable.
Black Dye,black dye,0,0,confirmed_masterable,user-supplied Workshop paste,2026-08-31,recipe_normalized_pending_reconciliation,Listed as craftable in the supplied non-exhaustive Workshop paste; user confirmed every listed output is masterable.
Black Purse,black purse,32180,0,confirmed_masterable,user-supplied Workshop paste,2026-08-31,recipe_normalized_pending_reconciliation,Listed as craftable in the supplied non-exhaustive Workshop paste; user confirmed every listed output is masterable.
Black Scarf,black scarf,32180,0,confirmed_masterable,user-supplied Workshop paste,2026-08-31,recipe_normalized_pending_reconciliation,Listed as craftable in the supplied non-exhaustive Workshop paste; user confirmed every listed output is masterable.
Black Shield,black shield,27357,0,confirmed_masterable,user-supplied Workshop paste,2026-08-31,recipe_normalized_pending_reconciliation,Listed as craftable in the supplied non-exhaustive Workshop paste; user confirmed every listed output is masterable.
Black Shirt,black shirt,1059,0,confirmed_masterable,user-supplied Workshop paste,2026-08-31,recipe_normalized_pending_reconciliation,Listed as craftable in the supplied non-exhaustive Workshop paste; user confirmed every listed output is masterable.
Black Twine,black twine,31076,0,confirmed_masterable,user-supplied Workshop paste,2026-08-31,recipe_normalized_pending_reconciliation,Listed as craftable in the supplied non-exhaustive Workshop paste; user confirmed every listed output is masterable.
Blue Diary,blue diary,32180,0,confirmed_masterable,user-supplied Workshop paste,2026-08-31,recipe_normalized_pending_reconciliation,Listed as craftable in the supplied non-exhaustive Workshop paste; user confirmed every listed output is masterable.
Blue Shirt,blue shirt,732,0,confirmed_masterable,user-supplied Workshop paste,2026-08-31,recipe_normalized_pending_reconciliation,Listed as craftable in the supplied non-exhaustive Workshop paste; user confirmed every listed output is masterable.
Board,board,32180,0,confirmed_masterable,user-supplied Workshop paste,2026-08-31,recipe_normalized_pending_reconciliation,Listed as craftable in the supplied non-exhaustive Workshop paste; user confirmed every listed output is masterable.
Bone Pickaxe,bone pickaxe,24213,0,confirmed_masterable,user-supplied Workshop paste,2026-08-31,recipe_normalized_pending_reconciliation,Listed as craftable in the supplied non-exhaustive Workshop paste; user confirmed every listed output is masterable.
Bottle Rocket,bottle rocket,32103,0,confirmed_masterable,user-supplied Workshop paste,2026-08-31,recipe_normalized_pending_reconciliation,Listed as craftable in the supplied non-exhaustive Workshop paste; user confirmed every listed output is masterable.
Bouquet of Flowers,bouquet of flowers,17165,0,confirmed_masterable,user-supplied Workshop paste,2026-08-31,recipe_normalized_pending_reconciliation,Listed as craftable in the supplied non-exhaustive Workshop paste; user confirmed every listed output is masterable.
Bright Lantern,bright lantern,0,0,confirmed_masterable,user-supplied Workshop paste,2026-08-31,recipe_normalized_pending_reconciliation,Listed as craftable in the supplied non-exhaustive Workshop paste; user confirmed every listed output is masterable.
Brown Cloak,brown cloak,30636,0,confirmed_masterable,user-supplied Workshop paste,2026-08-31,recipe_normalized_pending_reconciliation,Listed as craftable in the supplied non-exhaustive Workshop paste; user confirmed every listed output is masterable.
Brown Dye,brown dye,25828,0,confirmed_masterable,user-supplied Workshop paste,2026-08-31,recipe_normalized_pending_reconciliation,Listed as craftable in the supplied non-exhaustive Workshop paste; user confirmed every listed output is masterable.
Calmine Composite,calmine composite,0,0,confirmed_masterable,user-supplied Workshop paste,2026-08-31,recipe_normalized_pending_reconciliation,Listed as craftable in the supplied non-exhaustive Workshop paste; user confirmed every listed output is masterable.
Calmine Lotion,calmine lotion,0,0,confirmed_masterable,user-supplied Workshop paste,2026-08-31,recipe_normalized_pending_reconciliation,Listed as craftable in the supplied non-exhaustive Workshop paste; user confirmed every listed output is masterable.
Calmine Statue,calmine statue,0,0,confirmed_masterable,user-supplied Workshop paste,2026-08-31,recipe_normalized_pending_reconciliation,Listed as craftable in the supplied non-exhaustive Workshop paste; user confirmed every listed output is masterable.
Canoe,canoe,29890,0,confirmed_masterable,user-supplied Workshop paste,2026-08-31,recipe_normalized_pending_reconciliation,Listed as craftable in the supplied non-exhaustive Workshop paste; user confirmed every listed output is masterable.
Chisel,chisel,15278,0,confirmed_masterable,user-supplied Workshop paste,2026-08-31,recipe_normalized_pending_reconciliation,Listed as craftable in the supplied non-exhaustive Workshop paste; user confirmed every listed output is masterable.
Coin Purse,coin purse,20400,0,confirmed_masterable,user-supplied Workshop paste,2026-08-31,recipe_normalized_pending_reconciliation,Listed as craftable in the supplied non-exhaustive Workshop paste; user confirmed every listed output is masterable.
Condensed Gravicite,condensed gravicite,0,0,confirmed_masterable,user-supplied Workshop paste,2026-08-31,recipe_normalized_pending_reconciliation,Listed as craftable in the supplied non-exhaustive Workshop paste; user confirmed every listed output is masterable.
Cooking Pot,cooking pot,18654,0,confirmed_masterable,user-supplied Workshop paste,2026-08-31,recipe_normalized_pending_reconciliation,Listed as craftable in the supplied non-exhaustive Workshop paste; user confirmed every listed output is masterable.
Crown of Clover,crown of clover,31129,0,confirmed_masterable,user-supplied Workshop paste,2026-08-31,recipe_normalized_pending_reconciliation,Listed as craftable in the supplied non-exhaustive Workshop paste; user confirmed every listed output is masterable.
Deep Ocean Ring,deep ocean ring,0,0,confirmed_masterable,user-supplied Workshop paste,2026-08-31,recipe_normalized_pending_reconciliation,Listed as craftable in the supplied non-exhaustive Workshop paste; user confirmed every listed output is masterable.
Embershard Ring,embershard ring,0,0,confirmed_masterable,user-supplied Workshop paste,2026-08-31,recipe_normalized_pending_reconciliation,Listed as craftable in the supplied non-exhaustive Workshop paste; user confirmed every listed output is masterable.
Embershard Staff,embershard staff,0,0,confirmed_masterable,user-supplied Workshop paste,2026-08-31,recipe_normalized_pending_reconciliation,Listed as craftable in the supplied non-exhaustive Workshop paste; user confirmed every listed output is masterable.
Emerald,emerald,32051,0,confirmed_masterable,user-supplied Workshop paste,2026-08-31,recipe_normalized_pending_reconciliation,Listed as craftable in the supplied non-exhaustive Workshop paste; user confirmed every listed output is masterable.
Energy Coil,energy coil,20512,0,confirmed_masterable,user-supplied Workshop paste,2026-08-31,recipe_normalized_pending_reconciliation,Listed as craftable in the supplied non-exhaustive Workshop paste; user confirmed every listed output is masterable.
Engine,engine,3099,0,confirmed_masterable,user-supplied Workshop paste,2026-08-31,recipe_normalized_pending_reconciliation,Listed as craftable in the supplied non-exhaustive Workshop paste; user confirmed every listed output is masterable.
Esperium Band,esperium band,0,0,confirmed_masterable,user-supplied Workshop paste,2026-08-31,recipe_normalized_pending_reconciliation,Listed as craftable in the supplied non-exhaustive Workshop paste; user confirmed every listed output is masterable.
Essence of Slime,essence of slime,32160,0,confirmed_masterable,user-supplied Workshop paste,2026-08-31,recipe_normalized_pending_reconciliation,Listed as craftable in the supplied non-exhaustive Workshop paste; user confirmed every listed output is masterable.
Fairy Ring,fairy ring,0,0,confirmed_masterable,user-supplied Workshop paste,2026-08-31,recipe_normalized_pending_reconciliation,Listed as craftable in the supplied non-exhaustive Workshop paste; user confirmed every listed output is masterable.
Fancy Chair,fancy chair,4674,0,confirmed_masterable,user-supplied Workshop paste,2026-08-31,recipe_normalized_pending_reconciliation,Listed as craftable in the supplied non-exhaustive Workshop paste; user confirmed every listed output is masterable.
Fancy Clock,fancy clock,17,0,confirmed_masterable,user-supplied Workshop paste,2026-08-31,recipe_normalized_pending_reconciliation,Listed as craftable in the supplied non-exhaustive Workshop paste; user confirmed every listed output is masterable.
Fancy Drum,fancy drum,30419,0,confirmed_masterable,user-supplied Workshop paste,2026-08-31,recipe_normalized_pending_reconciliation,Listed as craftable in the supplied non-exhaustive Workshop paste; user confirmed every listed output is masterable.
Fancy Guitar,fancy guitar,32064,0,confirmed_masterable,user-supplied Workshop paste,2026-08-31,recipe_normalized_pending_reconciliation,Listed as craftable in the supplied non-exhaustive Workshop paste; user confirmed every listed output is masterable.
Fancy Pan Flute,fancy pan flute,29701,0,confirmed_masterable,user-supplied Workshop paste,2026-08-31,recipe_normalized_pending_reconciliation,Listed as craftable in the supplied non-exhaustive Workshop paste; user confirmed every listed output is masterable.
Fancy Pillow,fancy pillow,0,0,confirmed_masterable,user-supplied Workshop paste,2026-08-31,recipe_normalized_pending_reconciliation,Listed as craftable in the supplied non-exhaustive Workshop paste; user confirmed every listed output is masterable.
Fancy Violin,fancy violin,31339,0,confirmed_masterable,user-supplied Workshop paste,2026-08-31,recipe_normalized_pending_reconciliation,Listed as craftable in the supplied non-exhaustive Workshop paste; user confirmed every listed output is masterable.
Gainite,gainite,48,0,confirmed_masterable,user-supplied Workshop paste,2026-08-31,recipe_normalized_pending_reconciliation,Listed as craftable in the supplied non-exhaustive Workshop paste; user confirmed every listed output is masterable.
Garnet Walking Stick,garnet walking stick,0,0,confirmed_masterable,user-supplied Workshop paste,2026-08-31,recipe_normalized_pending_reconciliation,Listed as craftable in the supplied non-exhaustive Workshop paste; user confirmed every listed output is masterable.
Gazebo,gazebo,29535,0,confirmed_masterable,user-supplied Workshop paste,2026-08-31,recipe_normalized_pending_reconciliation,Listed as craftable in the supplied non-exhaustive Workshop paste; user confirmed every listed output is masterable.
Glass Jar,glass jar,31896,0,confirmed_masterable,user-supplied Workshop paste,2026-08-31,recipe_normalized_pending_reconciliation,Listed as craftable in the supplied non-exhaustive Workshop paste; user confirmed every listed output is masterable.
Glowing Lantern,glowing lantern,14257,0,confirmed_masterable,user-supplied Workshop paste,2026-08-31,recipe_normalized_pending_reconciliation,Listed as craftable in the supplied non-exhaustive Workshop paste; user confirmed every listed output is masterable.
Gold Aquamarine Ring,gold aquamarine ring,32180,0,confirmed_masterable,user-supplied Workshop paste,2026-08-31,recipe_normalized_pending_reconciliation,Listed as craftable in the supplied non-exhaustive Workshop paste; user confirmed every listed output is masterable.
Gold Diamond Ring,gold diamond ring,17074,0,confirmed_masterable,user-supplied Workshop paste,2026-08-31,recipe_normalized_pending_reconciliation,Listed as craftable in the supplied non-exhaustive Workshop paste; user confirmed every listed output is masterable.
Gold Emerald Ring,gold emerald ring,32180,0,confirmed_masterable,user-supplied Workshop paste,2026-08-31,recipe_normalized_pending_reconciliation,Listed as craftable in the supplied non-exhaustive Workshop paste; user confirmed every listed output is masterable.
Gold Garnet Ring,gold garnet ring,32180,0,confirmed_masterable,user-supplied Workshop paste,2026-08-31,recipe_normalized_pending_reconciliation,Listed as craftable in the supplied non-exhaustive Workshop paste; user confirmed every listed output is masterable.
Gold Jade Ring,gold jade ring,26903,0,confirmed_masterable,user-supplied Workshop paste,2026-08-31,recipe_normalized_pending_reconciliation,Listed as craftable in the supplied non-exhaustive Workshop paste; user confirmed every listed output is masterable.
Gold Lemon Quartz Ring,gold lemon quartz ring,22928,0,confirmed_masterable,user-supplied Workshop paste,2026-08-31,recipe_normalized_pending_reconciliation,Listed as craftable in the supplied non-exhaustive Workshop paste; user confirmed every listed output is masterable.
Gold Ruby Ring,gold ruby ring,32063,0,confirmed_masterable,user-supplied Workshop paste,2026-08-31,recipe_normalized_pending_reconciliation,Listed as craftable in the supplied non-exhaustive Workshop paste; user confirmed every listed output is masterable.
Grand Piano,grand piano,8041,0,confirmed_masterable,user-supplied Workshop paste,2026-08-31,recipe_normalized_pending_reconciliation,Listed as craftable in the supplied non-exhaustive Workshop paste; user confirmed every listed output is masterable.
Grape Juice,grape juice,30010,0,confirmed_masterable,user-supplied Workshop paste,2026-08-31,recipe_normalized_pending_reconciliation,Listed as craftable in the supplied non-exhaustive Workshop paste; user confirmed every listed output is masterable.
Green Diary,green diary,32180,0,confirmed_masterable,user-supplied Workshop paste,2026-08-31,recipe_normalized_pending_reconciliation,Listed as craftable in the supplied non-exhaustive Workshop paste; user confirmed every listed output is masterable.
Green Dye,green dye,28143,0,confirmed_masterable,user-supplied Workshop paste,2026-08-31,recipe_normalized_pending_reconciliation,Listed as craftable in the supplied non-exhaustive Workshop paste; user confirmed every listed output is masterable.
Green Parchment,green parchment,22081,0,confirmed_masterable,user-supplied Workshop paste,2026-08-31,recipe_normalized_pending_reconciliation,Listed as craftable in the supplied non-exhaustive Workshop paste; user confirmed every listed output is masterable.
Green Shirt,green shirt,1314,0,confirmed_masterable,user-supplied Workshop paste,2026-08-31,recipe_normalized_pending_reconciliation,Listed as craftable in the supplied non-exhaustive Workshop paste; user confirmed every listed output is masterable.
Horn Canteen,horn canteen,14525,0,confirmed_masterable,user-supplied Workshop paste,2026-08-31,recipe_normalized_pending_reconciliation,Listed as craftable in the supplied non-exhaustive Workshop paste; user confirmed every listed output is masterable.
Horn Powder,horn powder,0,0,confirmed_masterable,user-supplied Workshop paste,2026-08-31,recipe_normalized_pending_reconciliation,Listed as craftable in the supplied non-exhaustive Workshop paste; user confirmed every listed output is masterable.
Hourglass,hourglass,31853,0,confirmed_masterable,user-supplied Workshop paste,2026-08-31,recipe_normalized_pending_reconciliation,Listed as craftable in the supplied non-exhaustive Workshop paste; user confirmed every listed output is masterable.
Joyful Ring,joyful ring,0,0,confirmed_masterable,user-supplied Workshop paste,2026-08-31,recipe_normalized_pending_reconciliation,Listed as craftable in the supplied non-exhaustive Workshop paste; user confirmed every listed output is masterable.
Kill Switch,kill switch,14891,0,confirmed_masterable,user-supplied Workshop paste,2026-08-31,recipe_normalized_pending_reconciliation,Listed as craftable in the supplied non-exhaustive Workshop paste; user confirmed every listed output is masterable.
Lantern,lantern,32180,0,confirmed_masterable,user-supplied Workshop paste,2026-08-31,recipe_normalized_pending_reconciliation,Listed as craftable in the supplied non-exhaustive Workshop paste; user confirmed every listed output is masterable.
Leather Bag,leather bag,14480,0,confirmed_masterable,user-supplied Workshop paste,2026-08-31,recipe_normalized_pending_reconciliation,Listed as craftable in the supplied non-exhaustive Workshop paste; user confirmed every listed output is masterable.
Leather Belt,leather belt,32180,0,confirmed_masterable,user-supplied Workshop paste,2026-08-31,recipe_normalized_pending_reconciliation,Listed as craftable in the supplied non-exhaustive Workshop paste; user confirmed every listed output is masterable.
Leather Diary,leather diary,32180,0,confirmed_masterable,user-supplied Workshop paste,2026-08-31,recipe_normalized_pending_reconciliation,Listed as craftable in the supplied non-exhaustive Workshop paste; user confirmed every listed output is masterable.
Leather Helmet,leather helmet,31349,0,confirmed_masterable,user-supplied Workshop paste,2026-08-31,recipe_normalized_pending_reconciliation,Listed as craftable in the supplied non-exhaustive Workshop paste; user confirmed every listed output is masterable.
Leather Waterskin,leather waterskin,29710,0,confirmed_masterable,user-supplied Workshop paste,2026-08-31,recipe_normalized_pending_reconciliation,Listed as craftable in the supplied non-exhaustive Workshop paste; user confirmed every listed output is masterable.
Looking Glass,looking glass,32160,0,confirmed_masterable,user-supplied Workshop paste,2026-08-31,recipe_normalized_pending_reconciliation,Listed as craftable in the supplied non-exhaustive Workshop paste; user confirmed every listed output is masterable.
Magicite,magicite,26728,0,confirmed_masterable,user-supplied Workshop paste,2026-08-31,recipe_normalized_pending_reconciliation,Listed as craftable in the supplied non-exhaustive Workshop paste; user confirmed every listed output is masterable.
Magna Core,magna core,60,0,confirmed_masterable,user-supplied Workshop paste,2026-08-31,recipe_normalized_pending_reconciliation,Listed as craftable in the supplied non-exhaustive Workshop paste; user confirmed every listed output is masterable.
Magnifying Glass,magnifying glass,32160,0,confirmed_masterable,user-supplied Workshop paste,2026-08-31,recipe_normalized_pending_reconciliation,Listed as craftable in the supplied non-exhaustive Workshop paste; user confirmed every listed output is masterable.
Metal Spool,metal spool,16671,0,confirmed_masterable,user-supplied Workshop paste,2026-08-31,recipe_normalized_pending_reconciliation,Listed as craftable in the supplied non-exhaustive Workshop paste; user confirmed every listed output is masterable.
Monarch Butterfly,monarch butterfly,1,0,confirmed_masterable,user-supplied Workshop paste,2026-08-31,recipe_normalized_pending_reconciliation,Listed as craftable in the supplied non-exhaustive Workshop paste; user confirmed every listed output is masterable.
Mystic Ring,mystic ring,32180,0,confirmed_masterable,user-supplied Workshop paste,2026-08-31,recipe_normalized_pending_reconciliation,Listed as craftable in the supplied non-exhaustive Workshop paste; user confirmed every listed output is masterable.
Oak Table,oak table,43,0,confirmed_masterable,user-supplied Workshop paste,2026-08-31,recipe_normalized_pending_reconciliation,Listed as craftable in the supplied non-exhaustive Workshop paste; user confirmed every listed output is masterable.
Ornate Anvil,ornate anvil,0,0,confirmed_masterable,user-supplied Workshop paste,2026-08-31,recipe_normalized_pending_reconciliation,Listed as craftable in the supplied non-exhaustive Workshop paste; user confirmed every listed output is masterable.
Ornate Flarite Ring,ornate flarite ring,0,0,confirmed_masterable,user-supplied Workshop paste,2026-08-31,recipe_normalized_pending_reconciliation,Listed as craftable in the supplied non-exhaustive Workshop paste; user confirmed every listed output is masterable.
Pear Grease,pear grease,3453,0,confirmed_masterable,user-supplied Workshop paste,2026-08-31,recipe_normalized_pending_reconciliation,Listed as craftable in the supplied non-exhaustive Workshop paste; user confirmed every listed output is masterable.
Peridot,peridot,0,0,confirmed_masterable,user-supplied Workshop paste,2026-08-31,recipe_normalized_pending_reconciliation,Listed as craftable in the supplied non-exhaustive Workshop paste; user confirmed every listed output is masterable.
Pie Pan,pie pan,19748,0,confirmed_masterable,user-supplied Workshop paste,2026-08-31,recipe_normalized_pending_reconciliation,Listed as craftable in the supplied non-exhaustive Workshop paste; user confirmed every listed output is masterable.
Pine Shavings,pine shavings,10599,0,confirmed_masterable,user-supplied Workshop paste,2026-08-31,recipe_normalized_pending_reconciliation,Listed as craftable in the supplied non-exhaustive Workshop paste; user confirmed every listed output is masterable.
Pinecone Bird Feeder,pinecone bird feeder,0,0,confirmed_masterable,user-supplied Workshop paste,2026-08-31,recipe_normalized_pending_reconciliation,Listed as craftable in the supplied non-exhaustive Workshop paste; user confirmed every listed output is masterable.
Pitchfork,pitchfork,17260,0,confirmed_masterable,user-supplied Workshop paste,2026-08-31,recipe_normalized_pending_reconciliation,Listed as craftable in the supplied non-exhaustive Workshop paste; user confirmed every listed output is masterable.
Plum Goblet,plum goblet,0,0,confirmed_masterable,user-supplied Workshop paste,2026-08-31,recipe_normalized_pending_reconciliation,Listed as craftable in the supplied non-exhaustive Workshop paste; user confirmed every listed output is masterable.
Plum Iron,plum iron,0,0,confirmed_masterable,user-supplied Workshop paste,2026-08-31,recipe_normalized_pending_reconciliation,Listed as craftable in the supplied non-exhaustive Workshop paste; user confirmed every listed output is masterable.
Potato Battery,potato battery,22408,0,confirmed_masterable,user-supplied Workshop paste,2026-08-31,recipe_normalized_pending_reconciliation,Listed as craftable in the supplied non-exhaustive Workshop paste; user confirmed every listed output is masterable.
Propeller Hat,propeller hat,5142,0,confirmed_masterable,user-supplied Workshop paste,2026-08-31,recipe_normalized_pending_reconciliation,Listed as craftable in the supplied non-exhaustive Workshop paste; user confirmed every listed output is masterable.
Purple Bag,purple bag,32180,0,confirmed_masterable,user-supplied Workshop paste,2026-08-31,recipe_normalized_pending_reconciliation,Listed as craftable in the supplied non-exhaustive Workshop paste; user confirmed every listed output is masterable.
Purple Diary,purple diary,32180,0,confirmed_masterable,user-supplied Workshop paste,2026-08-31,recipe_normalized_pending_reconciliation,Listed as craftable in the supplied non-exhaustive Workshop paste; user confirmed every listed output is masterable.
Purple Dye,purple dye,0,0,confirmed_masterable,user-supplied Workshop paste,2026-08-31,recipe_normalized_pending_reconciliation,Listed as craftable in the supplied non-exhaustive Workshop paste; user confirmed every listed output is masterable.
Purple Shirt,purple shirt,10,0,confirmed_masterable,user-supplied Workshop paste,2026-08-31,recipe_normalized_pending_reconciliation,Listed as craftable in the supplied non-exhaustive Workshop paste; user confirmed every listed output is masterable.
Purple Twine,purple twine,31811,0,confirmed_masterable,user-supplied Workshop paste,2026-08-31,recipe_normalized_pending_reconciliation,Listed as craftable in the supplied non-exhaustive Workshop paste; user confirmed every listed output is masterable.
Red Brick,red brick,32038,0,confirmed_masterable,user-supplied Workshop paste,2026-08-31,recipe_normalized_pending_reconciliation,Listed as craftable in the supplied non-exhaustive Workshop paste; user confirmed every listed output is masterable.
Red Diary,red diary,32180,0,confirmed_masterable,user-supplied Workshop paste,2026-08-31,recipe_normalized_pending_reconciliation,Listed as craftable in the supplied non-exhaustive Workshop paste; user confirmed every listed output is masterable.
Red Parchment,red parchment,8670,0,confirmed_masterable,user-supplied Workshop paste,2026-08-31,recipe_normalized_pending_reconciliation,Listed as craftable in the supplied non-exhaustive Workshop paste; user confirmed every listed output is masterable.
Red Shirt,red shirt,577,0,confirmed_masterable,user-supplied Workshop paste,2026-08-31,recipe_normalized_pending_reconciliation,Listed as craftable in the supplied non-exhaustive Workshop paste; user confirmed every listed output is masterable.
Red Trunk,red trunk,29189,0,confirmed_masterable,user-supplied Workshop paste,2026-08-31,recipe_normalized_pending_reconciliation,Listed as craftable in the supplied non-exhaustive Workshop paste; user confirmed every listed output is masterable.
Redbrook Patch,redbrook patch,2,0,confirmed_masterable,user-supplied Workshop paste,2026-08-31,recipe_normalized_pending_reconciliation,Listed as craftable in the supplied non-exhaustive Workshop paste; user confirmed every listed output is masterable.
Refined Esperium,refined esperium,0,0,confirmed_masterable,user-supplied Workshop paste,2026-08-31,recipe_normalized_pending_reconciliation,Listed as craftable in the supplied non-exhaustive Workshop paste; user confirmed every listed output is masterable.
Refined Plum Ore,refined plum ore,54,0,confirmed_masterable,user-supplied Workshop paste,2026-08-31,recipe_normalized_pending_reconciliation,Listed as craftable in the supplied non-exhaustive Workshop paste; user confirmed every listed output is masterable.
Reforged Sword,reforged sword,0,0,confirmed_masterable,user-supplied Workshop paste,2026-08-31,recipe_normalized_pending_reconciliation,Listed as craftable in the supplied non-exhaustive Workshop paste; user confirmed every listed output is masterable.
Reinforced Helmet,reinforced helmet,13611,0,confirmed_masterable,user-supplied Workshop paste,2026-08-31,recipe_normalized_pending_reconciliation,Listed as craftable in the supplied non-exhaustive Workshop paste; user confirmed every listed output is masterable.
Salt,salt,30119,0,confirmed_masterable,user-supplied Workshop paste,2026-08-31,recipe_normalized_pending_reconciliation,Listed as craftable in the supplied non-exhaustive Workshop paste; user confirmed every listed output is masterable.
Scissors,scissors,32180,0,confirmed_masterable,user-supplied Workshop paste,2026-08-31,recipe_normalized_pending_reconciliation,Listed as craftable in the supplied non-exhaustive Workshop paste; user confirmed every listed output is masterable.
Sewing Needle,sewing needle,31146,0,confirmed_masterable,user-supplied Workshop paste,2026-08-31,recipe_normalized_pending_reconciliation,Listed as craftable in the supplied non-exhaustive Workshop paste; user confirmed every listed output is masterable.
Shining Earrings,shining earrings,2,0,confirmed_masterable,user-supplied Workshop paste,2026-08-31,recipe_normalized_pending_reconciliation,Listed as craftable in the supplied non-exhaustive Workshop paste; user confirmed every listed output is masterable.
Ship in a Bottle,ship in a bottle,630,0,confirmed_masterable,user-supplied Workshop paste,2026-08-31,recipe_normalized_pending_reconciliation,Listed as craftable in the supplied non-exhaustive Workshop paste; user confirmed every listed output is masterable.
Snow Shoes,snow shoes,13697,0,confirmed_masterable,user-supplied Workshop paste,2026-08-31,recipe_normalized_pending_reconciliation,Listed as craftable in the supplied non-exhaustive Workshop paste; user confirmed every listed output is masterable.
Spiky Bracelet,spiky bracelet,30465,0,confirmed_masterable,user-supplied Workshop paste,2026-08-31,recipe_normalized_pending_reconciliation,Listed as craftable in the supplied non-exhaustive Workshop paste; user confirmed every listed output is masterable.
Spoon,spoon,32161,0,confirmed_masterable,user-supplied Workshop paste,2026-08-31,recipe_normalized_pending_reconciliation,Listed as craftable in the supplied non-exhaustive Workshop paste; user confirmed every listed output is masterable.
Stained Glass Art,stained glass art,0,0,confirmed_masterable,user-supplied Workshop paste,2026-08-31,recipe_normalized_pending_reconciliation,Listed as craftable in the supplied non-exhaustive Workshop paste; user confirmed every listed output is masterable.
Steel Buckle,steel buckle,10313,0,confirmed_masterable,user-supplied Workshop paste,2026-08-31,recipe_normalized_pending_reconciliation,Listed as craftable in the supplied non-exhaustive Workshop paste; user confirmed every listed output is masterable.
Steel Vise,steel vise,18924,0,confirmed_masterable,user-supplied Workshop paste,2026-08-31,recipe_normalized_pending_reconciliation,Listed as craftable in the supplied non-exhaustive Workshop paste; user confirmed every listed output is masterable.
Strong Wire,strong wire,0,0,confirmed_masterable,user-supplied Workshop paste,2026-08-31,recipe_normalized_pending_reconciliation,Listed as craftable in the supplied non-exhaustive Workshop paste; user confirmed every listed output is masterable.
Sunflower Oil,sunflower oil,6073,0,confirmed_masterable,user-supplied Workshop paste,2026-08-31,recipe_normalized_pending_reconciliation,Listed as craftable in the supplied non-exhaustive Workshop paste; user confirmed every listed output is masterable.
Sunstone Ring,sunstone ring,0,0,confirmed_masterable,user-supplied Workshop paste,2026-08-31,recipe_normalized_pending_reconciliation,Listed as craftable in the supplied non-exhaustive Workshop paste; user confirmed every listed output is masterable.
Tie Dye Scarf,tie dye scarf,30686,0,confirmed_masterable,user-supplied Workshop paste,2026-08-31,recipe_normalized_pending_reconciliation,Listed as craftable in the supplied non-exhaustive Workshop paste; user confirmed every listed output is masterable.
White Cloak,white cloak,278,0,confirmed_masterable,user-supplied Workshop paste,2026-08-31,recipe_normalized_pending_reconciliation,Listed as craftable in the supplied non-exhaustive Workshop paste; user confirmed every listed output is masterable.
White Dye,white dye,0,0,confirmed_masterable,user-supplied Workshop paste,2026-08-31,recipe_normalized_pending_reconciliation,Listed as craftable in the supplied non-exhaustive Workshop paste; user confirmed every listed output is masterable.
White Purse,white purse,8993,0,confirmed_masterable,user-supplied Workshop paste,2026-08-31,recipe_normalized_pending_reconciliation,Listed as craftable in the supplied non-exhaustive Workshop paste; user confirmed every listed output is masterable.
White Scarf,white scarf,25123,0,confirmed_masterable,user-supplied Workshop paste,2026-08-31,recipe_normalized_pending_reconciliation,Listed as craftable in the supplied non-exhaustive Workshop paste; user confirmed every listed output is masterable.
White Shirt,white shirt,26,0,confirmed_masterable,user-supplied Workshop paste,2026-08-31,recipe_normalized_pending_reconciliation,Listed as craftable in the supplied non-exhaustive Workshop paste; user confirmed every listed output is masterable.
White Twine,white twine,24995,0,confirmed_masterable,user-supplied Workshop paste,2026-08-31,recipe_normalized_pending_reconciliation,Listed as craftable in the supplied non-exhaustive Workshop paste; user confirmed every listed output is masterable.
Wizard Hat,wizard hat,28468,0,confirmed_masterable,user-supplied Workshop paste,2026-08-31,recipe_normalized_pending_reconciliation,Listed as craftable in the supplied non-exhaustive Workshop paste; user confirmed every listed output is masterable.
Wood Planer,wood planer,2697,0,confirmed_masterable,user-supplied Workshop paste,2026-08-31,recipe_normalized_pending_reconciliation,Listed as craftable in the supplied non-exhaustive Workshop paste; user confirmed every listed output is masterable.
Wooden Bow,wooden bow,30003,0,confirmed_masterable,user-supplied Workshop paste,2026-08-31,recipe_normalized_pending_reconciliation,Listed as craftable in the supplied non-exhaustive Workshop paste; user confirmed every listed output is masterable.
Wooden Button,wooden button,32163,0,confirmed_masterable,user-supplied Workshop paste,2026-08-31,recipe_normalized_pending_reconciliation,Listed as craftable in the supplied non-exhaustive Workshop paste; user confirmed every listed output is masterable.
Wooden Footstool,wooden footstool,1989,0,confirmed_masterable,user-supplied Workshop paste,2026-08-31,recipe_normalized_pending_reconciliation,Listed as craftable in the supplied non-exhaustive Workshop paste; user confirmed every listed output is masterable.
Wooden Spear,wooden spear,32160,0,confirmed_masterable,user-supplied Workshop paste,2026-08-31,recipe_normalized_pending_reconciliation,Listed as craftable in the supplied non-exhaustive Workshop paste; user confirmed every listed output is masterable.
Wooden Sword,wooden sword,32180,0,confirmed_masterable,user-supplied Workshop paste,2026-08-31,recipe_normalized_pending_reconciliation,Listed as craftable in the supplied non-exhaustive Workshop paste; user confirmed every listed output is masterable.
Wrench,wrench,7444,0,confirmed_masterable,user-supplied Workshop paste,2026-08-31,recipe_normalized_pending_reconciliation,Listed as craftable in the supplied non-exhaustive Workshop paste; user confirmed every listed output is masterable.
Yarn,yarn,32180,0,confirmed_masterable,user-supplied Workshop paste,2026-08-31,recipe_normalized_pending_reconciliation,Listed as craftable in the supplied non-exhaustive Workshop paste; user confirmed every listed output is masterable.
Yellow Shirt,yellow shirt,32064,0,confirmed_masterable,user-supplied Workshop paste,2026-08-31,recipe_normalized_pending_reconciliation,Listed as craftable in the supplied non-exhaustive Workshop paste; user confirmed every listed output is masterable.
