item_name,item_buddy_url,used_in_item_name,used_in_buddy_url,quantity
3-leaf Clover,https://buddy.farm/i/3-leaf-clover/,Crown of Clover,https://buddy.farm/i/crown-of-clover/,20
3-leaf Clover,https://buddy.farm/i/3-leaf-clover/,Shamrock Milk,https://buddy.farm/i/shamrock-milk/,50
4-leaf Clover,https://buddy.farm/i/4-leaf-clover/,Crown of Clover,https://buddy.farm/i/crown-of-clover/,2
4-leaf Clover,https://buddy.farm/i/4-leaf-clover/,Shamrock Milk,https://buddy.farm/i/shamrock-milk/,10
4-leaf Clover,https://buddy.farm/i/4-leaf-clover/,Green Top Hat,https://buddy.farm/i/green-top-hat/,4
Acorn,https://buddy.farm/i/acorn/,Acorn Butter,https://buddy.farm/i/acorn-butter/,75
Amber,https://buddy.farm/i/amber/,Amber Cane,https://buddy.farm/i/amber-cane/,1
Amber Mire Bloom,https://buddy.farm/i/amber-mire-bloom/,Orange Dye,https://buddy.farm/i/orange-dye/,4
Amethyst,https://buddy.farm/i/amethyst/,Amethyst Necklace,https://buddy.farm/i/amethyst-necklace/,1
Amethyst,https://buddy.farm/i/amethyst/,Linked Lantern,https://buddy.farm/i/linked-lantern/,1
Antler,https://buddy.farm/i/antler/,Fishing Net,https://buddy.farm/i/fishing-net/,1
Apple,https://buddy.farm/i/apple/,Fruit Punch,https://buddy.farm/i/fruit-punch/,25
Apple,https://buddy.farm/i/apple/,Apple Cider,https://buddy.farm/i/apple-cider/,40
Aquamarine,https://buddy.farm/i/aquamarine/,Aquamarine Ring,https://buddy.farm/i/aquamarine-ring/,1
Aquamarine,https://buddy.farm/i/aquamarine/,Linked Lantern,https://buddy.farm/i/linked-lantern/,1
Aquamarine,https://buddy.farm/i/aquamarine/,Compass,https://buddy.farm/i/compass/,1
Aquamarine,https://buddy.farm/i/aquamarine/,Mystic Ring,https://buddy.farm/i/mystic-ring/,1
Aquamarine,https://buddy.farm/i/aquamarine/,Gold Aquamarine Ring,https://buddy.farm/i/gold-aquamarine-ring/,1
Arrowhead,https://buddy.farm/i/arrowhead/,Crossbow,https://buddy.farm/i/crossbow/,1
Arrowhead,https://buddy.farm/i/arrowhead/,Wooden Spear,https://buddy.farm/i/wooden-spear/,1
Awl,https://buddy.farm/i/awl/,Bamboo Flute,https://buddy.farm/i/bamboo-flute/,1
Awl,https://buddy.farm/i/awl/,Rucksack,https://buddy.farm/i/rucksack/,2
Awl,https://buddy.farm/i/awl/,Handsaw,https://buddy.farm/i/handsaw/,1
Awl,https://buddy.farm/i/awl/,Leather Belt,https://buddy.farm/i/leather-belt/,1
Awl,https://buddy.farm/i/awl/,Wooden Button,https://buddy.farm/i/wooden-button/,1
Awl,https://buddy.farm/i/awl/,Sewing Needle,https://buddy.farm/i/sewing-needle/,1
Axe,https://buddy.farm/i/axe/,Tin Scraps,https://buddy.farm/i/tin-scraps/,1
Axe,https://buddy.farm/i/axe/,Block of Wood,https://buddy.farm/i/block-of-wood/,1
Axe,https://buddy.farm/i/axe/,Spoon,https://buddy.farm/i/spoon/,1
Bamboo,https://buddy.farm/i/bamboo/,Bamboo Rope,https://buddy.farm/i/bamboo-rope/,4
Bamboo,https://buddy.farm/i/bamboo/,Bamboo Flute,https://buddy.farm/i/bamboo-flute/,2
Bamboo,https://buddy.farm/i/bamboo/,Bamboo Fence,https://buddy.farm/i/bamboo-fence/,35
Bamboo,https://buddy.farm/i/bamboo/,Bamboo Trellis,https://buddy.farm/i/bamboo-trellis/,20
Bamboo,https://buddy.farm/i/bamboo/,Bamboo Chair,https://buddy.farm/i/bamboo-chair/,30
Basic Pillow,https://buddy.farm/i/basic-pillow/,Bamboo Chair,https://buddy.farm/i/bamboo-chair/,1
Beet,https://buddy.farm/i/beet/,Veggie Juice,https://buddy.farm/i/veggie-juice/,15
Belt Drive,https://buddy.farm/i/belt-drive/,Engine,https://buddy.farm/i/engine/,1
Black Dye,https://buddy.farm/i/black-dye/,Black Twine,https://buddy.farm/i/black-twine/,1
Black Dye,https://buddy.farm/i/black-dye/,Black Purse,https://buddy.farm/i/black-purse/,1
Black Dye,https://buddy.farm/i/black-dye/,Black Bag,https://buddy.farm/i/black-bag/,1
Black Dye,https://buddy.farm/i/black-dye/,Black Shield,https://buddy.farm/i/black-shield/,1
Black Dye,https://buddy.farm/i/black-dye/,Black Scarf,https://buddy.farm/i/black-scarf/,1
Black Dye,https://buddy.farm/i/black-dye/,Black Shirt,https://buddy.farm/i/black-shirt/,1
Black Dye,https://buddy.farm/i/black-dye/,Black Cloak,https://buddy.farm/i/black-cloak/,10
Black Powder,https://buddy.farm/i/black-powder/,Explosive,https://buddy.farm/i/explosive/,2
Black Powder,https://buddy.farm/i/black-powder/,Bottle Rocket,https://buddy.farm/i/bottle-rocket/,1
Black Powder,https://buddy.farm/i/black-powder/,Cannon,https://buddy.farm/i/cannon/,10
Black Twine,https://buddy.farm/i/black-twine/,Black Cloak,https://buddy.farm/i/black-cloak/,10
Block of Wood,https://buddy.farm/i/block-of-wood/,Grand Piano,https://buddy.farm/i/grand-piano/,8
Blue Dye,https://buddy.farm/i/blue-dye/,Blue Purse,https://buddy.farm/i/blue-purse/,1
Blue Dye,https://buddy.farm/i/blue-dye/,Blue Twine,https://buddy.farm/i/blue-twine/,1
Blue Dye,https://buddy.farm/i/blue-dye/,Fancy Pan Flute,https://buddy.farm/i/fancy-pan-flute/,1
Blue Dye,https://buddy.farm/i/blue-dye/,Steel Vise,https://buddy.farm/i/steel-vise/,2
Blue Dye,https://buddy.farm/i/blue-dye/,Blue Butterfly,https://buddy.farm/i/blue-butterfly/,1
Blue Dye,https://buddy.farm/i/blue-dye/,Blue Shirt,https://buddy.farm/i/blue-shirt/,1
Blue Dye,https://buddy.farm/i/blue-dye/,Tie Dye Scarf,https://buddy.farm/i/tie-dye-scarf/,1
Blue Dye,https://buddy.farm/i/blue-dye/,Propeller Hat,https://buddy.farm/i/propeller-hat/,2
Blue Feathers,https://buddy.farm/i/blue-feathers/,Blue Parchment,https://buddy.farm/i/blue-parchment/,3
Blue Feathers,https://buddy.farm/i/blue-feathers/,Blue Dye,https://buddy.farm/i/blue-dye/,3
Blue Feathers,https://buddy.farm/i/blue-feathers/,Magus Hat,https://buddy.farm/i/magus-hat/,10
Blue Flowers,https://buddy.farm/i/blue-flowers/,Bouquet of Flowers,https://buddy.farm/i/bouquet-of-flowers/,2
Blue Gel,https://buddy.farm/i/blue-gel/,Canoe,https://buddy.farm/i/canoe/,10
Blue Gel,https://buddy.farm/i/blue-gel/,Pear Grease,https://buddy.farm/i/pear-grease/,5
Blue Gel,https://buddy.farm/i/blue-gel/,Frost Shield,https://buddy.farm/i/frost-shield/,3
Blue Parchment,https://buddy.farm/i/blue-parchment/,Blue Diary,https://buddy.farm/i/blue-diary/,1
Blue Shell,https://buddy.farm/i/blue-shell/,Seashell Necklace,https://buddy.farm/i/seashell-necklace/,1
Blue Twine,https://buddy.farm/i/blue-twine/,Rucksack,https://buddy.farm/i/rucksack/,4
Board,https://buddy.farm/i/board/,Wooden Barrel,https://buddy.farm/i/wooden-barrel/,10
Board,https://buddy.farm/i/board/,Looking Glass,https://buddy.farm/i/looking-glass/,3
Board,https://buddy.farm/i/board/,Magnifying Glass,https://buddy.farm/i/magnifying-glass/,1
Board,https://buddy.farm/i/board/,Shovel,https://buddy.farm/i/shovel/,1
Board,https://buddy.farm/i/board/,Hammer,https://buddy.farm/i/hammer/,1
Board,https://buddy.farm/i/board/,Bucket,https://buddy.farm/i/bucket/,5
Board,https://buddy.farm/i/board/,Broom,https://buddy.farm/i/broom/,1
Board,https://buddy.farm/i/board/,Fire Ant Farm,https://buddy.farm/i/fire-ant-farm/,4
Board,https://buddy.farm/i/board/,Wooden Table,https://buddy.farm/i/wooden-table/,8
Board,https://buddy.farm/i/board/,Explosive,https://buddy.farm/i/explosive/,3
Board,https://buddy.farm/i/board/,Ship Mast,https://buddy.farm/i/ship-mast/,24
Board,https://buddy.farm/i/board/,Ladder,https://buddy.farm/i/ladder/,6
Board,https://buddy.farm/i/board/,Pitchfork,https://buddy.farm/i/pitchfork/,1
Board,https://buddy.farm/i/board/,Axe,https://buddy.farm/i/axe/,1
Board,https://buddy.farm/i/board/,Wooden Sword,https://buddy.farm/i/wooden-sword/,1
Board,https://buddy.farm/i/board/,Wagon Wheel,https://buddy.farm/i/wagon-wheel/,12
Board,https://buddy.farm/i/board/,Nailed Board,https://buddy.farm/i/nailed-board/,1
Board,https://buddy.farm/i/board/,Cannon,https://buddy.farm/i/cannon/,12
Board,https://buddy.farm/i/board/,Pickaxe,https://buddy.farm/i/pickaxe/,1
Board,https://buddy.farm/i/board/,Canoe,https://buddy.farm/i/canoe/,4
Board,https://buddy.farm/i/board/,Machine Press,https://buddy.farm/i/machine-press/,10
Board,https://buddy.farm/i/board/,Butter Churn,https://buddy.farm/i/butter-churn/,1
Board,https://buddy.farm/i/board/,Wooden Plank,https://buddy.farm/i/wooden-plank/,4
Board,https://buddy.farm/i/board/,Bamboo Fence,https://buddy.farm/i/bamboo-fence/,10
Bone,https://buddy.farm/i/bone/,Bone Pickaxe,https://buddy.farm/i/bone-pickaxe/,1
Bone,https://buddy.farm/i/bone/,Sewing Needle,https://buddy.farm/i/sewing-needle/,1
Bone,https://buddy.farm/i/bone/,Amber Cane,https://buddy.farm/i/amber-cane/,1
Bone,https://buddy.farm/i/bone/,Spoon,https://buddy.farm/i/spoon/,1
Broken Pipe,https://buddy.farm/i/broken-pipe/,Kill Switch,https://buddy.farm/i/kill-switch/,1
Broken Pipe,https://buddy.farm/i/broken-pipe/,Steel Vise,https://buddy.farm/i/steel-vise/,1
Broken Pipe,https://buddy.farm/i/broken-pipe/,Metal Spool,https://buddy.farm/i/metal-spool/,1
Broken Pipe,https://buddy.farm/i/broken-pipe/,Control Box,https://buddy.farm/i/control-box/,3
Broken Pipe,https://buddy.farm/i/broken-pipe/,Power Monitor,https://buddy.farm/i/power-monitor/,1
Brown Dye,https://buddy.farm/i/brown-dye/,Brown Twine,https://buddy.farm/i/brown-twine/,1
Brown Dye,https://buddy.farm/i/brown-dye/,Brown Bag,https://buddy.farm/i/brown-bag/,1
Brown Dye,https://buddy.farm/i/brown-dye/,Brown Cloak,https://buddy.farm/i/brown-cloak/,10
Bucket,https://buddy.farm/i/bucket/,Ship Mast,https://buddy.farm/i/ship-mast/,1
Bucket,https://buddy.farm/i/bucket/,Re'taw Pail,https://buddy.farm/i/re-taw-pail/,1
Bucket,https://buddy.farm/i/bucket/,Chum,https://buddy.farm/i/chum/,1
Bucket,https://buddy.farm/i/bucket/,Machine Press,https://buddy.farm/i/machine-press/,1
Bucket,https://buddy.farm/i/bucket/,Red Brick,https://buddy.farm/i/red-brick/,5
Butter Churn,https://buddy.farm/i/butter-churn/,Butter,https://buddy.farm/i/butter/,1
Carbon Sphere,https://buddy.farm/i/carbon-sphere/,Steel,https://buddy.farm/i/steel/,1
Carbon Sphere,https://buddy.farm/i/carbon-sphere/,Steel Wire,https://buddy.farm/i/steel-wire/,1
Carrot,https://buddy.farm/i/carrot/,Veggie Juice,https://buddy.farm/i/veggie-juice/,7
Caterpillar,https://buddy.farm/i/caterpillar/,Purple Butterfly,https://buddy.farm/i/purple-butterfly/,1
Caterpillar,https://buddy.farm/i/caterpillar/,Orange Butterfly,https://buddy.farm/i/orange-butterfly/,1
Caterpillar,https://buddy.farm/i/caterpillar/,Yellow Butterfly,https://buddy.farm/i/yellow-butterfly/,1
Caterpillar,https://buddy.farm/i/caterpillar/,Green Butterfly,https://buddy.farm/i/green-butterfly/,1
Caterpillar,https://buddy.farm/i/caterpillar/,Blue Butterfly,https://buddy.farm/i/blue-butterfly/,1
Caterpillar,https://buddy.farm/i/caterpillar/,Red Butterfly,https://buddy.farm/i/red-butterfly/,1
Caterpillar,https://buddy.farm/i/caterpillar/,Silk,https://buddy.farm/i/silk/,3
Clam Shell,https://buddy.farm/i/clam-shell/,Seashell Necklace,https://buddy.farm/i/seashell-necklace/,1
Cloth,https://buddy.farm/i/cloth/,Blue Shirt,https://buddy.farm/i/blue-shirt/,10
Cloth,https://buddy.farm/i/cloth/,Red Shirt,https://buddy.farm/i/red-shirt/,10
Cloth,https://buddy.farm/i/cloth/,Black Shirt,https://buddy.farm/i/black-shirt/,10
Cloth,https://buddy.farm/i/cloth/,Basic Pillow,https://buddy.farm/i/basic-pillow/,2
Cloth,https://buddy.farm/i/cloth/,Purple Shirt,https://buddy.farm/i/purple-shirt/,10
Cloth,https://buddy.farm/i/cloth/,Green Shirt,https://buddy.farm/i/green-shirt/,10
Cloth,https://buddy.farm/i/cloth/,Orange Shirt,https://buddy.farm/i/orange-shirt/,10
Cloth,https://buddy.farm/i/cloth/,Yellow Shirt,https://buddy.farm/i/yellow-shirt/,10
Cloth,https://buddy.farm/i/cloth/,Propeller Hat,https://buddy.farm/i/propeller-hat/,25
Cloth,https://buddy.farm/i/cloth/,White Shirt,https://buddy.farm/i/white-shirt/,10
Coal,https://buddy.farm/i/coal/,Black Powder,https://buddy.farm/i/black-powder/,3
Coal,https://buddy.farm/i/coal/,Lantern,https://buddy.farm/i/lantern/,1
Coal,https://buddy.farm/i/coal/,Metal Spool,https://buddy.farm/i/metal-spool/,5
Cogwheel,https://buddy.farm/i/cogwheel/,Magna Core,https://buddy.farm/i/magna-core/,3
Cogwheel,https://buddy.farm/i/cogwheel/,Fancy Clock,https://buddy.farm/i/fancy-clock/,2
Coin Purse,https://buddy.farm/i/coin-purse/,Blue Purse,https://buddy.farm/i/blue-purse/,1
Coin Purse,https://buddy.farm/i/coin-purse/,White Purse,https://buddy.farm/i/white-purse/,1
Coin Purse,https://buddy.farm/i/coin-purse/,Yellow Purse,https://buddy.farm/i/yellow-purse/,1
Coin Purse,https://buddy.farm/i/coin-purse/,Black Purse,https://buddy.farm/i/black-purse/,1
Compass,https://buddy.farm/i/compass/,Y73841 Detector,https://buddy.farm/i/y73841-detector/,1
Conch Shell,https://buddy.farm/i/conch-shell/,Seashell Necklace,https://buddy.farm/i/seashell-necklace/,1
Control Box,https://buddy.farm/i/control-box/,Engine,https://buddy.farm/i/engine/,1
Copper Wire,https://buddy.farm/i/copper-wire/,Spool of Copper,https://buddy.farm/i/spool-of-copper/,10
Copper Wire,https://buddy.farm/i/copper-wire/,Power Monitor,https://buddy.farm/i/power-monitor/,1
Corn,https://buddy.farm/i/corn/,Corn Husk Doll,https://buddy.farm/i/corn-husk-doll/,3
Corn,https://buddy.farm/i/corn/,Corn Oil,https://buddy.farm/i/corn-oil/,8
Corn Oil,https://buddy.farm/i/corn-oil/,Mayonnaise,https://buddy.farm/i/mayonnaise/,1
Corn Oil,https://buddy.farm/i/corn-oil/,Fancy Table,https://buddy.farm/i/fancy-table/,1
Corn Oil,https://buddy.farm/i/corn-oil/,Polished Boot,https://buddy.farm/i/polished-boot/,1
Cotton,https://buddy.farm/i/cotton/,Green Cloak,https://buddy.farm/i/green-cloak/,1
Cotton,https://buddy.farm/i/cotton/,Sail Cloth,https://buddy.farm/i/sail-cloth/,5
Cotton,https://buddy.farm/i/cotton/,Black Cloak,https://buddy.farm/i/black-cloak/,1
Cotton,https://buddy.farm/i/cotton/,Fancy Chair,https://buddy.farm/i/fancy-chair/,6
Cotton,https://buddy.farm/i/cotton/,White Cloak,https://buddy.farm/i/white-cloak/,1
Cotton,https://buddy.farm/i/cotton/,Brown Cloak,https://buddy.farm/i/brown-cloak/,1
Cotton,https://buddy.farm/i/cotton/,Green Top Hat,https://buddy.farm/i/green-top-hat/,1
Cucumber,https://buddy.farm/i/cucumber/,Veggie Juice,https://buddy.farm/i/veggie-juice/,7
Diamond,https://buddy.farm/i/diamond/,Gold Diamond Ring,https://buddy.farm/i/gold-diamond-ring/,1
Duck Feather,https://buddy.farm/i/duck-feather/,Fancy Pillow,https://buddy.farm/i/fancy-pillow/,25
Eggplant,https://buddy.farm/i/eggplant/,Veggie Juice,https://buddy.farm/i/veggie-juice/,7
Eggs,https://buddy.farm/i/eggs/,Mayonnaise,https://buddy.farm/i/mayonnaise/,25
Emberstone,https://buddy.farm/i/emberstone/,Kill Switch,https://buddy.farm/i/kill-switch/,3
Emberstone,https://buddy.farm/i/emberstone/,Pie Pan,https://buddy.farm/i/pie-pan/,25
Emberstone,https://buddy.farm/i/emberstone/,Steel Plate,https://buddy.farm/i/steel-plate/,2
Emberstone,https://buddy.farm/i/emberstone/,Pitchfork,https://buddy.farm/i/pitchfork/,1
Emberstone,https://buddy.farm/i/emberstone/,Steel Buckle,https://buddy.farm/i/steel-buckle/,2
Emberstone,https://buddy.farm/i/emberstone/,Cannon,https://buddy.farm/i/cannon/,10
Emberstone,https://buddy.farm/i/emberstone/,Unpolished Shimmer Stone,https://buddy.farm/i/unpolished-shimmer-stone/,1
Emberstone,https://buddy.farm/i/emberstone/,Wrench,https://buddy.farm/i/wrench/,5
Emberstone,https://buddy.farm/i/emberstone/,Cooking Pot,https://buddy.farm/i/cooking-pot/,25
Emerald,https://buddy.farm/i/emerald/,Mystic Ring,https://buddy.farm/i/mystic-ring/,2
Emerald,https://buddy.farm/i/emerald/,Emerald Ring,https://buddy.farm/i/emerald-ring/,1
Emerald,https://buddy.farm/i/emerald/,Gold Emerald Ring,https://buddy.farm/i/gold-emerald-ring/,1
Energy Coil,https://buddy.farm/i/energy-coil/,Engine,https://buddy.farm/i/engine/,1
Fairy Crystal,https://buddy.farm/i/fairy-crystal/,Crystal Pickaxe,https://buddy.farm/i/crystal-pickaxe/,1
Fancy Chair,https://buddy.farm/i/fancy-chair/,Grand Piano,https://buddy.farm/i/grand-piano/,1
Feathers,https://buddy.farm/i/feathers/,White Parchment,https://buddy.farm/i/white-parchment/,3
Feathers,https://buddy.farm/i/feathers/,Explosive,https://buddy.farm/i/explosive/,1
Feathers,https://buddy.farm/i/feathers/,Bottle Rocket,https://buddy.farm/i/bottle-rocket/,2
Feathers,https://buddy.farm/i/feathers/,Basic Pillow,https://buddy.farm/i/basic-pillow/,25
Fern Leaf,https://buddy.farm/i/fern-leaf/,Wooden Bow,https://buddy.farm/i/wooden-bow/,1
Fern Leaf,https://buddy.farm/i/fern-leaf/,Green Parchment,https://buddy.farm/i/green-parchment/,3
Fern Leaf,https://buddy.farm/i/fern-leaf/,Green Dye,https://buddy.farm/i/green-dye/,6
Fern Leaf,https://buddy.farm/i/fern-leaf/,Green Top Hat,https://buddy.farm/i/green-top-hat/,6
Fire Ant,https://buddy.farm/i/fire-ant/,Fire Ant Farm,https://buddy.farm/i/fire-ant-farm/,25
Fishing Net,https://buddy.farm/i/fishing-net/,Large Net,https://buddy.farm/i/large-net/,25
Flarite,https://buddy.farm/i/flarite/,Steel Pickaxe,https://buddy.farm/i/steel-pickaxe/,1
Flywheel,https://buddy.farm/i/flywheel/,Magna Core,https://buddy.farm/i/magna-core/,2
Flywheel,https://buddy.farm/i/flywheel/,Engine,https://buddy.farm/i/engine/,1
Frost Snapper Shell,https://buddy.farm/i/frost-snapper-shell/,Frost Shield,https://buddy.farm/i/frost-shield/,1
Garnet,https://buddy.farm/i/garnet/,Garnet Ring,https://buddy.farm/i/garnet-ring/,1
Garnet,https://buddy.farm/i/garnet/,Gold Garnet Ring,https://buddy.farm/i/gold-garnet-ring/,1
Glass Bottle,https://buddy.farm/i/glass-bottle/,Corn Oil,https://buddy.farm/i/corn-oil/,1
Glass Bottle,https://buddy.farm/i/glass-bottle/,Grape Juice,https://buddy.farm/i/grape-juice/,1
Glass Bottle,https://buddy.farm/i/glass-bottle/,Lemonade,https://buddy.farm/i/lemonade/,1
Glass Bottle,https://buddy.farm/i/glass-bottle/,Iced Tea,https://buddy.farm/i/iced-tea/,1
Glass Bottle,https://buddy.farm/i/glass-bottle/,Green Dye,https://buddy.farm/i/green-dye/,1
Glass Bottle,https://buddy.farm/i/glass-bottle/,Hourglass,https://buddy.farm/i/hourglass/,2
Glass Bottle,https://buddy.farm/i/glass-bottle/,Blue Dye,https://buddy.farm/i/blue-dye/,1
Glass Bottle,https://buddy.farm/i/glass-bottle/,Purple Dye,https://buddy.farm/i/purple-dye/,1
Glass Bottle,https://buddy.farm/i/glass-bottle/,Pear Grease,https://buddy.farm/i/pear-grease/,1
Glass Bottle,https://buddy.farm/i/glass-bottle/,Ship in a Bottle,https://buddy.farm/i/ship-in-a-bottle/,1
Glass Bottle,https://buddy.farm/i/glass-bottle/,Lantern,https://buddy.farm/i/lantern/,1
Glass Bottle,https://buddy.farm/i/glass-bottle/,Wine,https://buddy.farm/i/wine/,1
Glass Bottle,https://buddy.farm/i/glass-bottle/,Red Dye,https://buddy.farm/i/red-dye/,1
Glass Bottle,https://buddy.farm/i/glass-bottle/,Acorn Butter,https://buddy.farm/i/acorn-butter/,1
Glass Bottle,https://buddy.farm/i/glass-bottle/,Orange Juice,https://buddy.farm/i/orange-juice/,1
Glass Bottle,https://buddy.farm/i/glass-bottle/,Apple Cider,https://buddy.farm/i/apple-cider/,1
Glass Bottle,https://buddy.farm/i/glass-bottle/,Peach Juice,https://buddy.farm/i/peach-juice/,1
Glass Bottle,https://buddy.farm/i/glass-bottle/,Sunflower Oil,https://buddy.farm/i/sunflower-oil/,1
Glass Bottle,https://buddy.farm/i/glass-bottle/,Fruit Punch,https://buddy.farm/i/fruit-punch/,1
Glass Bottle,https://buddy.farm/i/glass-bottle/,Veggie Juice,https://buddy.farm/i/veggie-juice/,1
Glass Bottle,https://buddy.farm/i/glass-bottle/,Orange Dye,https://buddy.farm/i/orange-dye/,1
Glass Bottle,https://buddy.farm/i/glass-bottle/,Yellow Dye,https://buddy.farm/i/yellow-dye/,1
Glass Bottle,https://buddy.farm/i/glass-bottle/,Brown Dye,https://buddy.farm/i/brown-dye/,1
Glass Bottle,https://buddy.farm/i/glass-bottle/,Black Dye,https://buddy.farm/i/black-dye/,1
Glass Bottle,https://buddy.farm/i/glass-bottle/,White Dye,https://buddy.farm/i/white-dye/,1
Glass Bottle,https://buddy.farm/i/glass-bottle/,Glowing Lantern,https://buddy.farm/i/glowing-lantern/,1
Glass Jar,https://buddy.farm/i/glass-jar/,Mayonnaise,https://buddy.farm/i/mayonnaise/,1
Glass Jar,https://buddy.farm/i/glass-jar/,Rucksack,https://buddy.farm/i/rucksack/,3
Glass Orb,https://buddy.farm/i/glass-orb/,Glass Bottle,https://buddy.farm/i/glass-bottle/,1
Glass Orb,https://buddy.farm/i/glass-orb/,Looking Glass,https://buddy.farm/i/looking-glass/,1
Glass Orb,https://buddy.farm/i/glass-orb/,Magnifying Glass,https://buddy.farm/i/magnifying-glass/,1
Glass Orb,https://buddy.farm/i/glass-orb/,Compass,https://buddy.farm/i/compass/,1
Glass Orb,https://buddy.farm/i/glass-orb/,Glass Jar,https://buddy.farm/i/glass-jar/,3
Glass Orb,https://buddy.farm/i/glass-orb/,Fire Ant Farm,https://buddy.farm/i/fire-ant-farm/,3
Glass Orb,https://buddy.farm/i/glass-orb/,Energy Coil,https://buddy.farm/i/energy-coil/,1
Glass Orb,https://buddy.farm/i/glass-orb/,Fancy Clock,https://buddy.farm/i/fancy-clock/,4
Glass Orb,https://buddy.farm/i/glass-orb/,Essence of Slime,https://buddy.farm/i/essence-of-slime/,1
Glass Orb,https://buddy.farm/i/glass-orb/,Fancy Table,https://buddy.farm/i/fancy-table/,8
Glass Orb,https://buddy.farm/i/glass-orb/,Steel Vise,https://buddy.farm/i/steel-vise/,2
Glass Orb,https://buddy.farm/i/glass-orb/,Steel,https://buddy.farm/i/steel/,1
Glowshroom,https://buddy.farm/i/glowshroom/,Glowing Lantern,https://buddy.farm/i/glowing-lantern/,4
Glowshroom,https://buddy.farm/i/glowshroom/,Strong Paste,https://buddy.farm/i/strong-paste/,2
Gold Boot,https://buddy.farm/i/gold-boot/,Pair of Gold Boots,https://buddy.farm/i/pair-of-gold-boots/,2
Gold Leaf,https://buddy.farm/i/gold-leaf/,Magus Hat,https://buddy.farm/i/magus-hat/,1
Gold Leaf,https://buddy.farm/i/gold-leaf/,Fancy Sword,https://buddy.farm/i/fancy-sword/,2
Gold Ring,https://buddy.farm/i/gold-ring/,Gold Diamond Ring,https://buddy.farm/i/gold-diamond-ring/,1
Gold Ring,https://buddy.farm/i/gold-ring/,Gold Jade Ring,https://buddy.farm/i/gold-jade-ring/,1
Gold Ring,https://buddy.farm/i/gold-ring/,Gold Lemon Quartz Ring,https://buddy.farm/i/gold-lemon-quartz-ring/,1
Gold Ring,https://buddy.farm/i/gold-ring/,Gold Ruby Ring,https://buddy.farm/i/gold-ruby-ring/,1
Gold Ring,https://buddy.farm/i/gold-ring/,Gold Emerald Ring,https://buddy.farm/i/gold-emerald-ring/,1
Gold Ring,https://buddy.farm/i/gold-ring/,Gold Garnet Ring,https://buddy.farm/i/gold-garnet-ring/,1
Gold Ring,https://buddy.farm/i/gold-ring/,Gold Aquamarine Ring,https://buddy.farm/i/gold-aquamarine-ring/,1
Grapes,https://buddy.farm/i/grapes/,Wine,https://buddy.farm/i/wine/,100
Grapes,https://buddy.farm/i/grapes/,Grape Juice,https://buddy.farm/i/grape-juice/,200
Grapes,https://buddy.farm/i/grapes/,Fruit Punch,https://buddy.farm/i/fruit-punch/,25
Green Dye,https://buddy.farm/i/green-dye/,Green Scarf,https://buddy.farm/i/green-scarf/,1
Green Dye,https://buddy.farm/i/green-dye/,Green Top Hat,https://buddy.farm/i/green-top-hat/,4
Green Dye,https://buddy.farm/i/green-dye/,Green Cloak,https://buddy.farm/i/green-cloak/,10
Green Dye,https://buddy.farm/i/green-dye/,Green Twine,https://buddy.farm/i/green-twine/,1
Green Dye,https://buddy.farm/i/green-dye/,Fancy Chair,https://buddy.farm/i/fancy-chair/,1
Green Dye,https://buddy.farm/i/green-dye/,Gainite,https://buddy.farm/i/gainite/,500
Green Dye,https://buddy.farm/i/green-dye/,Green Shield,https://buddy.farm/i/green-shield/,1
Green Dye,https://buddy.farm/i/green-dye/,Grand Piano,https://buddy.farm/i/grand-piano/,5
Green Dye,https://buddy.farm/i/green-dye/,Green Butterfly,https://buddy.farm/i/green-butterfly/,1
Green Dye,https://buddy.farm/i/green-dye/,Tie Dye Scarf,https://buddy.farm/i/tie-dye-scarf/,1
Green Dye,https://buddy.farm/i/green-dye/,Green Shirt,https://buddy.farm/i/green-shirt/,1
Green Dye,https://buddy.farm/i/green-dye/,Propeller Hat,https://buddy.farm/i/propeller-hat/,2
Green Parchment,https://buddy.farm/i/green-parchment/,Green Diary,https://buddy.farm/i/green-diary/,1
Green Twine,https://buddy.farm/i/green-twine/,Rucksack,https://buddy.farm/i/rucksack/,4
Green Twine,https://buddy.farm/i/green-twine/,Glowing Lantern,https://buddy.farm/i/glowing-lantern/,2
Grubs,https://buddy.farm/i/grubs/,Chum,https://buddy.farm/i/chum/,7
Hammer,https://buddy.farm/i/hammer/,Gazebo,https://buddy.farm/i/gazebo/,1
Hammer,https://buddy.farm/i/hammer/,Frost Shield,https://buddy.farm/i/frost-shield/,1
Hammer,https://buddy.farm/i/hammer/,Grand Piano,https://buddy.farm/i/grand-piano/,1
Hammer,https://buddy.farm/i/hammer/,Handsaw,https://buddy.farm/i/handsaw/,1
Hammer,https://buddy.farm/i/hammer/,Essence of Slime,https://buddy.farm/i/essence-of-slime/,1
Hammer,https://buddy.farm/i/hammer/,Steel Buckle,https://buddy.farm/i/steel-buckle/,1
Hammer,https://buddy.farm/i/hammer/,Salt,https://buddy.farm/i/salt/,1
Hammer,https://buddy.farm/i/hammer/,Propeller Hat,https://buddy.farm/i/propeller-hat/,1
Handsaw,https://buddy.farm/i/handsaw/,Oak Table,https://buddy.farm/i/oak-table/,1
Handsaw,https://buddy.farm/i/handsaw/,Grand Piano,https://buddy.farm/i/grand-piano/,1
Handsaw,https://buddy.farm/i/handsaw/,Snow Shoes,https://buddy.farm/i/snow-shoes/,1
Handsaw,https://buddy.farm/i/handsaw/,Block of Wood,https://buddy.farm/i/block-of-wood/,1
Hide,https://buddy.farm/i/hide/,Reinforced Helmet,https://buddy.farm/i/reinforced-helmet/,4
Hide,https://buddy.farm/i/hide/,Leather Helmet,https://buddy.farm/i/leather-helmet/,2
Hide,https://buddy.farm/i/hide/,Leather,https://buddy.farm/i/leather/,2
Horn,https://buddy.farm/i/horn/,Grand Piano,https://buddy.farm/i/grand-piano/,88
Horn,https://buddy.farm/i/horn/,Veggie Juice,https://buddy.farm/i/veggie-juice/,2
Horn,https://buddy.farm/i/horn/,Horn Canteen,https://buddy.farm/i/horn-canteen/,1
Horn Canteen,https://buddy.farm/i/horn-canteen/,Rucksack,https://buddy.farm/i/rucksack/,2
Iced Tea,https://buddy.farm/i/iced-tea/,Arnold Palmer,https://buddy.farm/i/arnold-palmer/,1
Iron,https://buddy.farm/i/iron/,Wooden Barrel,https://buddy.farm/i/wooden-barrel/,4
Iron,https://buddy.farm/i/iron/,Looking Glass,https://buddy.farm/i/looking-glass/,1
Iron,https://buddy.farm/i/iron/,Fishing Net,https://buddy.farm/i/fishing-net/,4
Iron,https://buddy.farm/i/iron/,Magnifying Glass,https://buddy.farm/i/magnifying-glass/,3
Iron,https://buddy.farm/i/iron/,Iron Cup,https://buddy.farm/i/iron-cup/,3
Iron,https://buddy.farm/i/iron/,Shovel,https://buddy.farm/i/shovel/,2
Iron,https://buddy.farm/i/iron/,Hammer,https://buddy.farm/i/hammer/,1
Iron,https://buddy.farm/i/iron/,Sturdy Sword,https://buddy.farm/i/sturdy-sword/,2
Iron,https://buddy.farm/i/iron/,Fancy Pipe,https://buddy.farm/i/fancy-pipe/,1
Iron,https://buddy.farm/i/iron/,Fancy Guitar,https://buddy.farm/i/fancy-guitar/,4
Iron,https://buddy.farm/i/iron/,Wooden Bow,https://buddy.farm/i/wooden-bow/,2
Iron,https://buddy.farm/i/iron/,Bucket,https://buddy.farm/i/bucket/,1
Iron,https://buddy.farm/i/iron/,Lantern,https://buddy.farm/i/lantern/,3
Iron,https://buddy.farm/i/iron/,Power Monitor,https://buddy.farm/i/power-monitor/,10
Iron,https://buddy.farm/i/iron/,Horseshoe,https://buddy.farm/i/horseshoe/,5
Iron,https://buddy.farm/i/iron/,Treasure Chest,https://buddy.farm/i/treasure-chest/,12
Iron,https://buddy.farm/i/iron/,Wooden Shield,https://buddy.farm/i/wooden-shield/,1
Iron,https://buddy.farm/i/iron/,Axe,https://buddy.farm/i/axe/,1
Iron,https://buddy.farm/i/iron/,Wooden Sword,https://buddy.farm/i/wooden-sword/,2
Iron,https://buddy.farm/i/iron/,Steel Wire,https://buddy.farm/i/steel-wire/,10
Iron,https://buddy.farm/i/iron/,Sturdy Shield,https://buddy.farm/i/sturdy-shield/,6
Iron,https://buddy.farm/i/iron/,Awl,https://buddy.farm/i/awl/,1
Iron,https://buddy.farm/i/iron/,Iron Ring,https://buddy.farm/i/iron-ring/,2
Iron,https://buddy.farm/i/iron/,Pickaxe,https://buddy.farm/i/pickaxe/,2
Iron,https://buddy.farm/i/iron/,Steel,https://buddy.farm/i/steel/,10
Iron,https://buddy.farm/i/iron/,Sturdy Box,https://buddy.farm/i/sturdy-box/,2
Iron,https://buddy.farm/i/iron/,Green Shield,https://buddy.farm/i/green-shield/,3
Iron,https://buddy.farm/i/iron/,Cooking Pot,https://buddy.farm/i/cooking-pot/,25
Iron,https://buddy.farm/i/iron/,Crossbow,https://buddy.farm/i/crossbow/,2
Iron,https://buddy.farm/i/iron/,Glowing Lantern,https://buddy.farm/i/glowing-lantern/,3
Iron Ring,https://buddy.farm/i/iron-ring/,Leather Bag,https://buddy.farm/i/leather-bag/,4
Iron Ring,https://buddy.farm/i/iron-ring/,Magnifying Glass,https://buddy.farm/i/magnifying-glass/,1
Iron Ring,https://buddy.farm/i/iron-ring/,Horn Canteen,https://buddy.farm/i/horn-canteen/,2
Iron Ring,https://buddy.farm/i/iron-ring/,Coin Purse,https://buddy.farm/i/coin-purse/,1
Iron Ring,https://buddy.farm/i/iron-ring/,Mystic Ring,https://buddy.farm/i/mystic-ring/,1
Iron Ring,https://buddy.farm/i/iron-ring/,Jade Charm,https://buddy.farm/i/jade-charm/,1
Iron Ring,https://buddy.farm/i/iron-ring/,Fancy Pipe,https://buddy.farm/i/fancy-pipe/,3
Iron Ring,https://buddy.farm/i/iron-ring/,Scissors,https://buddy.farm/i/scissors/,1
Iron Ring,https://buddy.farm/i/iron-ring/,Compass,https://buddy.farm/i/compass/,1
Iron Ring,https://buddy.farm/i/iron-ring/,Large Net,https://buddy.farm/i/large-net/,25
Iron Ring,https://buddy.farm/i/iron-ring/,Lemon Quartz Ring,https://buddy.farm/i/lemon-quartz-ring/,1
Iron Ring,https://buddy.farm/i/iron-ring/,Lantern,https://buddy.farm/i/lantern/,1
Iron Ring,https://buddy.farm/i/iron-ring/,Leather Waterskin,https://buddy.farm/i/leather-waterskin/,1
Iron Ring,https://buddy.farm/i/iron-ring/,Garnet Ring,https://buddy.farm/i/garnet-ring/,1
Iron Ring,https://buddy.farm/i/iron-ring/,Pitchfork,https://buddy.farm/i/pitchfork/,1
Iron Ring,https://buddy.farm/i/iron-ring/,Emerald Ring,https://buddy.farm/i/emerald-ring/,1
Iron Ring,https://buddy.farm/i/iron-ring/,Amethyst Necklace,https://buddy.farm/i/amethyst-necklace/,2
Iron Ring,https://buddy.farm/i/iron-ring/,Shimmer Ring,https://buddy.farm/i/shimmer-ring/,1
Iron Ring,https://buddy.farm/i/iron-ring/,Pearl Necklace,https://buddy.farm/i/pearl-necklace/,1
Iron Ring,https://buddy.farm/i/iron-ring/,Amber Cane,https://buddy.farm/i/amber-cane/,2
Iron Ring,https://buddy.farm/i/iron-ring/,Essence of Slime,https://buddy.farm/i/essence-of-slime/,1
Iron Ring,https://buddy.farm/i/iron-ring/,Awl,https://buddy.farm/i/awl/,2
Iron Ring,https://buddy.farm/i/iron-ring/,Ruby Ring,https://buddy.farm/i/ruby-ring/,1
Iron Ring,https://buddy.farm/i/iron-ring/,Aquamarine Ring,https://buddy.farm/i/aquamarine-ring/,1
Iron Ring,https://buddy.farm/i/iron-ring/,Crossbow,https://buddy.farm/i/crossbow/,2
Iron Ring,https://buddy.farm/i/iron-ring/,Glowing Lantern,https://buddy.farm/i/glowing-lantern/,2
Jade,https://buddy.farm/i/jade/,Seashell Necklace,https://buddy.farm/i/seashell-necklace/,2
Jade,https://buddy.farm/i/jade/,Gold Jade Ring,https://buddy.farm/i/gold-jade-ring/,1
Jade,https://buddy.farm/i/jade/,Jade Charm,https://buddy.farm/i/jade-charm/,1
Kill Switch,https://buddy.farm/i/kill-switch/,Engine,https://buddy.farm/i/engine/,1
Ladder,https://buddy.farm/i/ladder/,Ship Mast,https://buddy.farm/i/ship-mast/,1
Ladder,https://buddy.farm/i/ladder/,Step Ladder,https://buddy.farm/i/step-ladder/,2
Lantern,https://buddy.farm/i/lantern/,Linked Lantern,https://buddy.farm/i/linked-lantern/,1
Lapis Lazuli,https://buddy.farm/i/lapis-lazuli/,Crystal Pickaxe,https://buddy.farm/i/crystal-pickaxe/,1
Leather,https://buddy.farm/i/leather/,Leather Bag,https://buddy.farm/i/leather-bag/,2
Leather,https://buddy.farm/i/leather/,Coin Purse,https://buddy.farm/i/coin-purse/,2
Leather,https://buddy.farm/i/leather/,Wizard Hat,https://buddy.farm/i/wizard-hat/,2
Leather,https://buddy.farm/i/leather/,Sturdy Sword,https://buddy.farm/i/sturdy-sword/,1
Leather,https://buddy.farm/i/leather/,Green Top Hat,https://buddy.farm/i/green-top-hat/,2
Leather,https://buddy.farm/i/leather/,Sand,https://buddy.farm/i/sand/,1
Leather,https://buddy.farm/i/leather/,Fancy Drum,https://buddy.farm/i/fancy-drum/,2
Leather,https://buddy.farm/i/leather/,Fancy Pan Flute,https://buddy.farm/i/fancy-pan-flute/,1
Leather,https://buddy.farm/i/leather/,Leather Waterskin,https://buddy.farm/i/leather-waterskin/,2
Leather,https://buddy.farm/i/leather/,Leather Helmet,https://buddy.farm/i/leather-helmet/,3
Leather,https://buddy.farm/i/leather/,Spiky Bracelet,https://buddy.farm/i/spiky-bracelet/,4
Leather,https://buddy.farm/i/leather/,Green Cloak,https://buddy.farm/i/green-cloak/,5
Leather,https://buddy.farm/i/leather/,Red Trunk,https://buddy.farm/i/red-trunk/,3
Leather,https://buddy.farm/i/leather/,Leather Belt,https://buddy.farm/i/leather-belt/,3
Leather,https://buddy.farm/i/leather/,Leather Diary,https://buddy.farm/i/leather-diary/,1
Leather,https://buddy.farm/i/leather/,Fancy Chair,https://buddy.farm/i/fancy-chair/,4
Leather,https://buddy.farm/i/leather/,Snow Shoes,https://buddy.farm/i/snow-shoes/,5
Leather,https://buddy.farm/i/leather/,Flying Machine,https://buddy.farm/i/flying-machine/,10
Leather,https://buddy.farm/i/leather/,Magus Hat,https://buddy.farm/i/magus-hat/,2
Leather,https://buddy.farm/i/leather/,Rucksack,https://buddy.farm/i/rucksack/,8
Leather,https://buddy.farm/i/leather/,Black Cloak,https://buddy.farm/i/black-cloak/,5
Leather,https://buddy.farm/i/leather/,White Cloak,https://buddy.farm/i/white-cloak/,5
Leather,https://buddy.farm/i/leather/,Brown Cloak,https://buddy.farm/i/brown-cloak/,5
Leather Bag,https://buddy.farm/i/leather-bag/,Purple Bag,https://buddy.farm/i/purple-bag/,1
Leather Bag,https://buddy.farm/i/leather-bag/,Brown Bag,https://buddy.farm/i/brown-bag/,1
Leather Bag,https://buddy.farm/i/leather-bag/,Black Bag,https://buddy.farm/i/black-bag/,1
Leather Bag,https://buddy.farm/i/leather-bag/,Yellow Bag,https://buddy.farm/i/yellow-bag/,1
Leather Helmet,https://buddy.farm/i/leather-helmet/,Reinforced Helmet,https://buddy.farm/i/reinforced-helmet/,1
Lemon,https://buddy.farm/i/lemon/,Lemonade,https://buddy.farm/i/lemonade/,6
Lemon,https://buddy.farm/i/lemon/,Fruit Punch,https://buddy.farm/i/fruit-punch/,25
Lemon Quartz,https://buddy.farm/i/lemon-quartz/,Fancy Sword,https://buddy.farm/i/fancy-sword/,2
Lemon Quartz,https://buddy.farm/i/lemon-quartz/,Lemon Quartz Ring,https://buddy.farm/i/lemon-quartz-ring/,1
Lemon Quartz,https://buddy.farm/i/lemon-quartz/,Gold Lemon Quartz Ring,https://buddy.farm/i/gold-lemon-quartz-ring/,1
Lemonade,https://buddy.farm/i/lemonade/,Arnold Palmer,https://buddy.farm/i/arnold-palmer/,20
Looking Glass,https://buddy.farm/i/looking-glass/,Ship Mast,https://buddy.farm/i/ship-mast/,1
Machine Part,https://buddy.farm/i/machine-part/,Machine Press,https://buddy.farm/i/machine-press/,6
Machine Part,https://buddy.farm/i/machine-part/,Cannon,https://buddy.farm/i/cannon/,6
Machine Part,https://buddy.farm/i/machine-part/,Control Box,https://buddy.farm/i/control-box/,10
Machine Press,https://buddy.farm/i/machine-press/,Corn Oil,https://buddy.farm/i/corn-oil/,1
Machine Press,https://buddy.farm/i/machine-press/,Silk,https://buddy.farm/i/silk/,1
Magicite,https://buddy.farm/i/magicite/,Linked Lantern,https://buddy.farm/i/linked-lantern/,1
Magicite,https://buddy.farm/i/magicite/,Engine,https://buddy.farm/i/engine/,1
Magna Core,https://buddy.farm/i/magna-core/,Compass,https://buddy.farm/i/compass/,1
Magna Quartz,https://buddy.farm/i/magna-quartz/,Magna Core,https://buddy.farm/i/magna-core/,25
Magna Quartz,https://buddy.farm/i/magna-quartz/,Flying Machine,https://buddy.farm/i/flying-machine/,4
Metal Spool,https://buddy.farm/i/metal-spool/,Spool of Copper,https://buddy.farm/i/spool-of-copper/,1
Milk,https://buddy.farm/i/milk/,Butter,https://buddy.farm/i/butter/,25
Milk,https://buddy.farm/i/milk/,Shamrock Milk,https://buddy.farm/i/shamrock-milk/,1
Minnows,https://buddy.farm/i/minnows/,Chum,https://buddy.farm/i/chum/,4
Mist Lily,https://buddy.farm/i/mist-lily/,White Dye,https://buddy.farm/i/white-dye/,5
Model Ship,https://buddy.farm/i/model-ship/,Ship in a Bottle,https://buddy.farm/i/ship-in-a-bottle/,1
Monster Skull,https://buddy.farm/i/monster-skull/,Spiky Bracelet,https://buddy.farm/i/spiky-bracelet/,6
Moonstone,https://buddy.farm/i/moonstone/,Cooking Pot,https://buddy.farm/i/cooking-pot/,1
Moonstone,https://buddy.farm/i/moonstone/,Fancy Violin,https://buddy.farm/i/fancy-violin/,4
Moonstone,https://buddy.farm/i/moonstone/,Pie Pan,https://buddy.farm/i/pie-pan/,2
Moonstone,https://buddy.farm/i/moonstone/,Control Box,https://buddy.farm/i/control-box/,3
Mudcap,https://buddy.farm/i/mudcap/,Brown Dye,https://buddy.farm/i/brown-dye/,3
Mudcap,https://buddy.farm/i/mudcap/,Strong Paste,https://buddy.farm/i/strong-paste/,1
Mushroom,https://buddy.farm/i/mushroom/,Mushroom Paste,https://buddy.farm/i/mushroom-paste/,3
Mushroom Paste,https://buddy.farm/i/mushroom-paste/,Purple Diary,https://buddy.farm/i/purple-diary/,1
Mushroom Paste,https://buddy.farm/i/mushroom-paste/,Mystic Ring,https://buddy.farm/i/mystic-ring/,3
Mushroom Paste,https://buddy.farm/i/mushroom-paste/,Shovel,https://buddy.farm/i/shovel/,1
Mushroom Paste,https://buddy.farm/i/mushroom-paste/,Hammer,https://buddy.farm/i/hammer/,1
Mushroom Paste,https://buddy.farm/i/mushroom-paste/,Sturdy Sword,https://buddy.farm/i/sturdy-sword/,1
Mushroom Paste,https://buddy.farm/i/mushroom-paste/,Fancy Guitar,https://buddy.farm/i/fancy-guitar/,3
Mushroom Paste,https://buddy.farm/i/mushroom-paste/,Hourglass,https://buddy.farm/i/hourglass/,2
Mushroom Paste,https://buddy.farm/i/mushroom-paste/,Sturdy Bow,https://buddy.farm/i/sturdy-bow/,2
Mushroom Paste,https://buddy.farm/i/mushroom-paste/,Lemon Quartz Ring,https://buddy.farm/i/lemon-quartz-ring/,1
Mushroom Paste,https://buddy.farm/i/mushroom-paste/,Fancy Drum,https://buddy.farm/i/fancy-drum/,2
Mushroom Paste,https://buddy.farm/i/mushroom-paste/,Handsaw,https://buddy.farm/i/handsaw/,2
Mushroom Paste,https://buddy.farm/i/mushroom-paste/,Blue Diary,https://buddy.farm/i/blue-diary/,1
Mushroom Paste,https://buddy.farm/i/mushroom-paste/,Red Diary,https://buddy.farm/i/red-diary/,1
Mushroom Paste,https://buddy.farm/i/mushroom-paste/,Ship in a Bottle,https://buddy.farm/i/ship-in-a-bottle/,3
Mushroom Paste,https://buddy.farm/i/mushroom-paste/,Fancy Sword,https://buddy.farm/i/fancy-sword/,2
Mushroom Paste,https://buddy.farm/i/mushroom-paste/,Leather Helmet,https://buddy.farm/i/leather-helmet/,1
Mushroom Paste,https://buddy.farm/i/mushroom-paste/,Spiky Bracelet,https://buddy.farm/i/spiky-bracelet/,4
Mushroom Paste,https://buddy.farm/i/mushroom-paste/,Garnet Ring,https://buddy.farm/i/garnet-ring/,1
Mushroom Paste,https://buddy.farm/i/mushroom-paste/,Pitchfork,https://buddy.farm/i/pitchfork/,1
Mushroom Paste,https://buddy.farm/i/mushroom-paste/,Axe,https://buddy.farm/i/axe/,1
Mushroom Paste,https://buddy.farm/i/mushroom-paste/,Emerald Ring,https://buddy.farm/i/emerald-ring/,1
Mushroom Paste,https://buddy.farm/i/mushroom-paste/,Crystal Pickaxe,https://buddy.farm/i/crystal-pickaxe/,1
Mushroom Paste,https://buddy.farm/i/mushroom-paste/,Re'taw Pail,https://buddy.farm/i/re-taw-pail/,4
Mushroom Paste,https://buddy.farm/i/mushroom-paste/,Green Diary,https://buddy.farm/i/green-diary/,1
Mushroom Paste,https://buddy.farm/i/mushroom-paste/,Shimmer Ring,https://buddy.farm/i/shimmer-ring/,1
Mushroom Paste,https://buddy.farm/i/mushroom-paste/,Amber Cane,https://buddy.farm/i/amber-cane/,1
Mushroom Paste,https://buddy.farm/i/mushroom-paste/,Leather Diary,https://buddy.farm/i/leather-diary/,1
Mushroom Paste,https://buddy.farm/i/mushroom-paste/,Ruby Ring,https://buddy.farm/i/ruby-ring/,1
Mushroom Paste,https://buddy.farm/i/mushroom-paste/,Fancy Violin,https://buddy.farm/i/fancy-violin/,8
Mushroom Paste,https://buddy.farm/i/mushroom-paste/,Steel Pickaxe,https://buddy.farm/i/steel-pickaxe/,2
Mushroom Paste,https://buddy.farm/i/mushroom-paste/,Bone Pickaxe,https://buddy.farm/i/bone-pickaxe/,1
Mushroom Paste,https://buddy.farm/i/mushroom-paste/,Pickaxe,https://buddy.farm/i/pickaxe/,1
Mushroom Paste,https://buddy.farm/i/mushroom-paste/,Canoe,https://buddy.farm/i/canoe/,5
Mushroom Paste,https://buddy.farm/i/mushroom-paste/,Aquamarine Ring,https://buddy.farm/i/aquamarine-ring/,1
Mushroom Paste,https://buddy.farm/i/mushroom-paste/,Gainite,https://buddy.farm/i/gainite/,2000
Mushroom Paste,https://buddy.farm/i/mushroom-paste/,Red Brick,https://buddy.farm/i/red-brick/,3
Mushroom Paste,https://buddy.farm/i/mushroom-paste/,Strong Paste,https://buddy.farm/i/strong-paste/,2
Nailed Board,https://buddy.farm/i/nailed-board/,Flying Machine,https://buddy.farm/i/flying-machine/,10
Nails,https://buddy.farm/i/nails/,Wooden Barrel,https://buddy.farm/i/wooden-barrel/,10
Nails,https://buddy.farm/i/nails/,Scissors,https://buddy.farm/i/scissors/,1
Nails,https://buddy.farm/i/nails/,Fire Ant Farm,https://buddy.farm/i/fire-ant-farm/,4
Nails,https://buddy.farm/i/nails/,Wooden Table,https://buddy.farm/i/wooden-table/,12
Nails,https://buddy.farm/i/nails/,Frost Shield,https://buddy.farm/i/frost-shield/,3
Nails,https://buddy.farm/i/nails/,Potato Battery,https://buddy.farm/i/potato-battery/,4
Nails,https://buddy.farm/i/nails/,Explosive,https://buddy.farm/i/explosive/,6
Nails,https://buddy.farm/i/nails/,Ship Mast,https://buddy.farm/i/ship-mast/,120
Nails,https://buddy.farm/i/nails/,Horseshoe,https://buddy.farm/i/horseshoe/,7
Nails,https://buddy.farm/i/nails/,Ladder,https://buddy.farm/i/ladder/,8
Nails,https://buddy.farm/i/nails/,Treasure Chest,https://buddy.farm/i/treasure-chest/,22
Nails,https://buddy.farm/i/nails/,Wooden Shield,https://buddy.farm/i/wooden-shield/,4
Nails,https://buddy.farm/i/nails/,Axe,https://buddy.farm/i/axe/,2
Nails,https://buddy.farm/i/nails/,Metal Spool,https://buddy.farm/i/metal-spool/,2
Nails,https://buddy.farm/i/nails/,Sturdy Shield,https://buddy.farm/i/sturdy-shield/,6
Nails,https://buddy.farm/i/nails/,Wagon Wheel,https://buddy.farm/i/wagon-wheel/,14
Nails,https://buddy.farm/i/nails/,Red Trunk,https://buddy.farm/i/red-trunk/,16
Nails,https://buddy.farm/i/nails/,Nailed Board,https://buddy.farm/i/nailed-board/,1
Nails,https://buddy.farm/i/nails/,Fancy Chair,https://buddy.farm/i/fancy-chair/,8
Nails,https://buddy.farm/i/nails/,Fancy Table,https://buddy.farm/i/fancy-table/,32
Nails,https://buddy.farm/i/nails/,Canoe,https://buddy.farm/i/canoe/,10
Nails,https://buddy.farm/i/nails/,Sturdy Box,https://buddy.farm/i/sturdy-box/,6
Nails,https://buddy.farm/i/nails/,Wooden Box,https://buddy.farm/i/wooden-box/,6
Nails,https://buddy.farm/i/nails/,Machine Press,https://buddy.farm/i/machine-press/,5
Nails,https://buddy.farm/i/nails/,Wooden Plank,https://buddy.farm/i/wooden-plank/,4
Nails,https://buddy.farm/i/nails/,Oak Table,https://buddy.farm/i/oak-table/,24
Nails,https://buddy.farm/i/nails/,Gazebo,https://buddy.farm/i/gazebo/,120
Oak,https://buddy.farm/i/oak/,Fancy Guitar,https://buddy.farm/i/fancy-guitar/,5
Oak,https://buddy.farm/i/oak/,Sturdy Bow,https://buddy.farm/i/sturdy-bow/,4
Oak,https://buddy.farm/i/oak/,Fancy Drum,https://buddy.farm/i/fancy-drum/,15
Oak,https://buddy.farm/i/oak/,Ship in a Bottle,https://buddy.farm/i/ship-in-a-bottle/,2
Oak,https://buddy.farm/i/oak/,Ship Mast,https://buddy.farm/i/ship-mast/,20
Oak,https://buddy.farm/i/oak/,Sturdy Pickaxe,https://buddy.farm/i/sturdy-pickaxe/,1
Oak,https://buddy.farm/i/oak/,Amber Cane,https://buddy.farm/i/amber-cane/,1
Oak,https://buddy.farm/i/oak/,Fancy Clock,https://buddy.farm/i/fancy-clock/,12
Oak,https://buddy.farm/i/oak/,Fancy Chair,https://buddy.farm/i/fancy-chair/,50
Oak,https://buddy.farm/i/oak/,Fancy Table,https://buddy.farm/i/fancy-table/,80
Oak,https://buddy.farm/i/oak/,Snow Shoes,https://buddy.farm/i/snow-shoes/,20
Oak,https://buddy.farm/i/oak/,Canoe,https://buddy.farm/i/canoe/,100
Oak,https://buddy.farm/i/oak/,Crossbow,https://buddy.farm/i/crossbow/,3
Oak,https://buddy.farm/i/oak/,Oak Table,https://buddy.farm/i/oak-table/,80
Oak,https://buddy.farm/i/oak/,Gazebo,https://buddy.farm/i/gazebo/,120
Old Boot,https://buddy.farm/i/old-boot/,Polished Boot,https://buddy.farm/i/polished-boot/,1
Onyx Scorpion,https://buddy.farm/i/onyx-scorpion/,Spiky Bracelet,https://buddy.farm/i/spiky-bracelet/,12
Orange,https://buddy.farm/i/orange/,Apple Cider,https://buddy.farm/i/apple-cider/,1
Orange,https://buddy.farm/i/orange/,Orange Juice,https://buddy.farm/i/orange-juice/,6
Orange,https://buddy.farm/i/orange/,Fruit Punch,https://buddy.farm/i/fruit-punch/,25
Orange Dye,https://buddy.farm/i/orange-dye/,Orange Twine,https://buddy.farm/i/orange-twine/,1
Orange Dye,https://buddy.farm/i/orange-dye/,Orange Butterfly,https://buddy.farm/i/orange-butterfly/,1
Orange Dye,https://buddy.farm/i/orange-dye/,Orange Scarf,https://buddy.farm/i/orange-scarf/,1
Orange Dye,https://buddy.farm/i/orange-dye/,Orange Shirt,https://buddy.farm/i/orange-shirt/,1
Orange Dye,https://buddy.farm/i/orange-dye/,Tie Dye Scarf,https://buddy.farm/i/tie-dye-scarf/,1
Orange Flowers,https://buddy.farm/i/orange-flowers/,Bouquet of Flowers,https://buddy.farm/i/bouquet-of-flowers/,2
Painite,https://buddy.farm/i/painite/,Gainite,https://buddy.farm/i/gainite/,5
Peach,https://buddy.farm/i/peach/,Peach Juice,https://buddy.farm/i/peach-juice/,10
Peach,https://buddy.farm/i/peach/,Fruit Punch,https://buddy.farm/i/fruit-punch/,5
Pear Grease,https://buddy.farm/i/pear-grease/,Engine,https://buddy.farm/i/engine/,1
Pearl,https://buddy.farm/i/pearl/,Seashell Necklace,https://buddy.farm/i/seashell-necklace/,10
Pearl,https://buddy.farm/i/pearl/,Pearl Necklace,https://buddy.farm/i/pearl-necklace/,1
Peas,https://buddy.farm/i/peas/,Veggie Juice,https://buddy.farm/i/veggie-juice/,7
Peppers,https://buddy.farm/i/peppers/,Veggie Juice,https://buddy.farm/i/veggie-juice/,7
Pickaxe,https://buddy.farm/i/pickaxe/,Crystal Pickaxe,https://buddy.farm/i/crystal-pickaxe/,1
Pickaxe,https://buddy.farm/i/pickaxe/,Bone Pickaxe,https://buddy.farm/i/bone-pickaxe/,1
Pickaxe,https://buddy.farm/i/pickaxe/,Steel Pickaxe,https://buddy.farm/i/steel-pickaxe/,1
Pickaxe,https://buddy.farm/i/pickaxe/,Sturdy Pickaxe,https://buddy.farm/i/sturdy-pickaxe/,1
Piece 01,https://buddy.farm/i/piece-01/,Swamp Puzzle,https://buddy.farm/i/swamp-puzzle/,1
Piece 03,https://buddy.farm/i/piece-03/,Swamp Puzzle,https://buddy.farm/i/swamp-puzzle/,1
Piece 04,https://buddy.farm/i/piece-04/,Swamp Puzzle,https://buddy.farm/i/swamp-puzzle/,1
Piece 07,https://buddy.farm/i/piece-07/,Swamp Puzzle,https://buddy.farm/i/swamp-puzzle/,1
Piece 09,https://buddy.farm/i/piece-09/,Swamp Puzzle,https://buddy.farm/i/swamp-puzzle/,1
Piece 11,https://buddy.farm/i/piece-11/,Swamp Puzzle,https://buddy.farm/i/swamp-puzzle/,1
Piece 12,https://buddy.farm/i/piece-12/,Swamp Puzzle,https://buddy.farm/i/swamp-puzzle/,1
Piece 15,https://buddy.farm/i/piece-15/,Swamp Puzzle,https://buddy.farm/i/swamp-puzzle/,1
Piece 18,https://buddy.farm/i/piece-18/,Swamp Puzzle,https://buddy.farm/i/swamp-puzzle/,1
Piece 22,https://buddy.farm/i/piece-22/,Swamp Puzzle,https://buddy.farm/i/swamp-puzzle/,1
Piece 23,https://buddy.farm/i/piece-23/,Swamp Puzzle,https://buddy.farm/i/swamp-puzzle/,1
Piece 24,https://buddy.farm/i/piece-24/,Swamp Puzzle,https://buddy.farm/i/swamp-puzzle/,1
Piece 26,https://buddy.farm/i/piece-26/,Swamp Puzzle,https://buddy.farm/i/swamp-puzzle/,1
Piece 30,https://buddy.farm/i/piece-30/,Swamp Puzzle,https://buddy.farm/i/swamp-puzzle/,1
Piece 31,https://buddy.farm/i/piece-31/,Swamp Puzzle,https://buddy.farm/i/swamp-puzzle/,1
Piece of Heart,https://buddy.farm/i/piece-of-heart/,Heart Container,https://buddy.farm/i/heart-container/,4
Pine Board,https://buddy.farm/i/pine-board/,Pine Shelf,https://buddy.farm/i/pine-shelf/,1
Pine Board,https://buddy.farm/i/pine-board/,Fancy Violin,https://buddy.farm/i/fancy-violin/,5
Pine Tree,https://buddy.farm/i/pine-tree/,Block of Wood,https://buddy.farm/i/block-of-wood/,1
Pocket Watch,https://buddy.farm/i/pocket-watch/,Y73841 Detector,https://buddy.farm/i/y73841-detector/,1
Pocket Watch,https://buddy.farm/i/pocket-watch/,Power Monitor,https://buddy.farm/i/power-monitor/,1
Pocket Watch,https://buddy.farm/i/pocket-watch/,Fancy Clock,https://buddy.farm/i/fancy-clock/,1
Polished Boot,https://buddy.farm/i/polished-boot/,Pair of Boots,https://buddy.farm/i/pair-of-boots/,2
Potato,https://buddy.farm/i/potato/,Potato Battery,https://buddy.farm/i/potato-battery/,8
Power Monitor,https://buddy.farm/i/power-monitor/,Flying Machine,https://buddy.farm/i/flying-machine/,1
Power Monitor,https://buddy.farm/i/power-monitor/,Engine,https://buddy.farm/i/engine/,1
Prickly Pear,https://buddy.farm/i/prickly-pear/,Pear Grease,https://buddy.farm/i/pear-grease/,30
Prism Shard,https://buddy.farm/i/prism-shard/,Magicite,https://buddy.farm/i/magicite/,3
Pulley,https://buddy.farm/i/pulley/,Flying Machine,https://buddy.farm/i/flying-machine/,4
Pulley,https://buddy.farm/i/pulley/,Ship Mast,https://buddy.farm/i/ship-mast/,4
Pulley,https://buddy.farm/i/pulley/,Belt Drive,https://buddy.farm/i/belt-drive/,2
Purple Dye,https://buddy.farm/i/purple-dye/,Belt Drive,https://buddy.farm/i/belt-drive/,1
Purple Dye,https://buddy.farm/i/purple-dye/,Purple Twine,https://buddy.farm/i/purple-twine/,1
Purple Dye,https://buddy.farm/i/purple-dye/,Purple Bag,https://buddy.farm/i/purple-bag/,1
Purple Dye,https://buddy.farm/i/purple-dye/,Purple Butterfly,https://buddy.farm/i/purple-butterfly/,1
Purple Dye,https://buddy.farm/i/purple-dye/,Fancy Violin,https://buddy.farm/i/fancy-violin/,3
Purple Dye,https://buddy.farm/i/purple-dye/,Purple Shirt,https://buddy.farm/i/purple-shirt/,1
Purple Dye,https://buddy.farm/i/purple-dye/,Tie Dye Scarf,https://buddy.farm/i/tie-dye-scarf/,1
Purple Flower,https://buddy.farm/i/purple-flower/,Purple Dye,https://buddy.farm/i/purple-dye/,10
Purple Flower,https://buddy.farm/i/purple-flower/,Wizard Hat,https://buddy.farm/i/wizard-hat/,10
Purple Flower,https://buddy.farm/i/purple-flower/,Purple Parchment,https://buddy.farm/i/purple-parchment/,3
Purple Parchment,https://buddy.farm/i/purple-parchment/,Purple Diary,https://buddy.farm/i/purple-diary/,1
Re'taw,https://buddy.farm/i/re-taw/,Re'taw Pail,https://buddy.farm/i/re-taw-pail/,5
Re'taw,https://buddy.farm/i/re-taw/,Sugar Cube,https://buddy.farm/i/sugar-cube/,1
Red Dye,https://buddy.farm/i/red-dye/,Kill Switch,https://buddy.farm/i/kill-switch/,1
Red Dye,https://buddy.farm/i/red-dye/,Red Twine,https://buddy.farm/i/red-twine/,1
Red Dye,https://buddy.farm/i/red-dye/,Red Butterfly,https://buddy.farm/i/red-butterfly/,1
Red Dye,https://buddy.farm/i/red-dye/,Red Trunk,https://buddy.farm/i/red-trunk/,4
Red Dye,https://buddy.farm/i/red-dye/,Red Shield,https://buddy.farm/i/red-shield/,1
Red Dye,https://buddy.farm/i/red-dye/,Fancy Chair,https://buddy.farm/i/fancy-chair/,1
Red Dye,https://buddy.farm/i/red-dye/,Red Scarf,https://buddy.farm/i/red-scarf/,1
Red Dye,https://buddy.farm/i/red-dye/,Red Brick,https://buddy.farm/i/red-brick/,5
Red Dye,https://buddy.farm/i/red-dye/,Red Shirt,https://buddy.farm/i/red-shirt/,1
Red Dye,https://buddy.farm/i/red-dye/,Tie Dye Scarf,https://buddy.farm/i/tie-dye-scarf/,1
Red Dye,https://buddy.farm/i/red-dye/,Propeller Hat,https://buddy.farm/i/propeller-hat/,2
Red Flowers,https://buddy.farm/i/red-flowers/,Bouquet of Flowers,https://buddy.farm/i/bouquet-of-flowers/,2
Red Parchment,https://buddy.farm/i/red-parchment/,Red Diary,https://buddy.farm/i/red-diary/,1
Red Scarf,https://buddy.farm/i/red-scarf/,Ship Mast,https://buddy.farm/i/ship-mast/,4
Red Shield,https://buddy.farm/i/red-shield/,Frost Shield,https://buddy.farm/i/frost-shield/,1
Red Twine,https://buddy.farm/i/red-twine/,Rucksack,https://buddy.farm/i/rucksack/,4
Red Twine,https://buddy.farm/i/red-twine/,Corn Husk Doll,https://buddy.farm/i/corn-husk-doll/,5
Rope,https://buddy.farm/i/rope/,Ship Mast,https://buddy.farm/i/ship-mast/,12
Rope,https://buddy.farm/i/rope/,Canoe,https://buddy.farm/i/canoe/,2
Rope,https://buddy.farm/i/rope/,Flying Machine,https://buddy.farm/i/flying-machine/,10
Rope,https://buddy.farm/i/rope/,Belt Drive,https://buddy.farm/i/belt-drive/,1
Rope,https://buddy.farm/i/rope/,Fishing Net,https://buddy.farm/i/fishing-net/,2
Ruby,https://buddy.farm/i/ruby/,Ruby Ring,https://buddy.farm/i/ruby-ring/,1
Ruby,https://buddy.farm/i/ruby/,Linked Lantern,https://buddy.farm/i/linked-lantern/,1
Ruby,https://buddy.farm/i/ruby/,Compass,https://buddy.farm/i/compass/,1
Ruby,https://buddy.farm/i/ruby/,Gold Ruby Ring,https://buddy.farm/i/gold-ruby-ring/,1
Runestone 01,https://buddy.farm/i/runestone-01/,Inferno Sphere,https://buddy.farm/i/inferno-sphere/,1
Runestone 02,https://buddy.farm/i/runestone-02/,Inferno Sphere,https://buddy.farm/i/inferno-sphere/,1
Runestone 03,https://buddy.farm/i/runestone-03/,Inferno Sphere,https://buddy.farm/i/inferno-sphere/,1
Runestone 04,https://buddy.farm/i/runestone-04/,Inferno Sphere,https://buddy.farm/i/inferno-sphere/,1
Runestone 05,https://buddy.farm/i/runestone-05/,Inferno Sphere,https://buddy.farm/i/inferno-sphere/,1
Runestone 06,https://buddy.farm/i/runestone-06/,Inferno Sphere,https://buddy.farm/i/inferno-sphere/,1
Runestone 07,https://buddy.farm/i/runestone-07/,Inferno Sphere,https://buddy.farm/i/inferno-sphere/,1
Runestone 08,https://buddy.farm/i/runestone-08/,Inferno Sphere,https://buddy.farm/i/inferno-sphere/,1
Runestone 09,https://buddy.farm/i/runestone-09/,Inferno Sphere,https://buddy.farm/i/inferno-sphere/,1
Runestone 10,https://buddy.farm/i/runestone-10/,Inferno Sphere,https://buddy.farm/i/inferno-sphere/,1
Runestone 11,https://buddy.farm/i/runestone-11/,Lava Sphere,https://buddy.farm/i/lava-sphere/,1
Runestone 12,https://buddy.farm/i/runestone-12/,Lava Sphere,https://buddy.farm/i/lava-sphere/,1
Runestone 13,https://buddy.farm/i/runestone-13/,Lava Sphere,https://buddy.farm/i/lava-sphere/,1
Runestone 14,https://buddy.farm/i/runestone-14/,Lava Sphere,https://buddy.farm/i/lava-sphere/,1
Runestone 15,https://buddy.farm/i/runestone-15/,Lava Sphere,https://buddy.farm/i/lava-sphere/,1
Runestone 16,https://buddy.farm/i/runestone-16/,Lava Sphere,https://buddy.farm/i/lava-sphere/,1
Runestone 17,https://buddy.farm/i/runestone-17/,Y73841 Detector,https://buddy.farm/i/y73841-detector/,1
Runestone 17,https://buddy.farm/i/runestone-17/,Lava Sphere,https://buddy.farm/i/lava-sphere/,1
Runestone 18,https://buddy.farm/i/runestone-18/,Lava Sphere,https://buddy.farm/i/lava-sphere/,1
Runestone 19,https://buddy.farm/i/runestone-19/,Lava Sphere,https://buddy.farm/i/lava-sphere/,1
Runestone 20,https://buddy.farm/i/runestone-20/,Lava Sphere,https://buddy.farm/i/lava-sphere/,1
Sail Cloth,https://buddy.farm/i/sail-cloth/,Ship Mast,https://buddy.farm/i/ship-mast/,4
Salt,https://buddy.farm/i/salt/,Butter,https://buddy.farm/i/butter/,1
Salt Rock,https://buddy.farm/i/salt-rock/,Salt,https://buddy.farm/i/salt/,50
Sand,https://buddy.farm/i/sand/,Hourglass,https://buddy.farm/i/hourglass/,1
Sand,https://buddy.farm/i/sand/,Fire Ant Farm,https://buddy.farm/i/fire-ant-farm/,5
Sand,https://buddy.farm/i/sand/,Ship in a Bottle,https://buddy.farm/i/ship-in-a-bottle/,2
Sand,https://buddy.farm/i/sand/,Red Brick,https://buddy.farm/i/red-brick/,50
Sand,https://buddy.farm/i/sand/,Amber Cane,https://buddy.farm/i/amber-cane/,3
Sandstone,https://buddy.farm/i/sandstone/,Unpolished Shimmer Stone,https://buddy.farm/i/unpolished-shimmer-stone/,1
Sandstone,https://buddy.farm/i/sandstone/,Sand,https://buddy.farm/i/sand/,5
Scissors,https://buddy.farm/i/scissors/,Rucksack,https://buddy.farm/i/rucksack/,1
Scrap Cloth,https://buddy.farm/i/scrap-cloth/,Cloth,https://buddy.farm/i/cloth/,3
Scrap Metal,https://buddy.farm/i/scrap-metal/,Kill Switch,https://buddy.farm/i/kill-switch/,5
Scrap Metal,https://buddy.farm/i/scrap-metal/,Cannon,https://buddy.farm/i/cannon/,25
Scrap Metal,https://buddy.farm/i/scrap-metal/,Fancy Clock,https://buddy.farm/i/fancy-clock/,4
Scrap Metal,https://buddy.farm/i/scrap-metal/,Metal Spool,https://buddy.farm/i/metal-spool/,12
Scrap Wire,https://buddy.farm/i/scrap-wire/,Y73841 Detector,https://buddy.farm/i/y73841-detector/,50
Scrap Wire,https://buddy.farm/i/scrap-wire/,Kill Switch,https://buddy.farm/i/kill-switch/,2
Scrap Wire,https://buddy.farm/i/scrap-wire/,Energy Coil,https://buddy.farm/i/energy-coil/,8
Seeing Stone,https://buddy.farm/i/seeing-stone/,Magna Core,https://buddy.farm/i/magna-core/,1
Sewing Needle,https://buddy.farm/i/sewing-needle/,Spiky Bracelet,https://buddy.farm/i/spiky-bracelet/,1
Sewing Needle,https://buddy.farm/i/sewing-needle/,Sail Cloth,https://buddy.farm/i/sail-cloth/,3
Sewing Needle,https://buddy.farm/i/sewing-needle/,Blue Shirt,https://buddy.farm/i/blue-shirt/,1
Sewing Needle,https://buddy.farm/i/sewing-needle/,Red Shirt,https://buddy.farm/i/red-shirt/,1
Sewing Needle,https://buddy.farm/i/sewing-needle/,Black Shirt,https://buddy.farm/i/black-shirt/,1
Sewing Needle,https://buddy.farm/i/sewing-needle/,Fancy Pillow,https://buddy.farm/i/fancy-pillow/,1
Sewing Needle,https://buddy.farm/i/sewing-needle/,Purple Shirt,https://buddy.farm/i/purple-shirt/,1
Sewing Needle,https://buddy.farm/i/sewing-needle/,Green Shirt,https://buddy.farm/i/green-shirt/,1
Sewing Needle,https://buddy.farm/i/sewing-needle/,Orange Shirt,https://buddy.farm/i/orange-shirt/,1
Sewing Needle,https://buddy.farm/i/sewing-needle/,Yellow Shirt,https://buddy.farm/i/yellow-shirt/,1
Sewing Needle,https://buddy.farm/i/sewing-needle/,White Shirt,https://buddy.farm/i/white-shirt/,1
Shadow Bloom,https://buddy.farm/i/shadow-bloom/,Black Dye,https://buddy.farm/i/black-dye/,3
Shimmer Quartz,https://buddy.farm/i/shimmer-quartz/,Glass Jar,https://buddy.farm/i/glass-jar/,1
Shimmer Quartz,https://buddy.farm/i/shimmer-quartz/,Shimmer Topaz,https://buddy.farm/i/shimmer-topaz/,3
Shimmer Stone,https://buddy.farm/i/shimmer-stone/,Glass Orb,https://buddy.farm/i/glass-orb/,2
Shimmer Topaz,https://buddy.farm/i/shimmer-topaz/,Shimmer Ring,https://buddy.farm/i/shimmer-ring/,1
Silk,https://buddy.farm/i/silk/,Fancy Pillow,https://buddy.farm/i/fancy-pillow/,2
Silk,https://buddy.farm/i/silk/,Purple Butterfly,https://buddy.farm/i/purple-butterfly/,3
Silk,https://buddy.farm/i/silk/,Orange Butterfly,https://buddy.farm/i/orange-butterfly/,3
Silk,https://buddy.farm/i/silk/,Green Butterfly,https://buddy.farm/i/green-butterfly/,3
Silk,https://buddy.farm/i/silk/,Blue Butterfly,https://buddy.farm/i/blue-butterfly/,3
Silk,https://buddy.farm/i/silk/,Red Butterfly,https://buddy.farm/i/red-butterfly/,3
Silk,https://buddy.farm/i/silk/,Yellow Butterfly,https://buddy.farm/i/yellow-butterfly/,3
Slimestone,https://buddy.farm/i/slimestone/,Essence of Slime,https://buddy.farm/i/essence-of-slime/,2
Small Bolt,https://buddy.farm/i/small-bolt/,Sturdy Pickaxe,https://buddy.farm/i/sturdy-pickaxe/,1
Small Bolt,https://buddy.farm/i/small-bolt/,Steel Plate,https://buddy.farm/i/steel-plate/,4
Small Bolt,https://buddy.farm/i/small-bolt/,Steel Vise,https://buddy.farm/i/steel-vise/,2
Small Bolt,https://buddy.farm/i/small-bolt/,Pine Shelf,https://buddy.farm/i/pine-shelf/,4
Small Bolt,https://buddy.farm/i/small-bolt/,Step Ladder,https://buddy.farm/i/step-ladder/,2
Small Gear,https://buddy.farm/i/small-gear/,Flying Machine,https://buddy.farm/i/flying-machine/,4
Small Gear,https://buddy.farm/i/small-gear/,Fancy Clock,https://buddy.farm/i/fancy-clock/,4
Small Gear,https://buddy.farm/i/small-gear/,Flywheel,https://buddy.farm/i/flywheel/,1
Small Gear,https://buddy.farm/i/small-gear/,Y73841 Detector,https://buddy.farm/i/y73841-detector/,3
Small Screw,https://buddy.farm/i/small-screw/,Flywheel,https://buddy.farm/i/flywheel/,7
Small Screw,https://buddy.farm/i/small-screw/,Control Box,https://buddy.farm/i/control-box/,2
Small Screw,https://buddy.farm/i/small-screw/,Magna Core,https://buddy.farm/i/magna-core/,10
Small Screw,https://buddy.farm/i/small-screw/,Compass,https://buddy.farm/i/compass/,4
Small Spring,https://buddy.farm/i/small-spring/,Flying Machine,https://buddy.farm/i/flying-machine/,6
Small Spring,https://buddy.farm/i/small-spring/,Magna Core,https://buddy.farm/i/magna-core/,5
Small Spring,https://buddy.farm/i/small-spring/,Control Box,https://buddy.farm/i/control-box/,3
Sour Root,https://buddy.farm/i/sour-root/,Mayonnaise,https://buddy.farm/i/mayonnaise/,1
Spider,https://buddy.farm/i/spider/,Silk,https://buddy.farm/i/silk/,2
Spiked Shell,https://buddy.farm/i/spiked-shell/,Seashell Necklace,https://buddy.farm/i/seashell-necklace/,1
Spool of Copper,https://buddy.farm/i/spool-of-copper/,Energy Coil,https://buddy.farm/i/energy-coil/,1
Spool of Copper,https://buddy.farm/i/spool-of-copper/,Potato Battery,https://buddy.farm/i/potato-battery/,1
Steel,https://buddy.farm/i/steel/,Jade Charm,https://buddy.farm/i/jade-charm/,2
Steel,https://buddy.farm/i/steel/,Sturdy Sword,https://buddy.farm/i/sturdy-sword/,1
Steel,https://buddy.farm/i/steel/,Scissors,https://buddy.farm/i/scissors/,2
Steel,https://buddy.farm/i/steel/,Green Top Hat,https://buddy.farm/i/green-top-hat/,1
Steel,https://buddy.farm/i/steel/,Glass Jar,https://buddy.farm/i/glass-jar/,1
Steel,https://buddy.farm/i/steel/,Sturdy Bow,https://buddy.farm/i/sturdy-bow/,1
Steel,https://buddy.farm/i/steel/,Handsaw,https://buddy.farm/i/handsaw/,2
Steel,https://buddy.farm/i/steel/,Energy Coil,https://buddy.farm/i/energy-coil/,2
Steel,https://buddy.farm/i/steel/,Engine,https://buddy.farm/i/engine/,20
Steel,https://buddy.farm/i/steel/,Pie Pan,https://buddy.farm/i/pie-pan/,10
Steel,https://buddy.farm/i/steel/,Steel Plate,https://buddy.farm/i/steel-plate/,2
Steel,https://buddy.farm/i/steel/,Pitchfork,https://buddy.farm/i/pitchfork/,2
Steel,https://buddy.farm/i/steel/,Flywheel,https://buddy.farm/i/flywheel/,20
Steel,https://buddy.farm/i/steel/,Reinforced Helmet,https://buddy.farm/i/reinforced-helmet/,4
Steel,https://buddy.farm/i/steel/,Red Trunk,https://buddy.farm/i/red-trunk/,8
Steel,https://buddy.farm/i/steel/,Magna Core,https://buddy.farm/i/magna-core/,40
Steel,https://buddy.farm/i/steel/,Red Shield,https://buddy.farm/i/red-shield/,3
Steel,https://buddy.farm/i/steel/,Fancy Violin,https://buddy.farm/i/fancy-violin/,4
Steel,https://buddy.farm/i/steel/,Steel Buckle,https://buddy.farm/i/steel-buckle/,1
Steel,https://buddy.farm/i/steel/,Cannon,https://buddy.farm/i/cannon/,25
Steel,https://buddy.farm/i/steel/,Steel Pickaxe,https://buddy.farm/i/steel-pickaxe/,5
Steel,https://buddy.farm/i/steel/,Steel Vise,https://buddy.farm/i/steel-vise/,50
Steel,https://buddy.farm/i/steel/,Pine Shelf,https://buddy.farm/i/pine-shelf/,2
Steel,https://buddy.farm/i/steel/,Gainite,https://buddy.farm/i/gainite/,2000
Steel,https://buddy.farm/i/steel/,Wrench,https://buddy.farm/i/wrench/,1
Steel,https://buddy.farm/i/steel/,Grand Piano,https://buddy.farm/i/grand-piano/,10
Steel,https://buddy.farm/i/steel/,Black Shield,https://buddy.farm/i/black-shield/,3
Steel Buckle,https://buddy.farm/i/steel-buckle/,Leather Helmet,https://buddy.farm/i/leather-helmet/,1
Steel Buckle,https://buddy.farm/i/steel-buckle/,Flying Machine,https://buddy.farm/i/flying-machine/,2
Steel Buckle,https://buddy.farm/i/steel-buckle/,Leather Belt,https://buddy.farm/i/leather-belt/,1
Steel Buckle,https://buddy.farm/i/steel-buckle/,Rucksack,https://buddy.farm/i/rucksack/,1
Steel Plate,https://buddy.farm/i/steel-plate/,Control Box,https://buddy.farm/i/control-box/,2
Steel Plate,https://buddy.farm/i/steel-plate/,Machine Press,https://buddy.farm/i/machine-press/,1
Steel Plate,https://buddy.farm/i/steel-plate/,Step Ladder,https://buddy.farm/i/step-ladder/,2
Steel Plate,https://buddy.farm/i/steel-plate/,Fancy Violin,https://buddy.farm/i/fancy-violin/,1
Steel Plate,https://buddy.farm/i/steel-plate/,Engine,https://buddy.farm/i/engine/,1
Steel Vise,https://buddy.farm/i/steel-vise/,Fancy Table,https://buddy.farm/i/fancy-table/,1
Steel Wire,https://buddy.farm/i/steel-wire/,Fancy Guitar,https://buddy.farm/i/fancy-guitar/,6
Steel Wire,https://buddy.farm/i/steel-wire/,Engine,https://buddy.farm/i/engine/,50
Steel Wire,https://buddy.farm/i/steel-wire/,Seashell Necklace,https://buddy.farm/i/seashell-necklace/,4
Steel Wire,https://buddy.farm/i/steel-wire/,Fancy Sword,https://buddy.farm/i/fancy-sword/,4
Steel Wire,https://buddy.farm/i/steel-wire/,Potato Battery,https://buddy.farm/i/potato-battery/,4
Steel Wire,https://buddy.farm/i/steel-wire/,Fancy Clock,https://buddy.farm/i/fancy-clock/,8
Steel Wire,https://buddy.farm/i/steel-wire/,Fancy Violin,https://buddy.farm/i/fancy-violin/,4
Steel Wire,https://buddy.farm/i/steel-wire/,Grand Piano,https://buddy.farm/i/grand-piano/,88
Steel Wire,https://buddy.farm/i/steel-wire/,Barbed Wire,https://buddy.farm/i/barbed-wire/,1
Steel Wire,https://buddy.farm/i/steel-wire/,Flying Machine,https://buddy.farm/i/flying-machine/,10
Steel Wire,https://buddy.farm/i/steel-wire/,Crossbow,https://buddy.farm/i/crossbow/,2
Steel Wire,https://buddy.farm/i/steel-wire/,Bamboo Flute,https://buddy.farm/i/bamboo-flute/,1
Steel Wire,https://buddy.farm/i/steel-wire/,Crown of Clover,https://buddy.farm/i/crown-of-clover/,1
Stone,https://buddy.farm/i/stone/,Glass Bottle,https://buddy.farm/i/glass-bottle/,1
Stone,https://buddy.farm/i/stone/,Glass Orb,https://buddy.farm/i/glass-orb/,1
Stone,https://buddy.farm/i/stone/,Mystic Ring,https://buddy.farm/i/mystic-ring/,1
Stone,https://buddy.farm/i/stone/,Iron Cup,https://buddy.farm/i/iron-cup/,1
Stone,https://buddy.farm/i/stone/,Shovel,https://buddy.farm/i/shovel/,1
Stone,https://buddy.farm/i/stone/,Jade Charm,https://buddy.farm/i/jade-charm/,6
Stone,https://buddy.farm/i/stone/,Jade,https://buddy.farm/i/jade/,1
Stone,https://buddy.farm/i/stone/,Scissors,https://buddy.farm/i/scissors/,1
Stone,https://buddy.farm/i/stone/,Sturdy Bow,https://buddy.farm/i/sturdy-bow/,2
Stone,https://buddy.farm/i/stone/,Garnet,https://buddy.farm/i/garnet/,1
Stone,https://buddy.farm/i/stone/,Horseshoe,https://buddy.farm/i/horseshoe/,2
Stone,https://buddy.farm/i/stone/,Axe,https://buddy.farm/i/axe/,1
Stone,https://buddy.farm/i/stone/,Crystal Pickaxe,https://buddy.farm/i/crystal-pickaxe/,1
Stone,https://buddy.farm/i/stone/,Steel Wire,https://buddy.farm/i/steel-wire/,1
Stone,https://buddy.farm/i/stone/,Ruby,https://buddy.farm/i/ruby/,1
Stone,https://buddy.farm/i/stone/,Emerald,https://buddy.farm/i/emerald/,2
Stone,https://buddy.farm/i/stone/,Iron Ring,https://buddy.farm/i/iron-ring/,1
Stone,https://buddy.farm/i/stone/,Pickaxe,https://buddy.farm/i/pickaxe/,1
Stone,https://buddy.farm/i/stone/,Gainite,https://buddy.farm/i/gainite/,2000
Stone Shell,https://buddy.farm/i/stone-shell/,Sturdy Pickaxe,https://buddy.farm/i/sturdy-pickaxe/,1
Straw,https://buddy.farm/i/straw/,Twine,https://buddy.farm/i/twine/,2
Straw,https://buddy.farm/i/straw/,Broom,https://buddy.farm/i/broom/,1
Straw,https://buddy.farm/i/straw/,Red Brick,https://buddy.farm/i/red-brick/,50
Straw,https://buddy.farm/i/straw/,Snow Shoes,https://buddy.farm/i/snow-shoes/,24
Striped Feather,https://buddy.farm/i/striped-feather/,Red Dye,https://buddy.farm/i/red-dye/,2
Striped Feather,https://buddy.farm/i/striped-feather/,Red Parchment,https://buddy.farm/i/red-parchment/,3
Strong Paste,https://buddy.farm/i/strong-paste/,Gold Diamond Ring,https://buddy.farm/i/gold-diamond-ring/,1
Strong Paste,https://buddy.farm/i/strong-paste/,Gold Jade Ring,https://buddy.farm/i/gold-jade-ring/,1
Strong Paste,https://buddy.farm/i/strong-paste/,Gold Lemon Quartz Ring,https://buddy.farm/i/gold-lemon-quartz-ring/,1
Strong Paste,https://buddy.farm/i/strong-paste/,Gold Ruby Ring,https://buddy.farm/i/gold-ruby-ring/,1
Strong Paste,https://buddy.farm/i/strong-paste/,Gold Aquamarine Ring,https://buddy.farm/i/gold-aquamarine-ring/,1
Strong Paste,https://buddy.farm/i/strong-paste/,Gold Emerald Ring,https://buddy.farm/i/gold-emerald-ring/,1
Strong Paste,https://buddy.farm/i/strong-paste/,Gold Garnet Ring,https://buddy.farm/i/gold-garnet-ring/,1
Sturdy Shield,https://buddy.farm/i/sturdy-shield/,Black Shield,https://buddy.farm/i/black-shield/,1
Sturdy Sword,https://buddy.farm/i/sturdy-sword/,Fancy Sword,https://buddy.farm/i/fancy-sword/,1
Sunflower,https://buddy.farm/i/sunflower/,Sunflower Oil,https://buddy.farm/i/sunflower-oil/,6
Swamp Thistle,https://buddy.farm/i/swamp-thistle/,Yellow Dye,https://buddy.farm/i/yellow-dye/,4
Tea Leaves,https://buddy.farm/i/tea-leaves/,Iced Tea,https://buddy.farm/i/iced-tea/,3
Thorns,https://buddy.farm/i/thorns/,Barbed Wire,https://buddy.farm/i/barbed-wire/,5
Tin Can,https://buddy.farm/i/tin-can/,Tin Scraps,https://buddy.farm/i/tin-scraps/,1
Tin Scraps,https://buddy.farm/i/tin-scraps/,Propeller Hat,https://buddy.farm/i/propeller-hat/,2
Tomato,https://buddy.farm/i/tomato/,Veggie Juice,https://buddy.farm/i/veggie-juice/,2
Transistor,https://buddy.farm/i/transistor/,Energy Coil,https://buddy.farm/i/energy-coil/,25
Transistor,https://buddy.farm/i/transistor/,Potato Battery,https://buddy.farm/i/potato-battery/,8
Transistor,https://buddy.farm/i/transistor/,Engine,https://buddy.farm/i/engine/,12
Transistor,https://buddy.farm/i/transistor/,Y73841 Detector,https://buddy.farm/i/y73841-detector/,50
Transistor,https://buddy.farm/i/transistor/,Power Monitor,https://buddy.farm/i/power-monitor/,5
Twine,https://buddy.farm/i/twine/,Leather Bag,https://buddy.farm/i/leather-bag/,2
Twine,https://buddy.farm/i/twine/,Horn Canteen,https://buddy.farm/i/horn-canteen/,1
Twine,https://buddy.farm/i/twine/,Spoon,https://buddy.farm/i/spoon/,1
Twine,https://buddy.farm/i/twine/,Rope,https://buddy.farm/i/rope/,3
Twine,https://buddy.farm/i/twine/,Wizard Hat,https://buddy.farm/i/wizard-hat/,3
Twine,https://buddy.farm/i/twine/,Compass,https://buddy.farm/i/compass/,1
Twine,https://buddy.farm/i/twine/,Wooden Bow,https://buddy.farm/i/wooden-bow/,2
Twine,https://buddy.farm/i/twine/,Sturdy Bow,https://buddy.farm/i/sturdy-bow/,2
Twine,https://buddy.farm/i/twine/,Lantern,https://buddy.farm/i/lantern/,2
Twine,https://buddy.farm/i/twine/,Fancy Pan Flute,https://buddy.farm/i/fancy-pan-flute/,5
Twine,https://buddy.farm/i/twine/,Leather Waterskin,https://buddy.farm/i/leather-waterskin/,2
Twine,https://buddy.farm/i/twine/,Blue Twine,https://buddy.farm/i/blue-twine/,1
Twine,https://buddy.farm/i/twine/,Green Cloak,https://buddy.farm/i/green-cloak/,10
Twine,https://buddy.farm/i/twine/,Wooden Sword,https://buddy.farm/i/wooden-sword/,4
Twine,https://buddy.farm/i/twine/,Yarn,https://buddy.farm/i/yarn/,4
Twine,https://buddy.farm/i/twine/,Green Twine,https://buddy.farm/i/green-twine/,1
Twine,https://buddy.farm/i/twine/,Bouquet of Flowers,https://buddy.farm/i/bouquet-of-flowers/,1
Twine,https://buddy.farm/i/twine/,Pearl Necklace,https://buddy.farm/i/pearl-necklace/,1
Twine,https://buddy.farm/i/twine/,Purple Twine,https://buddy.farm/i/purple-twine/,1
Twine,https://buddy.farm/i/twine/,Red Twine,https://buddy.farm/i/red-twine/,1
Twine,https://buddy.farm/i/twine/,Sewing Needle,https://buddy.farm/i/sewing-needle/,1
Twine,https://buddy.farm/i/twine/,Fancy Chair,https://buddy.farm/i/fancy-chair/,8
Twine,https://buddy.farm/i/twine/,Sunflower Oil,https://buddy.farm/i/sunflower-oil/,1
Twine,https://buddy.farm/i/twine/,Magus Hat,https://buddy.farm/i/magus-hat/,3
Twine,https://buddy.farm/i/twine/,Wooden Spear,https://buddy.farm/i/wooden-spear/,2
Twine,https://buddy.farm/i/twine/,Veggie Juice,https://buddy.farm/i/veggie-juice/,2
Twine,https://buddy.farm/i/twine/,Yellow Twine,https://buddy.farm/i/yellow-twine/,1
Twine,https://buddy.farm/i/twine/,White Cloak,https://buddy.farm/i/white-cloak/,10
Twine,https://buddy.farm/i/twine/,Brown Cloak,https://buddy.farm/i/brown-cloak/,10
Twine,https://buddy.farm/i/twine/,Orange Twine,https://buddy.farm/i/orange-twine/,1
Twine,https://buddy.farm/i/twine/,Black Twine,https://buddy.farm/i/black-twine/,1
Twine,https://buddy.farm/i/twine/,Brown Twine,https://buddy.farm/i/brown-twine/,1
Twine,https://buddy.farm/i/twine/,White Twine,https://buddy.farm/i/white-twine/,1
Twine,https://buddy.farm/i/twine/,Basic Pillow,https://buddy.farm/i/basic-pillow/,2
Twine,https://buddy.farm/i/twine/,Bamboo Fence,https://buddy.farm/i/bamboo-fence/,10
Twine,https://buddy.farm/i/twine/,Bamboo Trellis,https://buddy.farm/i/bamboo-trellis/,10
Twine,https://buddy.farm/i/twine/,Bamboo Chair,https://buddy.farm/i/bamboo-chair/,15
Unpolished Aquacite,https://buddy.farm/i/unpolished-aquacite/,Aquacite,https://buddy.farm/i/aquacite/,2
Unpolished Emerald,https://buddy.farm/i/unpolished-emerald/,Emerald,https://buddy.farm/i/emerald/,2
Unpolished Flarite,https://buddy.farm/i/unpolished-flarite/,Flarite,https://buddy.farm/i/flarite/,2
Unpolished Garnet,https://buddy.farm/i/unpolished-garnet/,Garnet,https://buddy.farm/i/garnet/,2
Unpolished Jade,https://buddy.farm/i/unpolished-jade/,Jade,https://buddy.farm/i/jade/,2
Unpolished Pyrite,https://buddy.farm/i/unpolished-pyrite/,Pyrite,https://buddy.farm/i/pyrite/,2
Unpolished Ruby,https://buddy.farm/i/unpolished-ruby/,Ruby,https://buddy.farm/i/ruby/,2
Unpolished Shimmer Stone,https://buddy.farm/i/unpolished-shimmer-stone/,Shimmer Stone,https://buddy.farm/i/shimmer-stone/,2
Wagon Wheel,https://buddy.farm/i/wagon-wheel/,Cannon,https://buddy.farm/i/cannon/,4
Watermelon,https://buddy.farm/i/watermelon/,Veggie Juice,https://buddy.farm/i/veggie-juice/,2
White Dye,https://buddy.farm/i/white-dye/,White Twine,https://buddy.farm/i/white-twine/,1
White Dye,https://buddy.farm/i/white-dye/,White Purse,https://buddy.farm/i/white-purse/,1
White Dye,https://buddy.farm/i/white-dye/,White Cloak,https://buddy.farm/i/white-cloak/,10
White Dye,https://buddy.farm/i/white-dye/,White Scarf,https://buddy.farm/i/white-scarf/,1
White Dye,https://buddy.farm/i/white-dye/,White Shirt,https://buddy.farm/i/white-shirt/,1
White Flowers,https://buddy.farm/i/white-flowers/,Bouquet of Flowers,https://buddy.farm/i/bouquet-of-flowers/,2
White Parchment,https://buddy.farm/i/white-parchment/,Green Diary,https://buddy.farm/i/green-diary/,1
White Parchment,https://buddy.farm/i/white-parchment/,Blue Diary,https://buddy.farm/i/blue-diary/,1
White Parchment,https://buddy.farm/i/white-parchment/,Leather Diary,https://buddy.farm/i/leather-diary/,1
White Parchment,https://buddy.farm/i/white-parchment/,Bouquet of Flowers,https://buddy.farm/i/bouquet-of-flowers/,1
White Parchment,https://buddy.farm/i/white-parchment/,Purple Diary,https://buddy.farm/i/purple-diary/,1
White Parchment,https://buddy.farm/i/white-parchment/,Grand Piano,https://buddy.farm/i/grand-piano/,10
White Parchment,https://buddy.farm/i/white-parchment/,Red Diary,https://buddy.farm/i/red-diary/,1
White Sugar,https://buddy.farm/i/white-sugar/,Sugar Cube,https://buddy.farm/i/sugar-cube/,1
White Sugar,https://buddy.farm/i/white-sugar/,Shamrock Milk,https://buddy.farm/i/shamrock-milk/,2
Wood,https://buddy.farm/i/wood/,Board,https://buddy.farm/i/board/,5
Wood,https://buddy.farm/i/wood/,Horn Canteen,https://buddy.farm/i/horn-canteen/,1
Wood,https://buddy.farm/i/wood/,Fancy Pipe,https://buddy.farm/i/fancy-pipe/,2
Wood,https://buddy.farm/i/wood/,Scissors,https://buddy.farm/i/scissors/,2
Wood,https://buddy.farm/i/wood/,Compass,https://buddy.farm/i/compass/,2
Wood,https://buddy.farm/i/wood/,Hourglass,https://buddy.farm/i/hourglass/,6
Wood,https://buddy.farm/i/wood/,Wooden Bow,https://buddy.farm/i/wooden-bow/,4
Wood,https://buddy.farm/i/wood/,Bottle Rocket,https://buddy.farm/i/bottle-rocket/,3
Wood,https://buddy.farm/i/wood/,Twine,https://buddy.farm/i/twine/,1
Wood,https://buddy.farm/i/wood/,Fancy Pan Flute,https://buddy.farm/i/fancy-pan-flute/,9
Wood,https://buddy.farm/i/wood/,Red Butterfly,https://buddy.farm/i/red-butterfly/,1
Wood,https://buddy.farm/i/wood/,Awl,https://buddy.farm/i/awl/,1
Wood,https://buddy.farm/i/wood/,Wooden Button,https://buddy.farm/i/wooden-button/,1
Wood,https://buddy.farm/i/wood/,Purple Butterfly,https://buddy.farm/i/purple-butterfly/,1
Wood,https://buddy.farm/i/wood/,Blue Butterfly,https://buddy.farm/i/blue-butterfly/,1
Wood,https://buddy.farm/i/wood/,Grand Piano,https://buddy.farm/i/grand-piano/,88
Wood,https://buddy.farm/i/wood/,Green Butterfly,https://buddy.farm/i/green-butterfly/,1
Wood,https://buddy.farm/i/wood/,Wooden Spear,https://buddy.farm/i/wooden-spear/,1
Wood,https://buddy.farm/i/wood/,Orange Butterfly,https://buddy.farm/i/orange-butterfly/,1
Wood,https://buddy.farm/i/wood/,Yellow Butterfly,https://buddy.farm/i/yellow-butterfly/,1
Wooden Barrel,https://buddy.farm/i/wooden-barrel/,Butter Churn,https://buddy.farm/i/butter-churn/,1
Wooden Box,https://buddy.farm/i/wooden-box/,Sugar Cube,https://buddy.farm/i/sugar-cube/,1
Wooden Button,https://buddy.farm/i/wooden-button/,Leather Helmet,https://buddy.farm/i/leather-helmet/,2
Wooden Button,https://buddy.farm/i/wooden-button/,Rucksack,https://buddy.farm/i/rucksack/,4
Wooden Button,https://buddy.farm/i/wooden-button/,Corn Husk Doll,https://buddy.farm/i/corn-husk-doll/,2
Wooden Plank,https://buddy.farm/i/wooden-plank/,Handsaw,https://buddy.farm/i/handsaw/,1
Wooden Plank,https://buddy.farm/i/wooden-plank/,Wooden Table,https://buddy.farm/i/wooden-table/,1
Wooden Plank,https://buddy.farm/i/wooden-plank/,Ship Mast,https://buddy.farm/i/ship-mast/,12
Wooden Plank,https://buddy.farm/i/wooden-plank/,Treasure Chest,https://buddy.farm/i/treasure-chest/,6
Wooden Plank,https://buddy.farm/i/wooden-plank/,Wooden Shield,https://buddy.farm/i/wooden-shield/,1
Wooden Plank,https://buddy.farm/i/wooden-plank/,Sturdy Shield,https://buddy.farm/i/sturdy-shield/,1
Wooden Plank,https://buddy.farm/i/wooden-plank/,Red Trunk,https://buddy.farm/i/red-trunk/,6
Wooden Plank,https://buddy.farm/i/wooden-plank/,Steel Vise,https://buddy.farm/i/steel-vise/,1
Wooden Plank,https://buddy.farm/i/wooden-plank/,Sturdy Box,https://buddy.farm/i/sturdy-box/,6
Wooden Plank,https://buddy.farm/i/wooden-plank/,Wooden Box,https://buddy.farm/i/wooden-box/,6
Wooden Plank,https://buddy.farm/i/wooden-plank/,Grand Piano,https://buddy.farm/i/grand-piano/,11
Wooden Shield,https://buddy.farm/i/wooden-shield/,Red Shield,https://buddy.farm/i/red-shield/,1
Wooden Shield,https://buddy.farm/i/wooden-shield/,Green Shield,https://buddy.farm/i/green-shield/,1
Worms,https://buddy.farm/i/worms/,Chum,https://buddy.farm/i/chum/,10
Wrench,https://buddy.farm/i/wrench/,Energy Coil,https://buddy.farm/i/energy-coil/,1
Y73841 Blueprint,https://buddy.farm/i/y73841-blueprint/,Y73841 Detector,https://buddy.farm/i/y73841-detector/,1
Yarn,https://buddy.farm/i/yarn/,Green Scarf,https://buddy.farm/i/green-scarf/,2
Yarn,https://buddy.farm/i/yarn/,Fancy Drum,https://buddy.farm/i/fancy-drum/,4
Yarn,https://buddy.farm/i/yarn/,Seashell Necklace,https://buddy.farm/i/seashell-necklace/,4
Yarn,https://buddy.farm/i/yarn/,Red Scarf,https://buddy.farm/i/red-scarf/,2
Yarn,https://buddy.farm/i/yarn/,Snow Shoes,https://buddy.farm/i/snow-shoes/,32
Yarn,https://buddy.farm/i/yarn/,Yellow Scarf,https://buddy.farm/i/yellow-scarf/,2
Yarn,https://buddy.farm/i/yarn/,Orange Scarf,https://buddy.farm/i/orange-scarf/,2
Yarn,https://buddy.farm/i/yarn/,Black Scarf,https://buddy.farm/i/black-scarf/,2
Yarn,https://buddy.farm/i/yarn/,White Scarf,https://buddy.farm/i/white-scarf/,2
Yarn,https://buddy.farm/i/yarn/,Tie Dye Scarf,https://buddy.farm/i/tie-dye-scarf/,6
Yellow Dye,https://buddy.farm/i/yellow-dye/,Yellow Purse,https://buddy.farm/i/yellow-purse/,1
Yellow Dye,https://buddy.farm/i/yellow-dye/,Yellow Twine,https://buddy.farm/i/yellow-twine/,1
Yellow Dye,https://buddy.farm/i/yellow-dye/,Yellow Bag,https://buddy.farm/i/yellow-bag/,1
Yellow Dye,https://buddy.farm/i/yellow-dye/,Yellow Butterfly,https://buddy.farm/i/yellow-butterfly/,1
Yellow Dye,https://buddy.farm/i/yellow-dye/,Yellow Scarf,https://buddy.farm/i/yellow-scarf/,1
Yellow Dye,https://buddy.farm/i/yellow-dye/,Yellow Shirt,https://buddy.farm/i/yellow-shirt/,1
Yellow Dye,https://buddy.farm/i/yellow-dye/,Tie Dye Scarf,https://buddy.farm/i/tie-dye-scarf/,1
Yellow Dye,https://buddy.farm/i/yellow-dye/,Propeller Hat,https://buddy.farm/i/propeller-hat/,2
Yellow Flowers,https://buddy.farm/i/yellow-flowers/,Bouquet of Flowers,https://buddy.farm/i/bouquet-of-flowers/,2