output_item_name,output_buddy_url,recipe_type,ingredient_item_name,ingredient_buddy_url,quantity
Acorn Butter,https://buddy.farm/i/acorn-butter/,craft,Acorn,https://buddy.farm/i/acorn/,75
Acorn Butter,https://buddy.farm/i/acorn-butter/,craft,Glass Bottle,https://buddy.farm/i/glass-bottle/,1
Acorn Pie,https://buddy.farm/i/acorn-pie/,cooking,Coal,https://buddy.farm/i/coal/,1500
Acorn Pie,https://buddy.farm/i/acorn-pie/,cooking,Acorn,https://buddy.farm/i/acorn/,400
Acorn Pie,https://buddy.farm/i/acorn-pie/,cooking,Butter,https://buddy.farm/i/butter/,25
Acorn Pie,https://buddy.farm/i/acorn-pie/,cooking,Flour,https://buddy.farm/i/flour/,25
Acorn Pie,https://buddy.farm/i/acorn-pie/,cooking,Salt,https://buddy.farm/i/salt/,10
Acorn Pie,https://buddy.farm/i/acorn-pie/,cooking,Molasses,https://buddy.farm/i/molasses/,7
Acorn Pie,https://buddy.farm/i/acorn-pie/,cooking,Brown Sugar,https://buddy.farm/i/brown-sugar/,5
Acorn Pie,https://buddy.farm/i/acorn-pie/,cooking,Pie Pan,https://buddy.farm/i/pie-pan/,1
Amber Cane,https://buddy.farm/i/amber-cane/,craft,Bone,https://buddy.farm/i/bone/,1
Amber Cane,https://buddy.farm/i/amber-cane/,craft,Iron Ring,https://buddy.farm/i/iron-ring/,2
Amber Cane,https://buddy.farm/i/amber-cane/,craft,Mushroom Paste,https://buddy.farm/i/mushroom-paste/,1
Amber Cane,https://buddy.farm/i/amber-cane/,craft,Oak,https://buddy.farm/i/oak/,1
Amber Cane,https://buddy.farm/i/amber-cane/,craft,Sand,https://buddy.farm/i/sand/,3
Amber Cane,https://buddy.farm/i/amber-cane/,craft,Amber,https://buddy.farm/i/amber/,1
Amethyst Necklace,https://buddy.farm/i/amethyst-necklace/,craft,Iron Ring,https://buddy.farm/i/iron-ring/,2
Amethyst Necklace,https://buddy.farm/i/amethyst-necklace/,craft,Amethyst,https://buddy.farm/i/amethyst/,1
Apple Cider,https://buddy.farm/i/apple-cider/,craft,Apple,https://buddy.farm/i/apple/,40
Apple Cider,https://buddy.farm/i/apple-cider/,craft,Glass Bottle,https://buddy.farm/i/glass-bottle/,1
Apple Cider,https://buddy.farm/i/apple-cider/,craft,Orange,https://buddy.farm/i/orange/,1
Aquacite,https://buddy.farm/i/aquacite/,craft,Unpolished Aquacite,https://buddy.farm/i/unpolished-aquacite/,2
Aquamarine Ring,https://buddy.farm/i/aquamarine-ring/,craft,Aquamarine,https://buddy.farm/i/aquamarine/,1
Aquamarine Ring,https://buddy.farm/i/aquamarine-ring/,craft,Mushroom Paste,https://buddy.farm/i/mushroom-paste/,1
Aquamarine Ring,https://buddy.farm/i/aquamarine-ring/,craft,Iron Ring,https://buddy.farm/i/iron-ring/,1
Arnold Palmer,https://buddy.farm/i/arnold-palmer/,craft,Lemonade,https://buddy.farm/i/lemonade/,20
Arnold Palmer,https://buddy.farm/i/arnold-palmer/,craft,Iced Tea,https://buddy.farm/i/iced-tea/,1
Awl,https://buddy.farm/i/awl/,craft,Iron,https://buddy.farm/i/iron/,1
Awl,https://buddy.farm/i/awl/,craft,Wood,https://buddy.farm/i/wood/,1
Awl,https://buddy.farm/i/awl/,craft,Iron Ring,https://buddy.farm/i/iron-ring/,2
Axe,https://buddy.farm/i/axe/,craft,Iron,https://buddy.farm/i/iron/,1
Axe,https://buddy.farm/i/axe/,craft,Nails,https://buddy.farm/i/nails/,2
Axe,https://buddy.farm/i/axe/,craft,Board,https://buddy.farm/i/board/,1
Axe,https://buddy.farm/i/axe/,craft,Stone,https://buddy.farm/i/stone/,1
Axe,https://buddy.farm/i/axe/,craft,Mushroom Paste,https://buddy.farm/i/mushroom-paste/,1
Bamboo Chair,https://buddy.farm/i/bamboo-chair/,craft,Twine,https://buddy.farm/i/twine/,15
Bamboo Chair,https://buddy.farm/i/bamboo-chair/,craft,Bamboo,https://buddy.farm/i/bamboo/,30
Bamboo Chair,https://buddy.farm/i/bamboo-chair/,craft,Basic Pillow,https://buddy.farm/i/basic-pillow/,1
Bamboo Fence,https://buddy.farm/i/bamboo-fence/,craft,Board,https://buddy.farm/i/board/,10
Bamboo Fence,https://buddy.farm/i/bamboo-fence/,craft,Twine,https://buddy.farm/i/twine/,10
Bamboo Fence,https://buddy.farm/i/bamboo-fence/,craft,Bamboo,https://buddy.farm/i/bamboo/,35
Bamboo Flute,https://buddy.farm/i/bamboo-flute/,craft,Steel Wire,https://buddy.farm/i/steel-wire/,1
Bamboo Flute,https://buddy.farm/i/bamboo-flute/,craft,Awl,https://buddy.farm/i/awl/,1
Bamboo Flute,https://buddy.farm/i/bamboo-flute/,craft,Bamboo,https://buddy.farm/i/bamboo/,2
Bamboo Rope,https://buddy.farm/i/bamboo-rope/,craft,Bamboo,https://buddy.farm/i/bamboo/,4
Bamboo Trellis,https://buddy.farm/i/bamboo-trellis/,craft,Twine,https://buddy.farm/i/twine/,10
Bamboo Trellis,https://buddy.farm/i/bamboo-trellis/,craft,Bamboo,https://buddy.farm/i/bamboo/,20
Barbed Wire,https://buddy.farm/i/barbed-wire/,craft,Thorns,https://buddy.farm/i/thorns/,5
Barbed Wire,https://buddy.farm/i/barbed-wire/,craft,Steel Wire,https://buddy.farm/i/steel-wire/,1
Basic Pillow,https://buddy.farm/i/basic-pillow/,craft,Feathers,https://buddy.farm/i/feathers/,25
Basic Pillow,https://buddy.farm/i/basic-pillow/,craft,Twine,https://buddy.farm/i/twine/,2
Basic Pillow,https://buddy.farm/i/basic-pillow/,craft,Cloth,https://buddy.farm/i/cloth/,2
Belt Drive,https://buddy.farm/i/belt-drive/,craft,Purple Dye,https://buddy.farm/i/purple-dye/,1
Belt Drive,https://buddy.farm/i/belt-drive/,craft,Rope,https://buddy.farm/i/rope/,1
Belt Drive,https://buddy.farm/i/belt-drive/,craft,Pulley,https://buddy.farm/i/pulley/,2
Black Bag,https://buddy.farm/i/black-bag/,craft,Leather Bag,https://buddy.farm/i/leather-bag/,1
Black Bag,https://buddy.farm/i/black-bag/,craft,Black Dye,https://buddy.farm/i/black-dye/,1
Black Cloak,https://buddy.farm/i/black-cloak/,craft,Leather,https://buddy.farm/i/leather/,5
Black Cloak,https://buddy.farm/i/black-cloak/,craft,Cotton,https://buddy.farm/i/cotton/,1
Black Cloak,https://buddy.farm/i/black-cloak/,craft,Black Twine,https://buddy.farm/i/black-twine/,10
Black Cloak,https://buddy.farm/i/black-cloak/,craft,Black Dye,https://buddy.farm/i/black-dye/,10
Black Dye,https://buddy.farm/i/black-dye/,craft,Glass Bottle,https://buddy.farm/i/glass-bottle/,1
Black Dye,https://buddy.farm/i/black-dye/,craft,Shadow Bloom,https://buddy.farm/i/shadow-bloom/,3
Black Powder,https://buddy.farm/i/black-powder/,craft,Coal,https://buddy.farm/i/coal/,3
Black Purse,https://buddy.farm/i/black-purse/,craft,Coin Purse,https://buddy.farm/i/coin-purse/,1
Black Purse,https://buddy.farm/i/black-purse/,craft,Black Dye,https://buddy.farm/i/black-dye/,1
Black Scarf,https://buddy.farm/i/black-scarf/,craft,Yarn,https://buddy.farm/i/yarn/,2
Black Scarf,https://buddy.farm/i/black-scarf/,craft,Black Dye,https://buddy.farm/i/black-dye/,1
Black Shield,https://buddy.farm/i/black-shield/,craft,Steel,https://buddy.farm/i/steel/,3
Black Shield,https://buddy.farm/i/black-shield/,craft,Sturdy Shield,https://buddy.farm/i/sturdy-shield/,1
Black Shield,https://buddy.farm/i/black-shield/,craft,Black Dye,https://buddy.farm/i/black-dye/,1
Black Shirt,https://buddy.farm/i/black-shirt/,craft,Sewing Needle,https://buddy.farm/i/sewing-needle/,1
Black Shirt,https://buddy.farm/i/black-shirt/,craft,Black Dye,https://buddy.farm/i/black-dye/,1
Black Shirt,https://buddy.farm/i/black-shirt/,craft,Cloth,https://buddy.farm/i/cloth/,10
Black Twine,https://buddy.farm/i/black-twine/,craft,Twine,https://buddy.farm/i/twine/,1
Black Twine,https://buddy.farm/i/black-twine/,craft,Black Dye,https://buddy.farm/i/black-dye/,1
Block of Wood,https://buddy.farm/i/block-of-wood/,craft,Axe,https://buddy.farm/i/axe/,1
Block of Wood,https://buddy.farm/i/block-of-wood/,craft,Pine Tree,https://buddy.farm/i/pine-tree/,1
Block of Wood,https://buddy.farm/i/block-of-wood/,craft,Handsaw,https://buddy.farm/i/handsaw/,1
Blue Butterfly,https://buddy.farm/i/blue-butterfly/,craft,Wood,https://buddy.farm/i/wood/,1
Blue Butterfly,https://buddy.farm/i/blue-butterfly/,craft,Caterpillar,https://buddy.farm/i/caterpillar/,1
Blue Butterfly,https://buddy.farm/i/blue-butterfly/,craft,Blue Dye,https://buddy.farm/i/blue-dye/,1
Blue Butterfly,https://buddy.farm/i/blue-butterfly/,craft,Silk,https://buddy.farm/i/silk/,3
Blue Diary,https://buddy.farm/i/blue-diary/,craft,White Parchment,https://buddy.farm/i/white-parchment/,1
Blue Diary,https://buddy.farm/i/blue-diary/,craft,Blue Parchment,https://buddy.farm/i/blue-parchment/,1
Blue Diary,https://buddy.farm/i/blue-diary/,craft,Mushroom Paste,https://buddy.farm/i/mushroom-paste/,1
Blue Dye,https://buddy.farm/i/blue-dye/,craft,Glass Bottle,https://buddy.farm/i/glass-bottle/,1
Blue Dye,https://buddy.farm/i/blue-dye/,craft,Blue Feathers,https://buddy.farm/i/blue-feathers/,3
Blue Parchment,https://buddy.farm/i/blue-parchment/,craft,Blue Feathers,https://buddy.farm/i/blue-feathers/,3
Blue Purse,https://buddy.farm/i/blue-purse/,craft,Blue Dye,https://buddy.farm/i/blue-dye/,1
Blue Purse,https://buddy.farm/i/blue-purse/,craft,Coin Purse,https://buddy.farm/i/coin-purse/,1
Blue Shirt,https://buddy.farm/i/blue-shirt/,craft,Blue Dye,https://buddy.farm/i/blue-dye/,1
Blue Shirt,https://buddy.farm/i/blue-shirt/,craft,Sewing Needle,https://buddy.farm/i/sewing-needle/,1
Blue Shirt,https://buddy.farm/i/blue-shirt/,craft,Cloth,https://buddy.farm/i/cloth/,10
Blue Twine,https://buddy.farm/i/blue-twine/,craft,Twine,https://buddy.farm/i/twine/,1
Blue Twine,https://buddy.farm/i/blue-twine/,craft,Blue Dye,https://buddy.farm/i/blue-dye/,1
Board,https://buddy.farm/i/board/,craft,Wood,https://buddy.farm/i/wood/,5
Bone Broth,https://buddy.farm/i/bone-broth/,cooking,Bone,https://buddy.farm/i/bone/,10
Bone Broth,https://buddy.farm/i/bone-broth/,cooking,Coal,https://buddy.farm/i/coal/,5
Bone Broth,https://buddy.farm/i/bone-broth/,cooking,Cooking Pot,https://buddy.farm/i/cooking-pot/,1
Bone Pickaxe,https://buddy.farm/i/bone-pickaxe/,craft,Mushroom Paste,https://buddy.farm/i/mushroom-paste/,1
Bone Pickaxe,https://buddy.farm/i/bone-pickaxe/,craft,Bone,https://buddy.farm/i/bone/,1
Bone Pickaxe,https://buddy.farm/i/bone-pickaxe/,craft,Pickaxe,https://buddy.farm/i/pickaxe/,1
Bottle Rocket,https://buddy.farm/i/bottle-rocket/,craft,Black Powder,https://buddy.farm/i/black-powder/,1
Bottle Rocket,https://buddy.farm/i/bottle-rocket/,craft,Wood,https://buddy.farm/i/wood/,3
Bottle Rocket,https://buddy.farm/i/bottle-rocket/,craft,Feathers,https://buddy.farm/i/feathers/,2
Bouquet of Flowers,https://buddy.farm/i/bouquet-of-flowers/,craft,Red Flowers,https://buddy.farm/i/red-flowers/,2
Bouquet of Flowers,https://buddy.farm/i/bouquet-of-flowers/,craft,White Parchment,https://buddy.farm/i/white-parchment/,1
Bouquet of Flowers,https://buddy.farm/i/bouquet-of-flowers/,craft,Yellow Flowers,https://buddy.farm/i/yellow-flowers/,2
Bouquet of Flowers,https://buddy.farm/i/bouquet-of-flowers/,craft,Blue Flowers,https://buddy.farm/i/blue-flowers/,2
Bouquet of Flowers,https://buddy.farm/i/bouquet-of-flowers/,craft,Orange Flowers,https://buddy.farm/i/orange-flowers/,2
Bouquet of Flowers,https://buddy.farm/i/bouquet-of-flowers/,craft,Twine,https://buddy.farm/i/twine/,1
Bouquet of Flowers,https://buddy.farm/i/bouquet-of-flowers/,craft,White Flowers,https://buddy.farm/i/white-flowers/,2
Breakfast Boost,https://buddy.farm/i/breakfast-boost/,cooking,Coal,https://buddy.farm/i/coal/,120
Breakfast Boost,https://buddy.farm/i/breakfast-boost/,cooking,Flour,https://buddy.farm/i/flour/,4
Breakfast Boost,https://buddy.farm/i/breakfast-boost/,cooking,Eggs,https://buddy.farm/i/eggs/,3
Breakfast Boost,https://buddy.farm/i/breakfast-boost/,cooking,Cabbage,https://buddy.farm/i/cabbage/,2
Breakfast Boost,https://buddy.farm/i/breakfast-boost/,cooking,Butter,https://buddy.farm/i/butter/,1
Breakfast Boost,https://buddy.farm/i/breakfast-boost/,cooking,Cheese,https://buddy.farm/i/cheese/,1
Breakfast Boost,https://buddy.farm/i/breakfast-boost/,cooking,Grape Juice,https://buddy.farm/i/grape-juice/,1
Broom,https://buddy.farm/i/broom/,craft,Board,https://buddy.farm/i/board/,1
Broom,https://buddy.farm/i/broom/,craft,Straw,https://buddy.farm/i/straw/,1
Brown Bag,https://buddy.farm/i/brown-bag/,craft,Leather Bag,https://buddy.farm/i/leather-bag/,1
Brown Bag,https://buddy.farm/i/brown-bag/,craft,Brown Dye,https://buddy.farm/i/brown-dye/,1
Brown Cloak,https://buddy.farm/i/brown-cloak/,craft,Leather,https://buddy.farm/i/leather/,5
Brown Cloak,https://buddy.farm/i/brown-cloak/,craft,Twine,https://buddy.farm/i/twine/,10
Brown Cloak,https://buddy.farm/i/brown-cloak/,craft,Cotton,https://buddy.farm/i/cotton/,1
Brown Cloak,https://buddy.farm/i/brown-cloak/,craft,Brown Dye,https://buddy.farm/i/brown-dye/,10
Brown Dye,https://buddy.farm/i/brown-dye/,craft,Glass Bottle,https://buddy.farm/i/glass-bottle/,1
Brown Dye,https://buddy.farm/i/brown-dye/,craft,Mudcap,https://buddy.farm/i/mudcap/,3
Brown Twine,https://buddy.farm/i/brown-twine/,craft,Twine,https://buddy.farm/i/twine/,1
Brown Twine,https://buddy.farm/i/brown-twine/,craft,Brown Dye,https://buddy.farm/i/brown-dye/,1
Bucket,https://buddy.farm/i/bucket/,craft,Board,https://buddy.farm/i/board/,5
Bucket,https://buddy.farm/i/bucket/,craft,Iron,https://buddy.farm/i/iron/,1
Butter,https://buddy.farm/i/butter/,craft,Milk,https://buddy.farm/i/milk/,25
Butter,https://buddy.farm/i/butter/,craft,Salt,https://buddy.farm/i/salt/,1
Butter,https://buddy.farm/i/butter/,craft,Butter Churn,https://buddy.farm/i/butter-churn/,1
Butter Churn,https://buddy.farm/i/butter-churn/,craft,Board,https://buddy.farm/i/board/,1
Butter Churn,https://buddy.farm/i/butter-churn/,craft,Wooden Barrel,https://buddy.farm/i/wooden-barrel/,1
Cabbage Stew,https://buddy.farm/i/cabbage-stew/,cooking,Coal,https://buddy.farm/i/coal/,480
Cabbage Stew,https://buddy.farm/i/cabbage-stew/,cooking,Cabbage,https://buddy.farm/i/cabbage/,250
Cabbage Stew,https://buddy.farm/i/cabbage-stew/,cooking,Salt,https://buddy.farm/i/salt/,50
Cabbage Stew,https://buddy.farm/i/cabbage-stew/,cooking,Carrot,https://buddy.farm/i/carrot/,40
Cabbage Stew,https://buddy.farm/i/cabbage-stew/,cooking,Potato,https://buddy.farm/i/potato/,40
Cabbage Stew,https://buddy.farm/i/cabbage-stew/,cooking,Herbs,https://buddy.farm/i/herbs/,25
Cabbage Stew,https://buddy.farm/i/cabbage-stew/,cooking,Leek,https://buddy.farm/i/leek/,25
Cabbage Stew,https://buddy.farm/i/cabbage-stew/,cooking,Onion,https://buddy.farm/i/onion/,25
Cabbage Stew,https://buddy.farm/i/cabbage-stew/,cooking,Tomato,https://buddy.farm/i/tomato/,15
Cabbage Stew,https://buddy.farm/i/cabbage-stew/,cooking,Bone Broth,https://buddy.farm/i/bone-broth/,5
Cannon,https://buddy.farm/i/cannon/,craft,Board,https://buddy.farm/i/board/,12
Cannon,https://buddy.farm/i/cannon/,craft,Black Powder,https://buddy.farm/i/black-powder/,10
Cannon,https://buddy.farm/i/cannon/,craft,Steel,https://buddy.farm/i/steel/,25
Cannon,https://buddy.farm/i/cannon/,craft,Machine Part,https://buddy.farm/i/machine-part/,6
Cannon,https://buddy.farm/i/cannon/,craft,Scrap Metal,https://buddy.farm/i/scrap-metal/,25
Cannon,https://buddy.farm/i/cannon/,craft,Emberstone,https://buddy.farm/i/emberstone/,10
Cannon,https://buddy.farm/i/cannon/,craft,Wagon Wheel,https://buddy.farm/i/wagon-wheel/,4
Canoe,https://buddy.farm/i/canoe/,craft,Blue Gel,https://buddy.farm/i/blue-gel/,10
Canoe,https://buddy.farm/i/canoe/,craft,Board,https://buddy.farm/i/board/,4
Canoe,https://buddy.farm/i/canoe/,craft,Mushroom Paste,https://buddy.farm/i/mushroom-paste/,5
Canoe,https://buddy.farm/i/canoe/,craft,Nails,https://buddy.farm/i/nails/,10
Canoe,https://buddy.farm/i/canoe/,craft,Rope,https://buddy.farm/i/rope/,2
Canoe,https://buddy.farm/i/canoe/,craft,Oak,https://buddy.farm/i/oak/,100
Cat's Meow,https://buddy.farm/i/cat-s-meow/,cooking,Coal,https://buddy.farm/i/coal/,120
Cat's Meow,https://buddy.farm/i/cat-s-meow/,cooking,Fish Bones,https://buddy.farm/i/fish-bones/,25
Cat's Meow,https://buddy.farm/i/cat-s-meow/,cooking,Milk,https://buddy.farm/i/milk/,5
Cat's Meow,https://buddy.farm/i/cat-s-meow/,cooking,Onion,https://buddy.farm/i/onion/,5
Cat's Meow,https://buddy.farm/i/cat-s-meow/,cooking,Essence of Slime,https://buddy.farm/i/essence-of-slime/,3
Cat's Meow,https://buddy.farm/i/cat-s-meow/,cooking,Bone Broth,https://buddy.farm/i/bone-broth/,1
Cat's Meow,https://buddy.farm/i/cat-s-meow/,cooking,Cooking Pot,https://buddy.farm/i/cooking-pot/,1
Cat's Meow,https://buddy.farm/i/cat-s-meow/,cooking,Salt,https://buddy.farm/i/salt/,1
Chum,https://buddy.farm/i/chum/,craft,Minnows,https://buddy.farm/i/minnows/,4
Chum,https://buddy.farm/i/chum/,craft,Worms,https://buddy.farm/i/worms/,10
Chum,https://buddy.farm/i/chum/,craft,Bucket,https://buddy.farm/i/bucket/,1
Chum,https://buddy.farm/i/chum/,craft,Grubs,https://buddy.farm/i/grubs/,7
Cloth,https://buddy.farm/i/cloth/,craft,Scrap Cloth,https://buddy.farm/i/scrap-cloth/,3
Coin Purse,https://buddy.farm/i/coin-purse/,craft,Iron Ring,https://buddy.farm/i/iron-ring/,1
Coin Purse,https://buddy.farm/i/coin-purse/,craft,Leather,https://buddy.farm/i/leather/,2
Compass,https://buddy.farm/i/compass/,craft,Ruby,https://buddy.farm/i/ruby/,1
Compass,https://buddy.farm/i/compass/,craft,Aquamarine,https://buddy.farm/i/aquamarine/,1
Compass,https://buddy.farm/i/compass/,craft,Iron Ring,https://buddy.farm/i/iron-ring/,1
Compass,https://buddy.farm/i/compass/,craft,Twine,https://buddy.farm/i/twine/,1
Compass,https://buddy.farm/i/compass/,craft,Small Screw,https://buddy.farm/i/small-screw/,4
Compass,https://buddy.farm/i/compass/,craft,Magna Core,https://buddy.farm/i/magna-core/,1
Compass,https://buddy.farm/i/compass/,craft,Wood,https://buddy.farm/i/wood/,2
Compass,https://buddy.farm/i/compass/,craft,Glass Orb,https://buddy.farm/i/glass-orb/,1
Concord Grape Pie,https://buddy.farm/i/concord-grape-pie/,cooking,Coal,https://buddy.farm/i/coal/,750
Concord Grape Pie,https://buddy.farm/i/concord-grape-pie/,cooking,Grapes,https://buddy.farm/i/grapes/,100
Concord Grape Pie,https://buddy.farm/i/concord-grape-pie/,cooking,Sweet Root,https://buddy.farm/i/sweet-root/,100
Concord Grape Pie,https://buddy.farm/i/concord-grape-pie/,cooking,Flour,https://buddy.farm/i/flour/,25
Concord Grape Pie,https://buddy.farm/i/concord-grape-pie/,cooking,Eggs,https://buddy.farm/i/eggs/,10
Concord Grape Pie,https://buddy.farm/i/concord-grape-pie/,cooking,Salt,https://buddy.farm/i/salt/,10
Concord Grape Pie,https://buddy.farm/i/concord-grape-pie/,cooking,Butter,https://buddy.farm/i/butter/,5
Concord Grape Pie,https://buddy.farm/i/concord-grape-pie/,cooking,Milk,https://buddy.farm/i/milk/,1
Concord Grape Pie,https://buddy.farm/i/concord-grape-pie/,cooking,Pie Pan,https://buddy.farm/i/pie-pan/,1
Control Box,https://buddy.farm/i/control-box/,craft,Small Screw,https://buddy.farm/i/small-screw/,2
Control Box,https://buddy.farm/i/control-box/,craft,Steel Plate,https://buddy.farm/i/steel-plate/,2
Control Box,https://buddy.farm/i/control-box/,craft,Small Spring,https://buddy.farm/i/small-spring/,3
Control Box,https://buddy.farm/i/control-box/,craft,Broken Pipe,https://buddy.farm/i/broken-pipe/,3
Control Box,https://buddy.farm/i/control-box/,craft,Machine Part,https://buddy.farm/i/machine-part/,10
Control Box,https://buddy.farm/i/control-box/,craft,Moonstone,https://buddy.farm/i/moonstone/,3
Cooking Pot,https://buddy.farm/i/cooking-pot/,craft,Moonstone,https://buddy.farm/i/moonstone/,1
Cooking Pot,https://buddy.farm/i/cooking-pot/,craft,Iron,https://buddy.farm/i/iron/,25
Cooking Pot,https://buddy.farm/i/cooking-pot/,craft,Emberstone,https://buddy.farm/i/emberstone/,25
Corn Husk Doll,https://buddy.farm/i/corn-husk-doll/,craft,Corn,https://buddy.farm/i/corn/,3
Corn Husk Doll,https://buddy.farm/i/corn-husk-doll/,craft,Red Twine,https://buddy.farm/i/red-twine/,5
Corn Husk Doll,https://buddy.farm/i/corn-husk-doll/,craft,Wooden Button,https://buddy.farm/i/wooden-button/,2
Corn Oil,https://buddy.farm/i/corn-oil/,craft,Corn,https://buddy.farm/i/corn/,8
Corn Oil,https://buddy.farm/i/corn-oil/,craft,Machine Press,https://buddy.farm/i/machine-press/,1
Corn Oil,https://buddy.farm/i/corn-oil/,craft,Glass Bottle,https://buddy.farm/i/glass-bottle/,1
Crossbow,https://buddy.farm/i/crossbow/,craft,Arrowhead,https://buddy.farm/i/arrowhead/,1
Crossbow,https://buddy.farm/i/crossbow/,craft,Iron,https://buddy.farm/i/iron/,2
Crossbow,https://buddy.farm/i/crossbow/,craft,Iron Ring,https://buddy.farm/i/iron-ring/,2
Crossbow,https://buddy.farm/i/crossbow/,craft,Steel Wire,https://buddy.farm/i/steel-wire/,2
Crossbow,https://buddy.farm/i/crossbow/,craft,Oak,https://buddy.farm/i/oak/,3
Crown of Clover,https://buddy.farm/i/crown-of-clover/,craft,3-leaf Clover,https://buddy.farm/i/3-leaf-clover/,20
Crown of Clover,https://buddy.farm/i/crown-of-clover/,craft,4-leaf Clover,https://buddy.farm/i/4-leaf-clover/,2
Crown of Clover,https://buddy.farm/i/crown-of-clover/,craft,Steel Wire,https://buddy.farm/i/steel-wire/,1
Crystal Pickaxe,https://buddy.farm/i/crystal-pickaxe/,craft,Stone,https://buddy.farm/i/stone/,1
Crystal Pickaxe,https://buddy.farm/i/crystal-pickaxe/,craft,Mushroom Paste,https://buddy.farm/i/mushroom-paste/,1
Crystal Pickaxe,https://buddy.farm/i/crystal-pickaxe/,craft,Pickaxe,https://buddy.farm/i/pickaxe/,1
Crystal Pickaxe,https://buddy.farm/i/crystal-pickaxe/,craft,Fairy Crystal,https://buddy.farm/i/fairy-crystal/,1
Crystal Pickaxe,https://buddy.farm/i/crystal-pickaxe/,craft,Lapis Lazuli,https://buddy.farm/i/lapis-lazuli/,1
Emerald,https://buddy.farm/i/emerald/,craft,Unpolished Emerald,https://buddy.farm/i/unpolished-emerald/,2
Emerald,https://buddy.farm/i/emerald/,craft,Stone,https://buddy.farm/i/stone/,2
Emerald Ring,https://buddy.farm/i/emerald-ring/,craft,Iron Ring,https://buddy.farm/i/iron-ring/,1
Emerald Ring,https://buddy.farm/i/emerald-ring/,craft,Mushroom Paste,https://buddy.farm/i/mushroom-paste/,1
Emerald Ring,https://buddy.farm/i/emerald-ring/,craft,Emerald,https://buddy.farm/i/emerald/,1
Energy Coil,https://buddy.farm/i/energy-coil/,craft,Transistor,https://buddy.farm/i/transistor/,25
Energy Coil,https://buddy.farm/i/energy-coil/,craft,Glass Orb,https://buddy.farm/i/glass-orb/,1
Energy Coil,https://buddy.farm/i/energy-coil/,craft,Steel,https://buddy.farm/i/steel/,2
Energy Coil,https://buddy.farm/i/energy-coil/,craft,Wrench,https://buddy.farm/i/wrench/,1
Energy Coil,https://buddy.farm/i/energy-coil/,craft,Scrap Wire,https://buddy.farm/i/scrap-wire/,8
Energy Coil,https://buddy.farm/i/energy-coil/,craft,Spool of Copper,https://buddy.farm/i/spool-of-copper/,1
Engine,https://buddy.farm/i/engine/,craft,Belt Drive,https://buddy.farm/i/belt-drive/,1
Engine,https://buddy.farm/i/engine/,craft,Magicite,https://buddy.farm/i/magicite/,1
Engine,https://buddy.farm/i/engine/,craft,Pear Grease,https://buddy.farm/i/pear-grease/,1
Engine,https://buddy.farm/i/engine/,craft,Energy Coil,https://buddy.farm/i/energy-coil/,1
Engine,https://buddy.farm/i/engine/,craft,Kill Switch,https://buddy.farm/i/kill-switch/,1
Engine,https://buddy.farm/i/engine/,craft,Power Monitor,https://buddy.farm/i/power-monitor/,1
Engine,https://buddy.farm/i/engine/,craft,Steel Plate,https://buddy.farm/i/steel-plate/,1
Engine,https://buddy.farm/i/engine/,craft,Control Box,https://buddy.farm/i/control-box/,1
Engine,https://buddy.farm/i/engine/,craft,Flywheel,https://buddy.farm/i/flywheel/,1
Engine,https://buddy.farm/i/engine/,craft,Steel Wire,https://buddy.farm/i/steel-wire/,50
Engine,https://buddy.farm/i/engine/,craft,Transistor,https://buddy.farm/i/transistor/,12
Engine,https://buddy.farm/i/engine/,craft,Steel,https://buddy.farm/i/steel/,20
Essence of Slime,https://buddy.farm/i/essence-of-slime/,craft,Glass Orb,https://buddy.farm/i/glass-orb/,1
Essence of Slime,https://buddy.farm/i/essence-of-slime/,craft,Slimestone,https://buddy.farm/i/slimestone/,2
Essence of Slime,https://buddy.farm/i/essence-of-slime/,craft,Iron Ring,https://buddy.farm/i/iron-ring/,1
Essence of Slime,https://buddy.farm/i/essence-of-slime/,craft,Hammer,https://buddy.farm/i/hammer/,1
Explosive,https://buddy.farm/i/explosive/,craft,Board,https://buddy.farm/i/board/,3
Explosive,https://buddy.farm/i/explosive/,craft,Nails,https://buddy.farm/i/nails/,6
Explosive,https://buddy.farm/i/explosive/,craft,Feathers,https://buddy.farm/i/feathers/,1
Explosive,https://buddy.farm/i/explosive/,craft,Black Powder,https://buddy.farm/i/black-powder/,2
Fancy Chair,https://buddy.farm/i/fancy-chair/,craft,Leather,https://buddy.farm/i/leather/,4
Fancy Chair,https://buddy.farm/i/fancy-chair/,craft,Red Dye,https://buddy.farm/i/red-dye/,1
Fancy Chair,https://buddy.farm/i/fancy-chair/,craft,Nails,https://buddy.farm/i/nails/,8
Fancy Chair,https://buddy.farm/i/fancy-chair/,craft,Twine,https://buddy.farm/i/twine/,8
Fancy Chair,https://buddy.farm/i/fancy-chair/,craft,Green Dye,https://buddy.farm/i/green-dye/,1
Fancy Chair,https://buddy.farm/i/fancy-chair/,craft,Cotton,https://buddy.farm/i/cotton/,6
Fancy Chair,https://buddy.farm/i/fancy-chair/,craft,Oak,https://buddy.farm/i/oak/,50
Fancy Clock,https://buddy.farm/i/fancy-clock/,craft,Oak,https://buddy.farm/i/oak/,12
Fancy Clock,https://buddy.farm/i/fancy-clock/,craft,Small Gear,https://buddy.farm/i/small-gear/,4
Fancy Clock,https://buddy.farm/i/fancy-clock/,craft,Steel Wire,https://buddy.farm/i/steel-wire/,8
Fancy Clock,https://buddy.farm/i/fancy-clock/,craft,Scrap Metal,https://buddy.farm/i/scrap-metal/,4
Fancy Clock,https://buddy.farm/i/fancy-clock/,craft,Cogwheel,https://buddy.farm/i/cogwheel/,2
Fancy Clock,https://buddy.farm/i/fancy-clock/,craft,Glass Orb,https://buddy.farm/i/glass-orb/,4
Fancy Clock,https://buddy.farm/i/fancy-clock/,craft,Pocket Watch,https://buddy.farm/i/pocket-watch/,1
Fancy Drum,https://buddy.farm/i/fancy-drum/,craft,Yarn,https://buddy.farm/i/yarn/,4
Fancy Drum,https://buddy.farm/i/fancy-drum/,craft,Mushroom Paste,https://buddy.farm/i/mushroom-paste/,2
Fancy Drum,https://buddy.farm/i/fancy-drum/,craft,Leather,https://buddy.farm/i/leather/,2
Fancy Drum,https://buddy.farm/i/fancy-drum/,craft,Oak,https://buddy.farm/i/oak/,15
Fancy Guitar,https://buddy.farm/i/fancy-guitar/,craft,Oak,https://buddy.farm/i/oak/,5
Fancy Guitar,https://buddy.farm/i/fancy-guitar/,craft,Iron,https://buddy.farm/i/iron/,4
Fancy Guitar,https://buddy.farm/i/fancy-guitar/,craft,Mushroom Paste,https://buddy.farm/i/mushroom-paste/,3
Fancy Guitar,https://buddy.farm/i/fancy-guitar/,craft,Steel Wire,https://buddy.farm/i/steel-wire/,6
Fancy Pan Flute,https://buddy.farm/i/fancy-pan-flute/,craft,Blue Dye,https://buddy.farm/i/blue-dye/,1
Fancy Pan Flute,https://buddy.farm/i/fancy-pan-flute/,craft,Leather,https://buddy.farm/i/leather/,1
Fancy Pan Flute,https://buddy.farm/i/fancy-pan-flute/,craft,Twine,https://buddy.farm/i/twine/,5
Fancy Pan Flute,https://buddy.farm/i/fancy-pan-flute/,craft,Wood,https://buddy.farm/i/wood/,9
Fancy Pillow,https://buddy.farm/i/fancy-pillow/,craft,Duck Feather,https://buddy.farm/i/duck-feather/,25
Fancy Pillow,https://buddy.farm/i/fancy-pillow/,craft,Sewing Needle,https://buddy.farm/i/sewing-needle/,1
Fancy Pillow,https://buddy.farm/i/fancy-pillow/,craft,Silk,https://buddy.farm/i/silk/,2
Fancy Pipe,https://buddy.farm/i/fancy-pipe/,craft,Wood,https://buddy.farm/i/wood/,2
Fancy Pipe,https://buddy.farm/i/fancy-pipe/,craft,Iron Ring,https://buddy.farm/i/iron-ring/,3
Fancy Pipe,https://buddy.farm/i/fancy-pipe/,craft,Iron,https://buddy.farm/i/iron/,1
Fancy Sword,https://buddy.farm/i/fancy-sword/,craft,Mushroom Paste,https://buddy.farm/i/mushroom-paste/,2
Fancy Sword,https://buddy.farm/i/fancy-sword/,craft,Lemon Quartz,https://buddy.farm/i/lemon-quartz/,2
Fancy Sword,https://buddy.farm/i/fancy-sword/,craft,Steel Wire,https://buddy.farm/i/steel-wire/,4
Fancy Sword,https://buddy.farm/i/fancy-sword/,craft,Gold Leaf,https://buddy.farm/i/gold-leaf/,2
Fancy Sword,https://buddy.farm/i/fancy-sword/,craft,Sturdy Sword,https://buddy.farm/i/sturdy-sword/,1
Fancy Table,https://buddy.farm/i/fancy-table/,craft,Corn Oil,https://buddy.farm/i/corn-oil/,1
Fancy Table,https://buddy.farm/i/fancy-table/,craft,Glass Orb,https://buddy.farm/i/glass-orb/,8
Fancy Table,https://buddy.farm/i/fancy-table/,craft,Nails,https://buddy.farm/i/nails/,32
Fancy Table,https://buddy.farm/i/fancy-table/,craft,Oak,https://buddy.farm/i/oak/,80
Fancy Table,https://buddy.farm/i/fancy-table/,craft,Steel Vise,https://buddy.farm/i/steel-vise/,1
Fancy Violin,https://buddy.farm/i/fancy-violin/,craft,Mushroom Paste,https://buddy.farm/i/mushroom-paste/,8
Fancy Violin,https://buddy.farm/i/fancy-violin/,craft,Steel,https://buddy.farm/i/steel/,4
Fancy Violin,https://buddy.farm/i/fancy-violin/,craft,Moonstone,https://buddy.farm/i/moonstone/,4
Fancy Violin,https://buddy.farm/i/fancy-violin/,craft,Steel Wire,https://buddy.farm/i/steel-wire/,4
Fancy Violin,https://buddy.farm/i/fancy-violin/,craft,Purple Dye,https://buddy.farm/i/purple-dye/,3
Fancy Violin,https://buddy.farm/i/fancy-violin/,craft,Steel Plate,https://buddy.farm/i/steel-plate/,1
Fancy Violin,https://buddy.farm/i/fancy-violin/,craft,Pine Board,https://buddy.farm/i/pine-board/,5
Fire Ant Farm,https://buddy.farm/i/fire-ant-farm/,craft,Board,https://buddy.farm/i/board/,4
Fire Ant Farm,https://buddy.farm/i/fire-ant-farm/,craft,Nails,https://buddy.farm/i/nails/,4
Fire Ant Farm,https://buddy.farm/i/fire-ant-farm/,craft,Glass Orb,https://buddy.farm/i/glass-orb/,3
Fire Ant Farm,https://buddy.farm/i/fire-ant-farm/,craft,Fire Ant,https://buddy.farm/i/fire-ant/,25
Fire Ant Farm,https://buddy.farm/i/fire-ant-farm/,craft,Sand,https://buddy.farm/i/sand/,5
Fishing Net,https://buddy.farm/i/fishing-net/,craft,Antler,https://buddy.farm/i/antler/,1
Fishing Net,https://buddy.farm/i/fishing-net/,craft,Iron,https://buddy.farm/i/iron/,4
Fishing Net,https://buddy.farm/i/fishing-net/,craft,Rope,https://buddy.farm/i/rope/,2
Flarite,https://buddy.farm/i/flarite/,craft,Unpolished Flarite,https://buddy.farm/i/unpolished-flarite/,2
Flying Machine,https://buddy.farm/i/flying-machine/,craft,Rope,https://buddy.farm/i/rope/,10
Flying Machine,https://buddy.farm/i/flying-machine/,craft,Power Monitor,https://buddy.farm/i/power-monitor/,1
Flying Machine,https://buddy.farm/i/flying-machine/,craft,Magna Quartz,https://buddy.farm/i/magna-quartz/,4
Flying Machine,https://buddy.farm/i/flying-machine/,craft,Small Gear,https://buddy.farm/i/small-gear/,4
Flying Machine,https://buddy.farm/i/flying-machine/,craft,Steel Wire,https://buddy.farm/i/steel-wire/,10
Flying Machine,https://buddy.farm/i/flying-machine/,craft,Nailed Board,https://buddy.farm/i/nailed-board/,10
Flying Machine,https://buddy.farm/i/flying-machine/,craft,Leather,https://buddy.farm/i/leather/,10
Flying Machine,https://buddy.farm/i/flying-machine/,craft,Steel Buckle,https://buddy.farm/i/steel-buckle/,2
Flying Machine,https://buddy.farm/i/flying-machine/,craft,Small Spring,https://buddy.farm/i/small-spring/,6
Flying Machine,https://buddy.farm/i/flying-machine/,craft,Pulley,https://buddy.farm/i/pulley/,4
Flywheel,https://buddy.farm/i/flywheel/,craft,Small Screw,https://buddy.farm/i/small-screw/,7
Flywheel,https://buddy.farm/i/flywheel/,craft,Steel,https://buddy.farm/i/steel/,20
Flywheel,https://buddy.farm/i/flywheel/,craft,Small Gear,https://buddy.farm/i/small-gear/,1
Frost Shield,https://buddy.farm/i/frost-shield/,craft,Hammer,https://buddy.farm/i/hammer/,1
Frost Shield,https://buddy.farm/i/frost-shield/,craft,Nails,https://buddy.farm/i/nails/,3
Frost Shield,https://buddy.farm/i/frost-shield/,craft,Blue Gel,https://buddy.farm/i/blue-gel/,3
Frost Shield,https://buddy.farm/i/frost-shield/,craft,Red Shield,https://buddy.farm/i/red-shield/,1
Frost Shield,https://buddy.farm/i/frost-shield/,craft,Frost Snapper Shell,https://buddy.farm/i/frost-snapper-shell/,1
Fruit Punch,https://buddy.farm/i/fruit-punch/,craft,Apple,https://buddy.farm/i/apple/,25
Fruit Punch,https://buddy.farm/i/fruit-punch/,craft,Peach,https://buddy.farm/i/peach/,5
Fruit Punch,https://buddy.farm/i/fruit-punch/,craft,Orange,https://buddy.farm/i/orange/,25
Fruit Punch,https://buddy.farm/i/fruit-punch/,craft,Lemon,https://buddy.farm/i/lemon/,25
Fruit Punch,https://buddy.farm/i/fruit-punch/,craft,Glass Bottle,https://buddy.farm/i/glass-bottle/,1
Fruit Punch,https://buddy.farm/i/fruit-punch/,craft,Grapes,https://buddy.farm/i/grapes/,25
Gainite,https://buddy.farm/i/gainite/,craft,Stone,https://buddy.farm/i/stone/,2000
Gainite,https://buddy.farm/i/gainite/,craft,Mushroom Paste,https://buddy.farm/i/mushroom-paste/,2000
Gainite,https://buddy.farm/i/gainite/,craft,Steel,https://buddy.farm/i/steel/,2000
Gainite,https://buddy.farm/i/gainite/,craft,Green Dye,https://buddy.farm/i/green-dye/,500
Gainite,https://buddy.farm/i/gainite/,craft,Painite,https://buddy.farm/i/painite/,5
Garnet,https://buddy.farm/i/garnet/,craft,Unpolished Garnet,https://buddy.farm/i/unpolished-garnet/,2
Garnet,https://buddy.farm/i/garnet/,craft,Stone,https://buddy.farm/i/stone/,1
Garnet Ring,https://buddy.farm/i/garnet-ring/,craft,Garnet,https://buddy.farm/i/garnet/,1
Garnet Ring,https://buddy.farm/i/garnet-ring/,craft,Mushroom Paste,https://buddy.farm/i/mushroom-paste/,1
Garnet Ring,https://buddy.farm/i/garnet-ring/,craft,Iron Ring,https://buddy.farm/i/iron-ring/,1
Gazebo,https://buddy.farm/i/gazebo/,craft,Nails,https://buddy.farm/i/nails/,120
Gazebo,https://buddy.farm/i/gazebo/,craft,Hammer,https://buddy.farm/i/hammer/,1
Gazebo,https://buddy.farm/i/gazebo/,craft,Oak,https://buddy.farm/i/oak/,120
Glass Bottle,https://buddy.farm/i/glass-bottle/,craft,Stone,https://buddy.farm/i/stone/,1
Glass Bottle,https://buddy.farm/i/glass-bottle/,craft,Glass Orb,https://buddy.farm/i/glass-orb/,1
Glass Jar,https://buddy.farm/i/glass-jar/,craft,Glass Orb,https://buddy.farm/i/glass-orb/,3
Glass Jar,https://buddy.farm/i/glass-jar/,craft,Shimmer Quartz,https://buddy.farm/i/shimmer-quartz/,1
Glass Jar,https://buddy.farm/i/glass-jar/,craft,Steel,https://buddy.farm/i/steel/,1
Glass Orb,https://buddy.farm/i/glass-orb/,craft,Shimmer Stone,https://buddy.farm/i/shimmer-stone/,2
Glass Orb,https://buddy.farm/i/glass-orb/,craft,Stone,https://buddy.farm/i/stone/,1
Glowing Lantern,https://buddy.farm/i/glowing-lantern/,craft,Iron Ring,https://buddy.farm/i/iron-ring/,2
Glowing Lantern,https://buddy.farm/i/glowing-lantern/,craft,Iron,https://buddy.farm/i/iron/,3
Glowing Lantern,https://buddy.farm/i/glowing-lantern/,craft,Glass Bottle,https://buddy.farm/i/glass-bottle/,1
Glowing Lantern,https://buddy.farm/i/glowing-lantern/,craft,Green Twine,https://buddy.farm/i/green-twine/,2
Glowing Lantern,https://buddy.farm/i/glowing-lantern/,craft,Glowshroom,https://buddy.farm/i/glowshroom/,4
Gold Aquamarine Ring,https://buddy.farm/i/gold-aquamarine-ring/,craft,Aquamarine,https://buddy.farm/i/aquamarine/,1
Gold Aquamarine Ring,https://buddy.farm/i/gold-aquamarine-ring/,craft,Strong Paste,https://buddy.farm/i/strong-paste/,1
Gold Aquamarine Ring,https://buddy.farm/i/gold-aquamarine-ring/,craft,Gold Ring,https://buddy.farm/i/gold-ring/,1
Gold Diamond Ring,https://buddy.farm/i/gold-diamond-ring/,craft,Gold Ring,https://buddy.farm/i/gold-ring/,1
Gold Diamond Ring,https://buddy.farm/i/gold-diamond-ring/,craft,Strong Paste,https://buddy.farm/i/strong-paste/,1
Gold Diamond Ring,https://buddy.farm/i/gold-diamond-ring/,craft,Diamond,https://buddy.farm/i/diamond/,1
Gold Emerald Ring,https://buddy.farm/i/gold-emerald-ring/,craft,Emerald,https://buddy.farm/i/emerald/,1
Gold Emerald Ring,https://buddy.farm/i/gold-emerald-ring/,craft,Gold Ring,https://buddy.farm/i/gold-ring/,1
Gold Emerald Ring,https://buddy.farm/i/gold-emerald-ring/,craft,Strong Paste,https://buddy.farm/i/strong-paste/,1
Gold Garnet Ring,https://buddy.farm/i/gold-garnet-ring/,craft,Garnet,https://buddy.farm/i/garnet/,1
Gold Garnet Ring,https://buddy.farm/i/gold-garnet-ring/,craft,Gold Ring,https://buddy.farm/i/gold-ring/,1
Gold Garnet Ring,https://buddy.farm/i/gold-garnet-ring/,craft,Strong Paste,https://buddy.farm/i/strong-paste/,1
Gold Jade Ring,https://buddy.farm/i/gold-jade-ring/,craft,Jade,https://buddy.farm/i/jade/,1
Gold Jade Ring,https://buddy.farm/i/gold-jade-ring/,craft,Gold Ring,https://buddy.farm/i/gold-ring/,1
Gold Jade Ring,https://buddy.farm/i/gold-jade-ring/,craft,Strong Paste,https://buddy.farm/i/strong-paste/,1
Gold Lemon Quartz Ring,https://buddy.farm/i/gold-lemon-quartz-ring/,craft,Gold Ring,https://buddy.farm/i/gold-ring/,1
Gold Lemon Quartz Ring,https://buddy.farm/i/gold-lemon-quartz-ring/,craft,Strong Paste,https://buddy.farm/i/strong-paste/,1
Gold Lemon Quartz Ring,https://buddy.farm/i/gold-lemon-quartz-ring/,craft,Lemon Quartz,https://buddy.farm/i/lemon-quartz/,1
Gold Ruby Ring,https://buddy.farm/i/gold-ruby-ring/,craft,Ruby,https://buddy.farm/i/ruby/,1
Gold Ruby Ring,https://buddy.farm/i/gold-ruby-ring/,craft,Gold Ring,https://buddy.farm/i/gold-ring/,1
Gold Ruby Ring,https://buddy.farm/i/gold-ruby-ring/,craft,Strong Paste,https://buddy.farm/i/strong-paste/,1
Grand Piano,https://buddy.farm/i/grand-piano/,craft,White Parchment,https://buddy.farm/i/white-parchment/,10
Grand Piano,https://buddy.farm/i/grand-piano/,craft,Green Dye,https://buddy.farm/i/green-dye/,5
Grand Piano,https://buddy.farm/i/grand-piano/,craft,Hammer,https://buddy.farm/i/hammer/,1
Grand Piano,https://buddy.farm/i/grand-piano/,craft,Block of Wood,https://buddy.farm/i/block-of-wood/,8
Grand Piano,https://buddy.farm/i/grand-piano/,craft,Handsaw,https://buddy.farm/i/handsaw/,1
Grand Piano,https://buddy.farm/i/grand-piano/,craft,Wood,https://buddy.farm/i/wood/,88
Grand Piano,https://buddy.farm/i/grand-piano/,craft,Horn,https://buddy.farm/i/horn/,88
Grand Piano,https://buddy.farm/i/grand-piano/,craft,Steel Wire,https://buddy.farm/i/steel-wire/,88
Grand Piano,https://buddy.farm/i/grand-piano/,craft,Fancy Chair,https://buddy.farm/i/fancy-chair/,1
Grand Piano,https://buddy.farm/i/grand-piano/,craft,Steel,https://buddy.farm/i/steel/,10
Grand Piano,https://buddy.farm/i/grand-piano/,craft,Wooden Plank,https://buddy.farm/i/wooden-plank/,11
Grape Juice,https://buddy.farm/i/grape-juice/,craft,Glass Bottle,https://buddy.farm/i/glass-bottle/,1
Grape Juice,https://buddy.farm/i/grape-juice/,craft,Grapes,https://buddy.farm/i/grapes/,200
Green Butterfly,https://buddy.farm/i/green-butterfly/,craft,Wood,https://buddy.farm/i/wood/,1
Green Butterfly,https://buddy.farm/i/green-butterfly/,craft,Green Dye,https://buddy.farm/i/green-dye/,1
Green Butterfly,https://buddy.farm/i/green-butterfly/,craft,Caterpillar,https://buddy.farm/i/caterpillar/,1
Green Butterfly,https://buddy.farm/i/green-butterfly/,craft,Silk,https://buddy.farm/i/silk/,3
Green Cloak,https://buddy.farm/i/green-cloak/,craft,Green Dye,https://buddy.farm/i/green-dye/,10
Green Cloak,https://buddy.farm/i/green-cloak/,craft,Cotton,https://buddy.farm/i/cotton/,1
Green Cloak,https://buddy.farm/i/green-cloak/,craft,Leather,https://buddy.farm/i/leather/,5
Green Cloak,https://buddy.farm/i/green-cloak/,craft,Twine,https://buddy.farm/i/twine/,10
Green Diary,https://buddy.farm/i/green-diary/,craft,White Parchment,https://buddy.farm/i/white-parchment/,1
Green Diary,https://buddy.farm/i/green-diary/,craft,Mushroom Paste,https://buddy.farm/i/mushroom-paste/,1
Green Diary,https://buddy.farm/i/green-diary/,craft,Green Parchment,https://buddy.farm/i/green-parchment/,1
Green Dye,https://buddy.farm/i/green-dye/,craft,Glass Bottle,https://buddy.farm/i/glass-bottle/,1
Green Dye,https://buddy.farm/i/green-dye/,craft,Fern Leaf,https://buddy.farm/i/fern-leaf/,6
Green Parchment,https://buddy.farm/i/green-parchment/,craft,Fern Leaf,https://buddy.farm/i/fern-leaf/,3
Green Scarf,https://buddy.farm/i/green-scarf/,craft,Yarn,https://buddy.farm/i/yarn/,2
Green Scarf,https://buddy.farm/i/green-scarf/,craft,Green Dye,https://buddy.farm/i/green-dye/,1
Green Shield,https://buddy.farm/i/green-shield/,craft,Green Dye,https://buddy.farm/i/green-dye/,1
Green Shield,https://buddy.farm/i/green-shield/,craft,Wooden Shield,https://buddy.farm/i/wooden-shield/,1
Green Shield,https://buddy.farm/i/green-shield/,craft,Iron,https://buddy.farm/i/iron/,3
Green Shirt,https://buddy.farm/i/green-shirt/,craft,Green Dye,https://buddy.farm/i/green-dye/,1
Green Shirt,https://buddy.farm/i/green-shirt/,craft,Sewing Needle,https://buddy.farm/i/sewing-needle/,1
Green Shirt,https://buddy.farm/i/green-shirt/,craft,Cloth,https://buddy.farm/i/cloth/,10
Green Top Hat,https://buddy.farm/i/green-top-hat/,craft,Fern Leaf,https://buddy.farm/i/fern-leaf/,6
Green Top Hat,https://buddy.farm/i/green-top-hat/,craft,Leather,https://buddy.farm/i/leather/,2
Green Top Hat,https://buddy.farm/i/green-top-hat/,craft,Steel,https://buddy.farm/i/steel/,1
Green Top Hat,https://buddy.farm/i/green-top-hat/,craft,4-leaf Clover,https://buddy.farm/i/4-leaf-clover/,4
Green Top Hat,https://buddy.farm/i/green-top-hat/,craft,Green Dye,https://buddy.farm/i/green-dye/,4
Green Top Hat,https://buddy.farm/i/green-top-hat/,craft,Cotton,https://buddy.farm/i/cotton/,1
Green Twine,https://buddy.farm/i/green-twine/,craft,Twine,https://buddy.farm/i/twine/,1
Green Twine,https://buddy.farm/i/green-twine/,craft,Green Dye,https://buddy.farm/i/green-dye/,1
Hammer,https://buddy.farm/i/hammer/,craft,Iron,https://buddy.farm/i/iron/,1
Hammer,https://buddy.farm/i/hammer/,craft,Board,https://buddy.farm/i/board/,1
Hammer,https://buddy.farm/i/hammer/,craft,Mushroom Paste,https://buddy.farm/i/mushroom-paste/,1
Handsaw,https://buddy.farm/i/handsaw/,craft,Wooden Plank,https://buddy.farm/i/wooden-plank/,1
Handsaw,https://buddy.farm/i/handsaw/,craft,Mushroom Paste,https://buddy.farm/i/mushroom-paste/,2
Handsaw,https://buddy.farm/i/handsaw/,craft,Steel,https://buddy.farm/i/steel/,2
Handsaw,https://buddy.farm/i/handsaw/,craft,Hammer,https://buddy.farm/i/hammer/,1
Handsaw,https://buddy.farm/i/handsaw/,craft,Awl,https://buddy.farm/i/awl/,1
Heart Container,https://buddy.farm/i/heart-container/,craft,Piece of Heart,https://buddy.farm/i/piece-of-heart/,4
Hickory Omelette,https://buddy.farm/i/hickory-omelette/,cooking,Bird Egg,https://buddy.farm/i/bird-egg/,500
Hickory Omelette,https://buddy.farm/i/hickory-omelette/,cooking,Coal,https://buddy.farm/i/coal/,240
Hickory Omelette,https://buddy.farm/i/hickory-omelette/,cooking,Peppers,https://buddy.farm/i/peppers/,6
Hickory Omelette,https://buddy.farm/i/hickory-omelette/,cooking,Salt,https://buddy.farm/i/salt/,3
Hickory Omelette,https://buddy.farm/i/hickory-omelette/,cooking,Tomato,https://buddy.farm/i/tomato/,3
Hickory Omelette,https://buddy.farm/i/hickory-omelette/,cooking,Cheese,https://buddy.farm/i/cheese/,2
Hickory Omelette,https://buddy.farm/i/hickory-omelette/,cooking,Herbs,https://buddy.farm/i/herbs/,2
Hickory Omelette,https://buddy.farm/i/hickory-omelette/,cooking,Milk,https://buddy.farm/i/milk/,2
Hickory Omelette,https://buddy.farm/i/hickory-omelette/,cooking,Butter,https://buddy.farm/i/butter/,1
Horn Canteen,https://buddy.farm/i/horn-canteen/,craft,Iron Ring,https://buddy.farm/i/iron-ring/,2
Horn Canteen,https://buddy.farm/i/horn-canteen/,craft,Twine,https://buddy.farm/i/twine/,1
Horn Canteen,https://buddy.farm/i/horn-canteen/,craft,Wood,https://buddy.farm/i/wood/,1
Horn Canteen,https://buddy.farm/i/horn-canteen/,craft,Horn,https://buddy.farm/i/horn/,1
Horseshoe,https://buddy.farm/i/horseshoe/,craft,Iron,https://buddy.farm/i/iron/,5
Horseshoe,https://buddy.farm/i/horseshoe/,craft,Nails,https://buddy.farm/i/nails/,7
Horseshoe,https://buddy.farm/i/horseshoe/,craft,Stone,https://buddy.farm/i/stone/,2
Hourglass,https://buddy.farm/i/hourglass/,craft,Wood,https://buddy.farm/i/wood/,6
Hourglass,https://buddy.farm/i/hourglass/,craft,Glass Bottle,https://buddy.farm/i/glass-bottle/,2
Hourglass,https://buddy.farm/i/hourglass/,craft,Sand,https://buddy.farm/i/sand/,1
Hourglass,https://buddy.farm/i/hourglass/,craft,Mushroom Paste,https://buddy.farm/i/mushroom-paste/,2
Iced Tea,https://buddy.farm/i/iced-tea/,craft,Glass Bottle,https://buddy.farm/i/glass-bottle/,1
Iced Tea,https://buddy.farm/i/iced-tea/,craft,Tea Leaves,https://buddy.farm/i/tea-leaves/,3
Inferno Sphere,https://buddy.farm/i/inferno-sphere/,craft,Runestone 04,https://buddy.farm/i/runestone-04/,1
Inferno Sphere,https://buddy.farm/i/inferno-sphere/,craft,Runestone 05,https://buddy.farm/i/runestone-05/,1
Inferno Sphere,https://buddy.farm/i/inferno-sphere/,craft,Runestone 09,https://buddy.farm/i/runestone-09/,1
Inferno Sphere,https://buddy.farm/i/inferno-sphere/,craft,Runestone 10,https://buddy.farm/i/runestone-10/,1
Inferno Sphere,https://buddy.farm/i/inferno-sphere/,craft,Runestone 08,https://buddy.farm/i/runestone-08/,1
Inferno Sphere,https://buddy.farm/i/inferno-sphere/,craft,Runestone 07,https://buddy.farm/i/runestone-07/,1
Inferno Sphere,https://buddy.farm/i/inferno-sphere/,craft,Runestone 01,https://buddy.farm/i/runestone-01/,1
Inferno Sphere,https://buddy.farm/i/inferno-sphere/,craft,Runestone 06,https://buddy.farm/i/runestone-06/,1
Inferno Sphere,https://buddy.farm/i/inferno-sphere/,craft,Runestone 03,https://buddy.farm/i/runestone-03/,1
Inferno Sphere,https://buddy.farm/i/inferno-sphere/,craft,Runestone 02,https://buddy.farm/i/runestone-02/,1
Iron Cup,https://buddy.farm/i/iron-cup/,craft,Iron,https://buddy.farm/i/iron/,3
Iron Cup,https://buddy.farm/i/iron-cup/,craft,Stone,https://buddy.farm/i/stone/,1
Iron Ring,https://buddy.farm/i/iron-ring/,craft,Iron,https://buddy.farm/i/iron/,2
Iron Ring,https://buddy.farm/i/iron-ring/,craft,Stone,https://buddy.farm/i/stone/,1
Jade,https://buddy.farm/i/jade/,craft,Unpolished Jade,https://buddy.farm/i/unpolished-jade/,2
Jade,https://buddy.farm/i/jade/,craft,Stone,https://buddy.farm/i/stone/,1
Jade Charm,https://buddy.farm/i/jade-charm/,craft,Stone,https://buddy.farm/i/stone/,6
Jade Charm,https://buddy.farm/i/jade-charm/,craft,Iron Ring,https://buddy.farm/i/iron-ring/,1
Jade Charm,https://buddy.farm/i/jade-charm/,craft,Steel,https://buddy.farm/i/steel/,2
Jade Charm,https://buddy.farm/i/jade-charm/,craft,Jade,https://buddy.farm/i/jade/,1
Kill Switch,https://buddy.farm/i/kill-switch/,craft,Broken Pipe,https://buddy.farm/i/broken-pipe/,1
Kill Switch,https://buddy.farm/i/kill-switch/,craft,Scrap Wire,https://buddy.farm/i/scrap-wire/,2
Kill Switch,https://buddy.farm/i/kill-switch/,craft,Scrap Metal,https://buddy.farm/i/scrap-metal/,5
Kill Switch,https://buddy.farm/i/kill-switch/,craft,Red Dye,https://buddy.farm/i/red-dye/,1
Kill Switch,https://buddy.farm/i/kill-switch/,craft,Emberstone,https://buddy.farm/i/emberstone/,3
Ladder,https://buddy.farm/i/ladder/,craft,Board,https://buddy.farm/i/board/,6
Ladder,https://buddy.farm/i/ladder/,craft,Nails,https://buddy.farm/i/nails/,8
Lantern,https://buddy.farm/i/lantern/,craft,Coal,https://buddy.farm/i/coal/,1
Lantern,https://buddy.farm/i/lantern/,craft,Twine,https://buddy.farm/i/twine/,2
Lantern,https://buddy.farm/i/lantern/,craft,Glass Bottle,https://buddy.farm/i/glass-bottle/,1
Lantern,https://buddy.farm/i/lantern/,craft,Iron,https://buddy.farm/i/iron/,3
Lantern,https://buddy.farm/i/lantern/,craft,Iron Ring,https://buddy.farm/i/iron-ring/,1
Large Net,https://buddy.farm/i/large-net/,craft,Iron Ring,https://buddy.farm/i/iron-ring/,25
Large Net,https://buddy.farm/i/large-net/,craft,Fishing Net,https://buddy.farm/i/fishing-net/,25
Lava Sphere,https://buddy.farm/i/lava-sphere/,craft,Runestone 17,https://buddy.farm/i/runestone-17/,1
Lava Sphere,https://buddy.farm/i/lava-sphere/,craft,Runestone 16,https://buddy.farm/i/runestone-16/,1
Lava Sphere,https://buddy.farm/i/lava-sphere/,craft,Runestone 11,https://buddy.farm/i/runestone-11/,1
Lava Sphere,https://buddy.farm/i/lava-sphere/,craft,Runestone 14,https://buddy.farm/i/runestone-14/,1
Lava Sphere,https://buddy.farm/i/lava-sphere/,craft,Runestone 18,https://buddy.farm/i/runestone-18/,1
Lava Sphere,https://buddy.farm/i/lava-sphere/,craft,Runestone 13,https://buddy.farm/i/runestone-13/,1
Lava Sphere,https://buddy.farm/i/lava-sphere/,craft,Runestone 15,https://buddy.farm/i/runestone-15/,1
Lava Sphere,https://buddy.farm/i/lava-sphere/,craft,Runestone 19,https://buddy.farm/i/runestone-19/,1
Lava Sphere,https://buddy.farm/i/lava-sphere/,craft,Runestone 12,https://buddy.farm/i/runestone-12/,1
Lava Sphere,https://buddy.farm/i/lava-sphere/,craft,Runestone 20,https://buddy.farm/i/runestone-20/,1
Leather,https://buddy.farm/i/leather/,craft,Hide,https://buddy.farm/i/hide/,2
Leather Bag,https://buddy.farm/i/leather-bag/,craft,Twine,https://buddy.farm/i/twine/,2
Leather Bag,https://buddy.farm/i/leather-bag/,craft,Leather,https://buddy.farm/i/leather/,2
Leather Bag,https://buddy.farm/i/leather-bag/,craft,Iron Ring,https://buddy.farm/i/iron-ring/,4
Leather Belt,https://buddy.farm/i/leather-belt/,craft,Steel Buckle,https://buddy.farm/i/steel-buckle/,1
Leather Belt,https://buddy.farm/i/leather-belt/,craft,Awl,https://buddy.farm/i/awl/,1
Leather Belt,https://buddy.farm/i/leather-belt/,craft,Leather,https://buddy.farm/i/leather/,3
Leather Diary,https://buddy.farm/i/leather-diary/,craft,Mushroom Paste,https://buddy.farm/i/mushroom-paste/,1
Leather Diary,https://buddy.farm/i/leather-diary/,craft,White Parchment,https://buddy.farm/i/white-parchment/,1
Leather Diary,https://buddy.farm/i/leather-diary/,craft,Leather,https://buddy.farm/i/leather/,1
Leather Helmet,https://buddy.farm/i/leather-helmet/,craft,Mushroom Paste,https://buddy.farm/i/mushroom-paste/,1
Leather Helmet,https://buddy.farm/i/leather-helmet/,craft,Hide,https://buddy.farm/i/hide/,2
Leather Helmet,https://buddy.farm/i/leather-helmet/,craft,Steel Buckle,https://buddy.farm/i/steel-buckle/,1
Leather Helmet,https://buddy.farm/i/leather-helmet/,craft,Wooden Button,https://buddy.farm/i/wooden-button/,2
Leather Helmet,https://buddy.farm/i/leather-helmet/,craft,Leather,https://buddy.farm/i/leather/,3
Leather Waterskin,https://buddy.farm/i/leather-waterskin/,craft,Iron Ring,https://buddy.farm/i/iron-ring/,1
Leather Waterskin,https://buddy.farm/i/leather-waterskin/,craft,Leather,https://buddy.farm/i/leather/,2
Leather Waterskin,https://buddy.farm/i/leather-waterskin/,craft,Twine,https://buddy.farm/i/twine/,2
Lemon Quartz Ring,https://buddy.farm/i/lemon-quartz-ring/,craft,Mushroom Paste,https://buddy.farm/i/mushroom-paste/,1
Lemon Quartz Ring,https://buddy.farm/i/lemon-quartz-ring/,craft,Lemon Quartz,https://buddy.farm/i/lemon-quartz/,1
Lemon Quartz Ring,https://buddy.farm/i/lemon-quartz-ring/,craft,Iron Ring,https://buddy.farm/i/iron-ring/,1
Lemonade,https://buddy.farm/i/lemonade/,craft,Lemon,https://buddy.farm/i/lemon/,6
Lemonade,https://buddy.farm/i/lemonade/,craft,Glass Bottle,https://buddy.farm/i/glass-bottle/,1
Linked Lantern,https://buddy.farm/i/linked-lantern/,craft,Aquamarine,https://buddy.farm/i/aquamarine/,1
Linked Lantern,https://buddy.farm/i/linked-lantern/,craft,Amethyst,https://buddy.farm/i/amethyst/,1
Linked Lantern,https://buddy.farm/i/linked-lantern/,craft,Ruby,https://buddy.farm/i/ruby/,1
Linked Lantern,https://buddy.farm/i/linked-lantern/,craft,Magicite,https://buddy.farm/i/magicite/,1
Linked Lantern,https://buddy.farm/i/linked-lantern/,craft,Lantern,https://buddy.farm/i/lantern/,1
Looking Glass,https://buddy.farm/i/looking-glass/,craft,Glass Orb,https://buddy.farm/i/glass-orb/,1
Looking Glass,https://buddy.farm/i/looking-glass/,craft,Board,https://buddy.farm/i/board/,3
Looking Glass,https://buddy.farm/i/looking-glass/,craft,Iron,https://buddy.farm/i/iron/,1
Machine Press,https://buddy.farm/i/machine-press/,craft,Machine Part,https://buddy.farm/i/machine-part/,6
Machine Press,https://buddy.farm/i/machine-press/,craft,Steel Plate,https://buddy.farm/i/steel-plate/,1
Machine Press,https://buddy.farm/i/machine-press/,craft,Board,https://buddy.farm/i/board/,10
Machine Press,https://buddy.farm/i/machine-press/,craft,Nails,https://buddy.farm/i/nails/,5
Machine Press,https://buddy.farm/i/machine-press/,craft,Bucket,https://buddy.farm/i/bucket/,1
Magicite,https://buddy.farm/i/magicite/,craft,Prism Shard,https://buddy.farm/i/prism-shard/,3
Magna Core,https://buddy.farm/i/magna-core/,craft,Cogwheel,https://buddy.farm/i/cogwheel/,3
Magna Core,https://buddy.farm/i/magna-core/,craft,Flywheel,https://buddy.farm/i/flywheel/,2
Magna Core,https://buddy.farm/i/magna-core/,craft,Magna Quartz,https://buddy.farm/i/magna-quartz/,25
Magna Core,https://buddy.farm/i/magna-core/,craft,Small Spring,https://buddy.farm/i/small-spring/,5
Magna Core,https://buddy.farm/i/magna-core/,craft,Small Screw,https://buddy.farm/i/small-screw/,10
Magna Core,https://buddy.farm/i/magna-core/,craft,Seeing Stone,https://buddy.farm/i/seeing-stone/,1
Magna Core,https://buddy.farm/i/magna-core/,craft,Steel,https://buddy.farm/i/steel/,40
Magnifying Glass,https://buddy.farm/i/magnifying-glass/,craft,Iron Ring,https://buddy.farm/i/iron-ring/,1
Magnifying Glass,https://buddy.farm/i/magnifying-glass/,craft,Board,https://buddy.farm/i/board/,1
Magnifying Glass,https://buddy.farm/i/magnifying-glass/,craft,Iron,https://buddy.farm/i/iron/,3
Magnifying Glass,https://buddy.farm/i/magnifying-glass/,craft,Glass Orb,https://buddy.farm/i/glass-orb/,1
Magus Hat,https://buddy.farm/i/magus-hat/,craft,Leather,https://buddy.farm/i/leather/,2
Magus Hat,https://buddy.farm/i/magus-hat/,craft,Twine,https://buddy.farm/i/twine/,3
Magus Hat,https://buddy.farm/i/magus-hat/,craft,Blue Feathers,https://buddy.farm/i/blue-feathers/,10
Magus Hat,https://buddy.farm/i/magus-hat/,craft,Gold Leaf,https://buddy.farm/i/gold-leaf/,1
Mayonnaise,https://buddy.farm/i/mayonnaise/,craft,Sour Root,https://buddy.farm/i/sour-root/,1
Mayonnaise,https://buddy.farm/i/mayonnaise/,craft,Corn Oil,https://buddy.farm/i/corn-oil/,1
Mayonnaise,https://buddy.farm/i/mayonnaise/,craft,Glass Jar,https://buddy.farm/i/glass-jar/,1
Mayonnaise,https://buddy.farm/i/mayonnaise/,craft,Eggs,https://buddy.farm/i/eggs/,25
Metal Spool,https://buddy.farm/i/metal-spool/,craft,Nails,https://buddy.farm/i/nails/,2
Metal Spool,https://buddy.farm/i/metal-spool/,craft,Coal,https://buddy.farm/i/coal/,5
Metal Spool,https://buddy.farm/i/metal-spool/,craft,Broken Pipe,https://buddy.farm/i/broken-pipe/,1
Metal Spool,https://buddy.farm/i/metal-spool/,craft,Scrap Metal,https://buddy.farm/i/scrap-metal/,12
Mushroom Paste,https://buddy.farm/i/mushroom-paste/,craft,Mushroom,https://buddy.farm/i/mushroom/,3
Mushroom Stew,https://buddy.farm/i/mushroom-stew/,cooking,Coal,https://buddy.farm/i/coal/,180
Mushroom Stew,https://buddy.farm/i/mushroom-stew/,cooking,Mushroom,https://buddy.farm/i/mushroom/,100
Mushroom Stew,https://buddy.farm/i/mushroom-stew/,cooking,Carrot,https://buddy.farm/i/carrot/,60
Mushroom Stew,https://buddy.farm/i/mushroom-stew/,cooking,Peppers,https://buddy.farm/i/peppers/,60
Mushroom Stew,https://buddy.farm/i/mushroom-stew/,cooking,Leek,https://buddy.farm/i/leek/,32
Mushroom Stew,https://buddy.farm/i/mushroom-stew/,cooking,Onion,https://buddy.farm/i/onion/,20
Mushroom Stew,https://buddy.farm/i/mushroom-stew/,cooking,Bone Broth,https://buddy.farm/i/bone-broth/,1
Mushroom Stew,https://buddy.farm/i/mushroom-stew/,cooking,Cooking Pot,https://buddy.farm/i/cooking-pot/,1
Mystic Ring,https://buddy.farm/i/mystic-ring/,craft,Mushroom Paste,https://buddy.farm/i/mushroom-paste/,3
Mystic Ring,https://buddy.farm/i/mystic-ring/,craft,Stone,https://buddy.farm/i/stone/,1
Mystic Ring,https://buddy.farm/i/mystic-ring/,craft,Aquamarine,https://buddy.farm/i/aquamarine/,1
Mystic Ring,https://buddy.farm/i/mystic-ring/,craft,Iron Ring,https://buddy.farm/i/iron-ring/,1
Mystic Ring,https://buddy.farm/i/mystic-ring/,craft,Emerald,https://buddy.farm/i/emerald/,2
Nailed Board,https://buddy.farm/i/nailed-board/,craft,Board,https://buddy.farm/i/board/,1
Nailed Board,https://buddy.farm/i/nailed-board/,craft,Nails,https://buddy.farm/i/nails/,1
Neigh,https://buddy.farm/i/neigh/,cooking,Coal,https://buddy.farm/i/coal/,180
Neigh,https://buddy.farm/i/neigh/,cooking,Carrot,https://buddy.farm/i/carrot/,50
Neigh,https://buddy.farm/i/neigh/,cooking,Peppers,https://buddy.farm/i/peppers/,45
Neigh,https://buddy.farm/i/neigh/,cooking,Peas,https://buddy.farm/i/peas/,40
Neigh,https://buddy.farm/i/neigh/,cooking,Cucumber,https://buddy.farm/i/cucumber/,30
Neigh,https://buddy.farm/i/neigh/,cooking,Onion,https://buddy.farm/i/onion/,20
Neigh,https://buddy.farm/i/neigh/,cooking,Tomato,https://buddy.farm/i/tomato/,10
Neigh,https://buddy.farm/i/neigh/,cooking,Bone Broth,https://buddy.farm/i/bone-broth/,1
Neigh,https://buddy.farm/i/neigh/,cooking,Cooking Pot,https://buddy.farm/i/cooking-pot/,1
Oak Table,https://buddy.farm/i/oak-table/,craft,Oak,https://buddy.farm/i/oak/,80
Oak Table,https://buddy.farm/i/oak-table/,craft,Handsaw,https://buddy.farm/i/handsaw/,1
Oak Table,https://buddy.farm/i/oak-table/,craft,Nails,https://buddy.farm/i/nails/,24
Onion Soup,https://buddy.farm/i/onion-soup/,cooking,Coal,https://buddy.farm/i/coal/,60
Onion Soup,https://buddy.farm/i/onion-soup/,cooking,Onion,https://buddy.farm/i/onion/,50
Onion Soup,https://buddy.farm/i/onion-soup/,cooking,Bone Broth,https://buddy.farm/i/bone-broth/,1
Onion Soup,https://buddy.farm/i/onion-soup/,cooking,Cooking Pot,https://buddy.farm/i/cooking-pot/,1
Orange Butterfly,https://buddy.farm/i/orange-butterfly/,craft,Wood,https://buddy.farm/i/wood/,1
Orange Butterfly,https://buddy.farm/i/orange-butterfly/,craft,Caterpillar,https://buddy.farm/i/caterpillar/,1
Orange Butterfly,https://buddy.farm/i/orange-butterfly/,craft,Silk,https://buddy.farm/i/silk/,3
Orange Butterfly,https://buddy.farm/i/orange-butterfly/,craft,Orange Dye,https://buddy.farm/i/orange-dye/,1
Orange Dye,https://buddy.farm/i/orange-dye/,craft,Amber Mire Bloom,https://buddy.farm/i/amber-mire-bloom/,4
Orange Dye,https://buddy.farm/i/orange-dye/,craft,Glass Bottle,https://buddy.farm/i/glass-bottle/,1
Orange Juice,https://buddy.farm/i/orange-juice/,craft,Glass Bottle,https://buddy.farm/i/glass-bottle/,1
Orange Juice,https://buddy.farm/i/orange-juice/,craft,Orange,https://buddy.farm/i/orange/,6
Orange Scarf,https://buddy.farm/i/orange-scarf/,craft,Yarn,https://buddy.farm/i/yarn/,2
Orange Scarf,https://buddy.farm/i/orange-scarf/,craft,Orange Dye,https://buddy.farm/i/orange-dye/,1
Orange Shirt,https://buddy.farm/i/orange-shirt/,craft,Sewing Needle,https://buddy.farm/i/sewing-needle/,1
Orange Shirt,https://buddy.farm/i/orange-shirt/,craft,Orange Dye,https://buddy.farm/i/orange-dye/,1
Orange Shirt,https://buddy.farm/i/orange-shirt/,craft,Cloth,https://buddy.farm/i/cloth/,10
Orange Twine,https://buddy.farm/i/orange-twine/,craft,Twine,https://buddy.farm/i/twine/,1
Orange Twine,https://buddy.farm/i/orange-twine/,craft,Orange Dye,https://buddy.farm/i/orange-dye/,1
Over The Moon,https://buddy.farm/i/over-the-moon/,cooking,Coal,https://buddy.farm/i/coal/,120
Over The Moon,https://buddy.farm/i/over-the-moon/,cooking,Corn,https://buddy.farm/i/corn/,3
Over The Moon,https://buddy.farm/i/over-the-moon/,cooking,Leek,https://buddy.farm/i/leek/,3
Over The Moon,https://buddy.farm/i/over-the-moon/,cooking,Steak,https://buddy.farm/i/steak/,3
Over The Moon,https://buddy.farm/i/over-the-moon/,cooking,Herbs,https://buddy.farm/i/herbs/,1
Over The Moon,https://buddy.farm/i/over-the-moon/,cooking,Salt,https://buddy.farm/i/salt/,1
Pair of Boots,https://buddy.farm/i/pair-of-boots/,craft,Polished Boot,https://buddy.farm/i/polished-boot/,2
Pair of Gold Boots,https://buddy.farm/i/pair-of-gold-boots/,craft,Gold Boot,https://buddy.farm/i/gold-boot/,2
Peach Juice,https://buddy.farm/i/peach-juice/,craft,Glass Bottle,https://buddy.farm/i/glass-bottle/,1
Peach Juice,https://buddy.farm/i/peach-juice/,craft,Peach,https://buddy.farm/i/peach/,10
Pear Grease,https://buddy.farm/i/pear-grease/,craft,Glass Bottle,https://buddy.farm/i/glass-bottle/,1
Pear Grease,https://buddy.farm/i/pear-grease/,craft,Blue Gel,https://buddy.farm/i/blue-gel/,5
Pear Grease,https://buddy.farm/i/pear-grease/,craft,Prickly Pear,https://buddy.farm/i/prickly-pear/,30
Pearl Necklace,https://buddy.farm/i/pearl-necklace/,craft,Pearl,https://buddy.farm/i/pearl/,1
Pearl Necklace,https://buddy.farm/i/pearl-necklace/,craft,Iron Ring,https://buddy.farm/i/iron-ring/,1
Pearl Necklace,https://buddy.farm/i/pearl-necklace/,craft,Twine,https://buddy.farm/i/twine/,1
Pickaxe,https://buddy.farm/i/pickaxe/,craft,Board,https://buddy.farm/i/board/,1
Pickaxe,https://buddy.farm/i/pickaxe/,craft,Iron,https://buddy.farm/i/iron/,2
Pickaxe,https://buddy.farm/i/pickaxe/,craft,Stone,https://buddy.farm/i/stone/,1
Pickaxe,https://buddy.farm/i/pickaxe/,craft,Mushroom Paste,https://buddy.farm/i/mushroom-paste/,1
Pie Pan,https://buddy.farm/i/pie-pan/,craft,Steel,https://buddy.farm/i/steel/,10
Pie Pan,https://buddy.farm/i/pie-pan/,craft,Moonstone,https://buddy.farm/i/moonstone/,2
Pie Pan,https://buddy.farm/i/pie-pan/,craft,Emberstone,https://buddy.farm/i/emberstone/,25
Pine Shelf,https://buddy.farm/i/pine-shelf/,craft,Steel,https://buddy.farm/i/steel/,2
Pine Shelf,https://buddy.farm/i/pine-shelf/,craft,Small Bolt,https://buddy.farm/i/small-bolt/,4
Pine Shelf,https://buddy.farm/i/pine-shelf/,craft,Pine Board,https://buddy.farm/i/pine-board/,1
Pitchfork,https://buddy.farm/i/pitchfork/,craft,Board,https://buddy.farm/i/board/,1
Pitchfork,https://buddy.farm/i/pitchfork/,craft,Emberstone,https://buddy.farm/i/emberstone/,1
Pitchfork,https://buddy.farm/i/pitchfork/,craft,Mushroom Paste,https://buddy.farm/i/mushroom-paste/,1
Pitchfork,https://buddy.farm/i/pitchfork/,craft,Iron Ring,https://buddy.farm/i/iron-ring/,1
Pitchfork,https://buddy.farm/i/pitchfork/,craft,Steel,https://buddy.farm/i/steel/,2
Polished Boot,https://buddy.farm/i/polished-boot/,craft,Corn Oil,https://buddy.farm/i/corn-oil/,1
Polished Boot,https://buddy.farm/i/polished-boot/,craft,Old Boot,https://buddy.farm/i/old-boot/,1
Potato Battery,https://buddy.farm/i/potato-battery/,craft,Steel Wire,https://buddy.farm/i/steel-wire/,4
Potato Battery,https://buddy.farm/i/potato-battery/,craft,Nails,https://buddy.farm/i/nails/,4
Potato Battery,https://buddy.farm/i/potato-battery/,craft,Potato,https://buddy.farm/i/potato/,8
Potato Battery,https://buddy.farm/i/potato-battery/,craft,Transistor,https://buddy.farm/i/transistor/,8
Potato Battery,https://buddy.farm/i/potato-battery/,craft,Spool of Copper,https://buddy.farm/i/spool-of-copper/,1
Power Monitor,https://buddy.farm/i/power-monitor/,craft,Pocket Watch,https://buddy.farm/i/pocket-watch/,1
Power Monitor,https://buddy.farm/i/power-monitor/,craft,Copper Wire,https://buddy.farm/i/copper-wire/,1
Power Monitor,https://buddy.farm/i/power-monitor/,craft,Broken Pipe,https://buddy.farm/i/broken-pipe/,1
Power Monitor,https://buddy.farm/i/power-monitor/,craft,Iron,https://buddy.farm/i/iron/,10
Power Monitor,https://buddy.farm/i/power-monitor/,craft,Transistor,https://buddy.farm/i/transistor/,5
Propeller Hat,https://buddy.farm/i/propeller-hat/,craft,Green Dye,https://buddy.farm/i/green-dye/,2
Propeller Hat,https://buddy.farm/i/propeller-hat/,craft,Hammer,https://buddy.farm/i/hammer/,1
Propeller Hat,https://buddy.farm/i/propeller-hat/,craft,Blue Dye,https://buddy.farm/i/blue-dye/,2
Propeller Hat,https://buddy.farm/i/propeller-hat/,craft,Red Dye,https://buddy.farm/i/red-dye/,2
Propeller Hat,https://buddy.farm/i/propeller-hat/,craft,Yellow Dye,https://buddy.farm/i/yellow-dye/,2
Propeller Hat,https://buddy.farm/i/propeller-hat/,craft,Cloth,https://buddy.farm/i/cloth/,25
Propeller Hat,https://buddy.farm/i/propeller-hat/,craft,Tin Scraps,https://buddy.farm/i/tin-scraps/,2
Purple Bag,https://buddy.farm/i/purple-bag/,craft,Leather Bag,https://buddy.farm/i/leather-bag/,1
Purple Bag,https://buddy.farm/i/purple-bag/,craft,Purple Dye,https://buddy.farm/i/purple-dye/,1
Purple Butterfly,https://buddy.farm/i/purple-butterfly/,craft,Wood,https://buddy.farm/i/wood/,1
Purple Butterfly,https://buddy.farm/i/purple-butterfly/,craft,Caterpillar,https://buddy.farm/i/caterpillar/,1
Purple Butterfly,https://buddy.farm/i/purple-butterfly/,craft,Purple Dye,https://buddy.farm/i/purple-dye/,1
Purple Butterfly,https://buddy.farm/i/purple-butterfly/,craft,Silk,https://buddy.farm/i/silk/,3
Purple Diary,https://buddy.farm/i/purple-diary/,craft,Purple Parchment,https://buddy.farm/i/purple-parchment/,1
Purple Diary,https://buddy.farm/i/purple-diary/,craft,Mushroom Paste,https://buddy.farm/i/mushroom-paste/,1
Purple Diary,https://buddy.farm/i/purple-diary/,craft,White Parchment,https://buddy.farm/i/white-parchment/,1
Purple Dye,https://buddy.farm/i/purple-dye/,craft,Purple Flower,https://buddy.farm/i/purple-flower/,10
Purple Dye,https://buddy.farm/i/purple-dye/,craft,Glass Bottle,https://buddy.farm/i/glass-bottle/,1
Purple Parchment,https://buddy.farm/i/purple-parchment/,craft,Purple Flower,https://buddy.farm/i/purple-flower/,3
Purple Shirt,https://buddy.farm/i/purple-shirt/,craft,Purple Dye,https://buddy.farm/i/purple-dye/,1
Purple Shirt,https://buddy.farm/i/purple-shirt/,craft,Sewing Needle,https://buddy.farm/i/sewing-needle/,1
Purple Shirt,https://buddy.farm/i/purple-shirt/,craft,Cloth,https://buddy.farm/i/cloth/,10
Purple Twine,https://buddy.farm/i/purple-twine/,craft,Twine,https://buddy.farm/i/twine/,1
Purple Twine,https://buddy.farm/i/purple-twine/,craft,Purple Dye,https://buddy.farm/i/purple-dye/,1
Pyrite,https://buddy.farm/i/pyrite/,craft,Unpolished Pyrite,https://buddy.farm/i/unpolished-pyrite/,2
Quandary Chowder,https://buddy.farm/i/quandary-chowder/,cooking,Coal,https://buddy.farm/i/coal/,240
Quandary Chowder,https://buddy.farm/i/quandary-chowder/,cooking,Corn,https://buddy.farm/i/corn/,16
Quandary Chowder,https://buddy.farm/i/quandary-chowder/,cooking,Milk,https://buddy.farm/i/milk/,10
Quandary Chowder,https://buddy.farm/i/quandary-chowder/,cooking,Potato,https://buddy.farm/i/potato/,5
Quandary Chowder,https://buddy.farm/i/quandary-chowder/,cooking,Carrot,https://buddy.farm/i/carrot/,3
Quandary Chowder,https://buddy.farm/i/quandary-chowder/,cooking,Red Berries,https://buddy.farm/i/red-berries/,3
Quandary Chowder,https://buddy.farm/i/quandary-chowder/,cooking,Bacon,https://buddy.farm/i/bacon/,2
Quandary Chowder,https://buddy.farm/i/quandary-chowder/,cooking,Herbs,https://buddy.farm/i/herbs/,2
Quandary Chowder,https://buddy.farm/i/quandary-chowder/,cooking,Bone Broth,https://buddy.farm/i/bone-broth/,1
Quandary Chowder,https://buddy.farm/i/quandary-chowder/,cooking,Cooking Pot,https://buddy.farm/i/cooking-pot/,1
Quandary Chowder,https://buddy.farm/i/quandary-chowder/,cooking,Corn Oil,https://buddy.farm/i/corn-oil/,1
Quandary Chowder,https://buddy.farm/i/quandary-chowder/,cooking,Salt,https://buddy.farm/i/salt/,1
Re'taw Pail,https://buddy.farm/i/re-taw-pail/,craft,Bucket,https://buddy.farm/i/bucket/,1
Re'taw Pail,https://buddy.farm/i/re-taw-pail/,craft,Mushroom Paste,https://buddy.farm/i/mushroom-paste/,4
Re'taw Pail,https://buddy.farm/i/re-taw-pail/,craft,Re'taw,https://buddy.farm/i/re-taw/,5
Red Berry Pie,https://buddy.farm/i/red-berry-pie/,cooking,Coal,https://buddy.farm/i/coal/,750
Red Berry Pie,https://buddy.farm/i/red-berry-pie/,cooking,Red Berries,https://buddy.farm/i/red-berries/,200
Red Berry Pie,https://buddy.farm/i/red-berry-pie/,cooking,Sweet Root,https://buddy.farm/i/sweet-root/,100
Red Berry Pie,https://buddy.farm/i/red-berry-pie/,cooking,Flour,https://buddy.farm/i/flour/,25
Red Berry Pie,https://buddy.farm/i/red-berry-pie/,cooking,Eggs,https://buddy.farm/i/eggs/,10
Red Berry Pie,https://buddy.farm/i/red-berry-pie/,cooking,Salt,https://buddy.farm/i/salt/,10
Red Berry Pie,https://buddy.farm/i/red-berry-pie/,cooking,Butter,https://buddy.farm/i/butter/,5
Red Berry Pie,https://buddy.farm/i/red-berry-pie/,cooking,Milk,https://buddy.farm/i/milk/,1
Red Berry Pie,https://buddy.farm/i/red-berry-pie/,cooking,Pie Pan,https://buddy.farm/i/pie-pan/,1
Red Brick,https://buddy.farm/i/red-brick/,craft,Straw,https://buddy.farm/i/straw/,50
Red Brick,https://buddy.farm/i/red-brick/,craft,Sand,https://buddy.farm/i/sand/,50
Red Brick,https://buddy.farm/i/red-brick/,craft,Red Dye,https://buddy.farm/i/red-dye/,5
Red Brick,https://buddy.farm/i/red-brick/,craft,Bucket,https://buddy.farm/i/bucket/,5
Red Brick,https://buddy.farm/i/red-brick/,craft,Mushroom Paste,https://buddy.farm/i/mushroom-paste/,3
Red Butterfly,https://buddy.farm/i/red-butterfly/,craft,Caterpillar,https://buddy.farm/i/caterpillar/,1
Red Butterfly,https://buddy.farm/i/red-butterfly/,craft,Red Dye,https://buddy.farm/i/red-dye/,1
Red Butterfly,https://buddy.farm/i/red-butterfly/,craft,Silk,https://buddy.farm/i/silk/,3
Red Butterfly,https://buddy.farm/i/red-butterfly/,craft,Wood,https://buddy.farm/i/wood/,1
Red Diary,https://buddy.farm/i/red-diary/,craft,Mushroom Paste,https://buddy.farm/i/mushroom-paste/,1
Red Diary,https://buddy.farm/i/red-diary/,craft,Red Parchment,https://buddy.farm/i/red-parchment/,1
Red Diary,https://buddy.farm/i/red-diary/,craft,White Parchment,https://buddy.farm/i/white-parchment/,1
Red Dye,https://buddy.farm/i/red-dye/,craft,Glass Bottle,https://buddy.farm/i/glass-bottle/,1
Red Dye,https://buddy.farm/i/red-dye/,craft,Striped Feather,https://buddy.farm/i/striped-feather/,2
Red Parchment,https://buddy.farm/i/red-parchment/,craft,Striped Feather,https://buddy.farm/i/striped-feather/,3
Red Scarf,https://buddy.farm/i/red-scarf/,craft,Yarn,https://buddy.farm/i/yarn/,2
Red Scarf,https://buddy.farm/i/red-scarf/,craft,Red Dye,https://buddy.farm/i/red-dye/,1
Red Shield,https://buddy.farm/i/red-shield/,craft,Red Dye,https://buddy.farm/i/red-dye/,1
Red Shield,https://buddy.farm/i/red-shield/,craft,Steel,https://buddy.farm/i/steel/,3
Red Shield,https://buddy.farm/i/red-shield/,craft,Wooden Shield,https://buddy.farm/i/wooden-shield/,1
Red Shirt,https://buddy.farm/i/red-shirt/,craft,Sewing Needle,https://buddy.farm/i/sewing-needle/,1
Red Shirt,https://buddy.farm/i/red-shirt/,craft,Cloth,https://buddy.farm/i/cloth/,10
Red Shirt,https://buddy.farm/i/red-shirt/,craft,Red Dye,https://buddy.farm/i/red-dye/,1
Red Trunk,https://buddy.farm/i/red-trunk/,craft,Leather,https://buddy.farm/i/leather/,3
Red Trunk,https://buddy.farm/i/red-trunk/,craft,Nails,https://buddy.farm/i/nails/,16
Red Trunk,https://buddy.farm/i/red-trunk/,craft,Red Dye,https://buddy.farm/i/red-dye/,4
Red Trunk,https://buddy.farm/i/red-trunk/,craft,Wooden Plank,https://buddy.farm/i/wooden-plank/,6
Red Trunk,https://buddy.farm/i/red-trunk/,craft,Steel,https://buddy.farm/i/steel/,8
Red Twine,https://buddy.farm/i/red-twine/,craft,Red Dye,https://buddy.farm/i/red-dye/,1
Red Twine,https://buddy.farm/i/red-twine/,craft,Twine,https://buddy.farm/i/twine/,1
Reinforced Helmet,https://buddy.farm/i/reinforced-helmet/,craft,Hide,https://buddy.farm/i/hide/,4
Reinforced Helmet,https://buddy.farm/i/reinforced-helmet/,craft,Steel,https://buddy.farm/i/steel/,4
Reinforced Helmet,https://buddy.farm/i/reinforced-helmet/,craft,Leather Helmet,https://buddy.farm/i/leather-helmet/,1
Rope,https://buddy.farm/i/rope/,craft,Twine,https://buddy.farm/i/twine/,3
Ruby,https://buddy.farm/i/ruby/,craft,Stone,https://buddy.farm/i/stone/,1
Ruby,https://buddy.farm/i/ruby/,craft,Unpolished Ruby,https://buddy.farm/i/unpolished-ruby/,2
Ruby Ring,https://buddy.farm/i/ruby-ring/,craft,Mushroom Paste,https://buddy.farm/i/mushroom-paste/,1
Ruby Ring,https://buddy.farm/i/ruby-ring/,craft,Ruby,https://buddy.farm/i/ruby/,1
Ruby Ring,https://buddy.farm/i/ruby-ring/,craft,Iron Ring,https://buddy.farm/i/iron-ring/,1
Rucksack,https://buddy.farm/i/rucksack/,craft,Horn Canteen,https://buddy.farm/i/horn-canteen/,2
Rucksack,https://buddy.farm/i/rucksack/,craft,Scissors,https://buddy.farm/i/scissors/,1
Rucksack,https://buddy.farm/i/rucksack/,craft,Glass Jar,https://buddy.farm/i/glass-jar/,3
Rucksack,https://buddy.farm/i/rucksack/,craft,Blue Twine,https://buddy.farm/i/blue-twine/,4
Rucksack,https://buddy.farm/i/rucksack/,craft,Green Twine,https://buddy.farm/i/green-twine/,4
Rucksack,https://buddy.farm/i/rucksack/,craft,Red Twine,https://buddy.farm/i/red-twine/,4
Rucksack,https://buddy.farm/i/rucksack/,craft,Awl,https://buddy.farm/i/awl/,2
Rucksack,https://buddy.farm/i/rucksack/,craft,Leather,https://buddy.farm/i/leather/,8
Rucksack,https://buddy.farm/i/rucksack/,craft,Steel Buckle,https://buddy.farm/i/steel-buckle/,1
Rucksack,https://buddy.farm/i/rucksack/,craft,Wooden Button,https://buddy.farm/i/wooden-button/,4
Sail Cloth,https://buddy.farm/i/sail-cloth/,craft,Cotton,https://buddy.farm/i/cotton/,5
Sail Cloth,https://buddy.farm/i/sail-cloth/,craft,Sewing Needle,https://buddy.farm/i/sewing-needle/,3
Salt,https://buddy.farm/i/salt/,craft,Hammer,https://buddy.farm/i/hammer/,1
Salt,https://buddy.farm/i/salt/,craft,Salt Rock,https://buddy.farm/i/salt-rock/,50
Sand,https://buddy.farm/i/sand/,craft,Leather,https://buddy.farm/i/leather/,1
Sand,https://buddy.farm/i/sand/,craft,Sandstone,https://buddy.farm/i/sandstone/,5
Scissors,https://buddy.farm/i/scissors/,craft,Iron Ring,https://buddy.farm/i/iron-ring/,1
Scissors,https://buddy.farm/i/scissors/,craft,Stone,https://buddy.farm/i/stone/,1
Scissors,https://buddy.farm/i/scissors/,craft,Wood,https://buddy.farm/i/wood/,2
Scissors,https://buddy.farm/i/scissors/,craft,Nails,https://buddy.farm/i/nails/,1
Scissors,https://buddy.farm/i/scissors/,craft,Steel,https://buddy.farm/i/steel/,2
Sea Pincher Special,https://buddy.farm/i/sea-pincher-special/,cooking,Coal,https://buddy.farm/i/coal/,240
Sea Pincher Special,https://buddy.farm/i/sea-pincher-special/,cooking,Lemon,https://buddy.farm/i/lemon/,11
Sea Pincher Special,https://buddy.farm/i/sea-pincher-special/,cooking,Honey,https://buddy.farm/i/honey/,10
Sea Pincher Special,https://buddy.farm/i/sea-pincher-special/,cooking,Milk,https://buddy.farm/i/milk/,7
Sea Pincher Special,https://buddy.farm/i/sea-pincher-special/,cooking,Onion,https://buddy.farm/i/onion/,5
Sea Pincher Special,https://buddy.farm/i/sea-pincher-special/,cooking,Crab,https://buddy.farm/i/crab/,3
Sea Pincher Special,https://buddy.farm/i/sea-pincher-special/,cooking,Cooking Pot,https://buddy.farm/i/cooking-pot/,1
Sea Pincher Special,https://buddy.farm/i/sea-pincher-special/,cooking,Essence of Slime,https://buddy.farm/i/essence-of-slime/,1
Seashell Necklace,https://buddy.farm/i/seashell-necklace/,craft,Blue Shell,https://buddy.farm/i/blue-shell/,1
Seashell Necklace,https://buddy.farm/i/seashell-necklace/,craft,Clam Shell,https://buddy.farm/i/clam-shell/,1
Seashell Necklace,https://buddy.farm/i/seashell-necklace/,craft,Pearl,https://buddy.farm/i/pearl/,10
Seashell Necklace,https://buddy.farm/i/seashell-necklace/,craft,Conch Shell,https://buddy.farm/i/conch-shell/,1
Seashell Necklace,https://buddy.farm/i/seashell-necklace/,craft,Jade,https://buddy.farm/i/jade/,2
Seashell Necklace,https://buddy.farm/i/seashell-necklace/,craft,Steel Wire,https://buddy.farm/i/steel-wire/,4
Seashell Necklace,https://buddy.farm/i/seashell-necklace/,craft,Yarn,https://buddy.farm/i/yarn/,4
Seashell Necklace,https://buddy.farm/i/seashell-necklace/,craft,Spiked Shell,https://buddy.farm/i/spiked-shell/,1
Sewing Needle,https://buddy.farm/i/sewing-needle/,craft,Bone,https://buddy.farm/i/bone/,1
Sewing Needle,https://buddy.farm/i/sewing-needle/,craft,Twine,https://buddy.farm/i/twine/,1
Sewing Needle,https://buddy.farm/i/sewing-needle/,craft,Awl,https://buddy.farm/i/awl/,1
Shamrock Milk,https://buddy.farm/i/shamrock-milk/,craft,Milk,https://buddy.farm/i/milk/,1
Shamrock Milk,https://buddy.farm/i/shamrock-milk/,craft,3-leaf Clover,https://buddy.farm/i/3-leaf-clover/,50
Shamrock Milk,https://buddy.farm/i/shamrock-milk/,craft,4-leaf Clover,https://buddy.farm/i/4-leaf-clover/,10
Shamrock Milk,https://buddy.farm/i/shamrock-milk/,craft,White Sugar,https://buddy.farm/i/white-sugar/,2
Shimmer Ring,https://buddy.farm/i/shimmer-ring/,craft,Mushroom Paste,https://buddy.farm/i/mushroom-paste/,1
Shimmer Ring,https://buddy.farm/i/shimmer-ring/,craft,Iron Ring,https://buddy.farm/i/iron-ring/,1
Shimmer Ring,https://buddy.farm/i/shimmer-ring/,craft,Shimmer Topaz,https://buddy.farm/i/shimmer-topaz/,1
Shimmer Stone,https://buddy.farm/i/shimmer-stone/,craft,Unpolished Shimmer Stone,https://buddy.farm/i/unpolished-shimmer-stone/,2
Shimmer Topaz,https://buddy.farm/i/shimmer-topaz/,craft,Shimmer Quartz,https://buddy.farm/i/shimmer-quartz/,3
Ship in a Bottle,https://buddy.farm/i/ship-in-a-bottle/,craft,Mushroom Paste,https://buddy.farm/i/mushroom-paste/,3
Ship in a Bottle,https://buddy.farm/i/ship-in-a-bottle/,craft,Sand,https://buddy.farm/i/sand/,2
Ship in a Bottle,https://buddy.farm/i/ship-in-a-bottle/,craft,Glass Bottle,https://buddy.farm/i/glass-bottle/,1
Ship in a Bottle,https://buddy.farm/i/ship-in-a-bottle/,craft,Model Ship,https://buddy.farm/i/model-ship/,1
Ship in a Bottle,https://buddy.farm/i/ship-in-a-bottle/,craft,Oak,https://buddy.farm/i/oak/,2
Ship Mast,https://buddy.farm/i/ship-mast/,craft,Nails,https://buddy.farm/i/nails/,120
Ship Mast,https://buddy.farm/i/ship-mast/,craft,Board,https://buddy.farm/i/board/,24
Ship Mast,https://buddy.farm/i/ship-mast/,craft,Looking Glass,https://buddy.farm/i/looking-glass/,1
Ship Mast,https://buddy.farm/i/ship-mast/,craft,Rope,https://buddy.farm/i/rope/,12
Ship Mast,https://buddy.farm/i/ship-mast/,craft,Bucket,https://buddy.farm/i/bucket/,1
Ship Mast,https://buddy.farm/i/ship-mast/,craft,Oak,https://buddy.farm/i/oak/,20
Ship Mast,https://buddy.farm/i/ship-mast/,craft,Ladder,https://buddy.farm/i/ladder/,1
Ship Mast,https://buddy.farm/i/ship-mast/,craft,Red Scarf,https://buddy.farm/i/red-scarf/,4
Ship Mast,https://buddy.farm/i/ship-mast/,craft,Sail Cloth,https://buddy.farm/i/sail-cloth/,4
Ship Mast,https://buddy.farm/i/ship-mast/,craft,Wooden Plank,https://buddy.farm/i/wooden-plank/,12
Ship Mast,https://buddy.farm/i/ship-mast/,craft,Pulley,https://buddy.farm/i/pulley/,4
Shovel,https://buddy.farm/i/shovel/,craft,Stone,https://buddy.farm/i/stone/,1
Shovel,https://buddy.farm/i/shovel/,craft,Board,https://buddy.farm/i/board/,1
Shovel,https://buddy.farm/i/shovel/,craft,Iron,https://buddy.farm/i/iron/,2
Shovel,https://buddy.farm/i/shovel/,craft,Mushroom Paste,https://buddy.farm/i/mushroom-paste/,1
Shrimp-a-Plenty,https://buddy.farm/i/shrimp-a-plenty/,cooking,Coal,https://buddy.farm/i/coal/,240
Shrimp-a-Plenty,https://buddy.farm/i/shrimp-a-plenty/,cooking,Peas,https://buddy.farm/i/peas/,100
Shrimp-a-Plenty,https://buddy.farm/i/shrimp-a-plenty/,cooking,Small Prawn,https://buddy.farm/i/small-prawn/,30
Shrimp-a-Plenty,https://buddy.farm/i/shrimp-a-plenty/,cooking,Shrimp,https://buddy.farm/i/shrimp/,20
Shrimp-a-Plenty,https://buddy.farm/i/shrimp-a-plenty/,cooking,Rice,https://buddy.farm/i/rice/,10
Shrimp-a-Plenty,https://buddy.farm/i/shrimp-a-plenty/,cooking,Snail,https://buddy.farm/i/snail/,5
Shrimp-a-Plenty,https://buddy.farm/i/shrimp-a-plenty/,cooking,Salt,https://buddy.farm/i/salt/,2
Shrimp-a-Plenty,https://buddy.farm/i/shrimp-a-plenty/,cooking,Bone Broth,https://buddy.farm/i/bone-broth/,1
Shrimp-a-Plenty,https://buddy.farm/i/shrimp-a-plenty/,cooking,Cooking Pot,https://buddy.farm/i/cooking-pot/,1
Silk,https://buddy.farm/i/silk/,craft,Caterpillar,https://buddy.farm/i/caterpillar/,3
Silk,https://buddy.farm/i/silk/,craft,Spider,https://buddy.farm/i/spider/,2
Silk,https://buddy.farm/i/silk/,craft,Machine Press,https://buddy.farm/i/machine-press/,1
Snow Shoes,https://buddy.farm/i/snow-shoes/,craft,Handsaw,https://buddy.farm/i/handsaw/,1
Snow Shoes,https://buddy.farm/i/snow-shoes/,craft,Straw,https://buddy.farm/i/straw/,24
Snow Shoes,https://buddy.farm/i/snow-shoes/,craft,Leather,https://buddy.farm/i/leather/,5
Snow Shoes,https://buddy.farm/i/snow-shoes/,craft,Yarn,https://buddy.farm/i/yarn/,32
Snow Shoes,https://buddy.farm/i/snow-shoes/,craft,Oak,https://buddy.farm/i/oak/,20
Spiky Bracelet,https://buddy.farm/i/spiky-bracelet/,craft,Mushroom Paste,https://buddy.farm/i/mushroom-paste/,4
Spiky Bracelet,https://buddy.farm/i/spiky-bracelet/,craft,Leather,https://buddy.farm/i/leather/,4
Spiky Bracelet,https://buddy.farm/i/spiky-bracelet/,craft,Onyx Scorpion,https://buddy.farm/i/onyx-scorpion/,12
Spiky Bracelet,https://buddy.farm/i/spiky-bracelet/,craft,Monster Skull,https://buddy.farm/i/monster-skull/,6
Spiky Bracelet,https://buddy.farm/i/spiky-bracelet/,craft,Sewing Needle,https://buddy.farm/i/sewing-needle/,1
Spool of Copper,https://buddy.farm/i/spool-of-copper/,craft,Copper Wire,https://buddy.farm/i/copper-wire/,10
Spool of Copper,https://buddy.farm/i/spool-of-copper/,craft,Metal Spool,https://buddy.farm/i/metal-spool/,1
Spoon,https://buddy.farm/i/spoon/,craft,Bone,https://buddy.farm/i/bone/,1
Spoon,https://buddy.farm/i/spoon/,craft,Twine,https://buddy.farm/i/twine/,1
Spoon,https://buddy.farm/i/spoon/,craft,Axe,https://buddy.farm/i/axe/,1
Steel,https://buddy.farm/i/steel/,craft,Carbon Sphere,https://buddy.farm/i/carbon-sphere/,1
Steel,https://buddy.farm/i/steel/,craft,Glass Orb,https://buddy.farm/i/glass-orb/,1
Steel,https://buddy.farm/i/steel/,craft,Iron,https://buddy.farm/i/iron/,10
Steel Buckle,https://buddy.farm/i/steel-buckle/,craft,Emberstone,https://buddy.farm/i/emberstone/,2
Steel Buckle,https://buddy.farm/i/steel-buckle/,craft,Steel,https://buddy.farm/i/steel/,1
Steel Buckle,https://buddy.farm/i/steel-buckle/,craft,Hammer,https://buddy.farm/i/hammer/,1
Steel Pickaxe,https://buddy.farm/i/steel-pickaxe/,craft,Steel,https://buddy.farm/i/steel/,5
Steel Pickaxe,https://buddy.farm/i/steel-pickaxe/,craft,Pickaxe,https://buddy.farm/i/pickaxe/,1
Steel Pickaxe,https://buddy.farm/i/steel-pickaxe/,craft,Flarite,https://buddy.farm/i/flarite/,1
Steel Pickaxe,https://buddy.farm/i/steel-pickaxe/,craft,Mushroom Paste,https://buddy.farm/i/mushroom-paste/,2
Steel Plate,https://buddy.farm/i/steel-plate/,craft,Small Bolt,https://buddy.farm/i/small-bolt/,4
Steel Plate,https://buddy.farm/i/steel-plate/,craft,Steel,https://buddy.farm/i/steel/,2
Steel Plate,https://buddy.farm/i/steel-plate/,craft,Emberstone,https://buddy.farm/i/emberstone/,2
Steel Vise,https://buddy.farm/i/steel-vise/,craft,Blue Dye,https://buddy.farm/i/blue-dye/,2
Steel Vise,https://buddy.farm/i/steel-vise/,craft,Small Bolt,https://buddy.farm/i/small-bolt/,2
Steel Vise,https://buddy.farm/i/steel-vise/,craft,Wooden Plank,https://buddy.farm/i/wooden-plank/,1
Steel Vise,https://buddy.farm/i/steel-vise/,craft,Broken Pipe,https://buddy.farm/i/broken-pipe/,1
Steel Vise,https://buddy.farm/i/steel-vise/,craft,Glass Orb,https://buddy.farm/i/glass-orb/,2
Steel Vise,https://buddy.farm/i/steel-vise/,craft,Steel,https://buddy.farm/i/steel/,50
Steel Wire,https://buddy.farm/i/steel-wire/,craft,Iron,https://buddy.farm/i/iron/,10
Steel Wire,https://buddy.farm/i/steel-wire/,craft,Stone,https://buddy.farm/i/stone/,1
Steel Wire,https://buddy.farm/i/steel-wire/,craft,Carbon Sphere,https://buddy.farm/i/carbon-sphere/,1
Step Ladder,https://buddy.farm/i/step-ladder/,craft,Ladder,https://buddy.farm/i/ladder/,2
Step Ladder,https://buddy.farm/i/step-ladder/,craft,Small Bolt,https://buddy.farm/i/small-bolt/,2
Step Ladder,https://buddy.farm/i/step-ladder/,craft,Steel Plate,https://buddy.farm/i/steel-plate/,2
Strong Paste,https://buddy.farm/i/strong-paste/,craft,Mushroom Paste,https://buddy.farm/i/mushroom-paste/,2
Strong Paste,https://buddy.farm/i/strong-paste/,craft,Mudcap,https://buddy.farm/i/mudcap/,1
Strong Paste,https://buddy.farm/i/strong-paste/,craft,Glowshroom,https://buddy.farm/i/glowshroom/,2
Sturdy Bow,https://buddy.farm/i/sturdy-bow/,craft,Oak,https://buddy.farm/i/oak/,4
Sturdy Bow,https://buddy.farm/i/sturdy-bow/,craft,Steel,https://buddy.farm/i/steel/,1
Sturdy Bow,https://buddy.farm/i/sturdy-bow/,craft,Stone,https://buddy.farm/i/stone/,2
Sturdy Bow,https://buddy.farm/i/sturdy-bow/,craft,Twine,https://buddy.farm/i/twine/,2
Sturdy Bow,https://buddy.farm/i/sturdy-bow/,craft,Mushroom Paste,https://buddy.farm/i/mushroom-paste/,2
Sturdy Box,https://buddy.farm/i/sturdy-box/,craft,Iron,https://buddy.farm/i/iron/,2
Sturdy Box,https://buddy.farm/i/sturdy-box/,craft,Wooden Plank,https://buddy.farm/i/wooden-plank/,6
Sturdy Box,https://buddy.farm/i/sturdy-box/,craft,Nails,https://buddy.farm/i/nails/,6
Sturdy Pickaxe,https://buddy.farm/i/sturdy-pickaxe/,craft,Oak,https://buddy.farm/i/oak/,1
Sturdy Pickaxe,https://buddy.farm/i/sturdy-pickaxe/,craft,Small Bolt,https://buddy.farm/i/small-bolt/,1
Sturdy Pickaxe,https://buddy.farm/i/sturdy-pickaxe/,craft,Stone Shell,https://buddy.farm/i/stone-shell/,1
Sturdy Pickaxe,https://buddy.farm/i/sturdy-pickaxe/,craft,Pickaxe,https://buddy.farm/i/pickaxe/,1
Sturdy Shield,https://buddy.farm/i/sturdy-shield/,craft,Iron,https://buddy.farm/i/iron/,6
Sturdy Shield,https://buddy.farm/i/sturdy-shield/,craft,Wooden Plank,https://buddy.farm/i/wooden-plank/,1
Sturdy Shield,https://buddy.farm/i/sturdy-shield/,craft,Nails,https://buddy.farm/i/nails/,6
Sturdy Sword,https://buddy.farm/i/sturdy-sword/,craft,Steel,https://buddy.farm/i/steel/,1
Sturdy Sword,https://buddy.farm/i/sturdy-sword/,craft,Leather,https://buddy.farm/i/leather/,1
Sturdy Sword,https://buddy.farm/i/sturdy-sword/,craft,Iron,https://buddy.farm/i/iron/,2
Sturdy Sword,https://buddy.farm/i/sturdy-sword/,craft,Mushroom Paste,https://buddy.farm/i/mushroom-paste/,1
Sugar Cube,https://buddy.farm/i/sugar-cube/,craft,Wooden Box,https://buddy.farm/i/wooden-box/,1
Sugar Cube,https://buddy.farm/i/sugar-cube/,craft,White Sugar,https://buddy.farm/i/white-sugar/,1
Sugar Cube,https://buddy.farm/i/sugar-cube/,craft,Re'taw,https://buddy.farm/i/re-taw/,1
Sunflower Oil,https://buddy.farm/i/sunflower-oil/,craft,Glass Bottle,https://buddy.farm/i/glass-bottle/,1
Sunflower Oil,https://buddy.farm/i/sunflower-oil/,craft,Twine,https://buddy.farm/i/twine/,1
Sunflower Oil,https://buddy.farm/i/sunflower-oil/,craft,Sunflower,https://buddy.farm/i/sunflower/,6
Swamp Puzzle,https://buddy.farm/i/swamp-puzzle/,craft,Piece 01,https://buddy.farm/i/piece-01/,1
Swamp Puzzle,https://buddy.farm/i/swamp-puzzle/,craft,Piece 03,https://buddy.farm/i/piece-03/,1
Swamp Puzzle,https://buddy.farm/i/swamp-puzzle/,craft,Piece 26,https://buddy.farm/i/piece-26/,1
Swamp Puzzle,https://buddy.farm/i/swamp-puzzle/,craft,Piece 24,https://buddy.farm/i/piece-24/,1
Swamp Puzzle,https://buddy.farm/i/swamp-puzzle/,craft,Piece 09,https://buddy.farm/i/piece-09/,1
Swamp Puzzle,https://buddy.farm/i/swamp-puzzle/,craft,Piece 22,https://buddy.farm/i/piece-22/,1
Swamp Puzzle,https://buddy.farm/i/swamp-puzzle/,craft,Piece 30,https://buddy.farm/i/piece-30/,1
Swamp Puzzle,https://buddy.farm/i/swamp-puzzle/,craft,Piece 15,https://buddy.farm/i/piece-15/,1
Swamp Puzzle,https://buddy.farm/i/swamp-puzzle/,craft,Piece 04,https://buddy.farm/i/piece-04/,1
Swamp Puzzle,https://buddy.farm/i/swamp-puzzle/,craft,Piece 23,https://buddy.farm/i/piece-23/,1
Swamp Puzzle,https://buddy.farm/i/swamp-puzzle/,craft,Piece 11,https://buddy.farm/i/piece-11/,1
Swamp Puzzle,https://buddy.farm/i/swamp-puzzle/,craft,Piece 18,https://buddy.farm/i/piece-18/,1
Swamp Puzzle,https://buddy.farm/i/swamp-puzzle/,craft,Piece 12,https://buddy.farm/i/piece-12/,1
Swamp Puzzle,https://buddy.farm/i/swamp-puzzle/,craft,Piece 07,https://buddy.farm/i/piece-07/,1
Swamp Puzzle,https://buddy.farm/i/swamp-puzzle/,craft,Piece 31,https://buddy.farm/i/piece-31/,1
Tie Dye Scarf,https://buddy.farm/i/tie-dye-scarf/,craft,Green Dye,https://buddy.farm/i/green-dye/,1
Tie Dye Scarf,https://buddy.farm/i/tie-dye-scarf/,craft,Yarn,https://buddy.farm/i/yarn/,6
Tie Dye Scarf,https://buddy.farm/i/tie-dye-scarf/,craft,Blue Dye,https://buddy.farm/i/blue-dye/,1
Tie Dye Scarf,https://buddy.farm/i/tie-dye-scarf/,craft,Red Dye,https://buddy.farm/i/red-dye/,1
Tie Dye Scarf,https://buddy.farm/i/tie-dye-scarf/,craft,Purple Dye,https://buddy.farm/i/purple-dye/,1
Tie Dye Scarf,https://buddy.farm/i/tie-dye-scarf/,craft,Yellow Dye,https://buddy.farm/i/yellow-dye/,1
Tie Dye Scarf,https://buddy.farm/i/tie-dye-scarf/,craft,Orange Dye,https://buddy.farm/i/orange-dye/,1
Tin Scraps,https://buddy.farm/i/tin-scraps/,craft,Axe,https://buddy.farm/i/axe/,1
Tin Scraps,https://buddy.farm/i/tin-scraps/,craft,Tin Can,https://buddy.farm/i/tin-can/,1
Treasure Chest,https://buddy.farm/i/treasure-chest/,craft,Iron,https://buddy.farm/i/iron/,12
Treasure Chest,https://buddy.farm/i/treasure-chest/,craft,Wooden Plank,https://buddy.farm/i/wooden-plank/,6
Treasure Chest,https://buddy.farm/i/treasure-chest/,craft,Nails,https://buddy.farm/i/nails/,22
Twine,https://buddy.farm/i/twine/,craft,Wood,https://buddy.farm/i/wood/,1
Twine,https://buddy.farm/i/twine/,craft,Straw,https://buddy.farm/i/straw/,2
Unpolished Shimmer Stone,https://buddy.farm/i/unpolished-shimmer-stone/,craft,Emberstone,https://buddy.farm/i/emberstone/,1
Unpolished Shimmer Stone,https://buddy.farm/i/unpolished-shimmer-stone/,craft,Sandstone,https://buddy.farm/i/sandstone/,1
Veggie Juice,https://buddy.farm/i/veggie-juice/,craft,Peas,https://buddy.farm/i/peas/,7
Veggie Juice,https://buddy.farm/i/veggie-juice/,craft,Tomato,https://buddy.farm/i/tomato/,2
Veggie Juice,https://buddy.farm/i/veggie-juice/,craft,Cucumber,https://buddy.farm/i/cucumber/,7
Veggie Juice,https://buddy.farm/i/veggie-juice/,craft,Glass Bottle,https://buddy.farm/i/glass-bottle/,1
Veggie Juice,https://buddy.farm/i/veggie-juice/,craft,Eggplant,https://buddy.farm/i/eggplant/,7
Veggie Juice,https://buddy.farm/i/veggie-juice/,craft,Carrot,https://buddy.farm/i/carrot/,7
Veggie Juice,https://buddy.farm/i/veggie-juice/,craft,Beet,https://buddy.farm/i/beet/,15
Veggie Juice,https://buddy.farm/i/veggie-juice/,craft,Twine,https://buddy.farm/i/twine/,2
Veggie Juice,https://buddy.farm/i/veggie-juice/,craft,Horn,https://buddy.farm/i/horn/,2
Veggie Juice,https://buddy.farm/i/veggie-juice/,craft,Watermelon,https://buddy.farm/i/watermelon/,2
Veggie Juice,https://buddy.farm/i/veggie-juice/,craft,Peppers,https://buddy.farm/i/peppers/,7
Wagon Wheel,https://buddy.farm/i/wagon-wheel/,craft,Board,https://buddy.farm/i/board/,12
Wagon Wheel,https://buddy.farm/i/wagon-wheel/,craft,Nails,https://buddy.farm/i/nails/,14
White Cloak,https://buddy.farm/i/white-cloak/,craft,Leather,https://buddy.farm/i/leather/,5
White Cloak,https://buddy.farm/i/white-cloak/,craft,Twine,https://buddy.farm/i/twine/,10
White Cloak,https://buddy.farm/i/white-cloak/,craft,Cotton,https://buddy.farm/i/cotton/,1
White Cloak,https://buddy.farm/i/white-cloak/,craft,White Dye,https://buddy.farm/i/white-dye/,10
White Dye,https://buddy.farm/i/white-dye/,craft,Glass Bottle,https://buddy.farm/i/glass-bottle/,1
White Dye,https://buddy.farm/i/white-dye/,craft,Mist Lily,https://buddy.farm/i/mist-lily/,5
White Parchment,https://buddy.farm/i/white-parchment/,craft,Feathers,https://buddy.farm/i/feathers/,3
White Purse,https://buddy.farm/i/white-purse/,craft,Coin Purse,https://buddy.farm/i/coin-purse/,1
White Purse,https://buddy.farm/i/white-purse/,craft,White Dye,https://buddy.farm/i/white-dye/,1
White Scarf,https://buddy.farm/i/white-scarf/,craft,Yarn,https://buddy.farm/i/yarn/,2
White Scarf,https://buddy.farm/i/white-scarf/,craft,White Dye,https://buddy.farm/i/white-dye/,1
White Shirt,https://buddy.farm/i/white-shirt/,craft,Sewing Needle,https://buddy.farm/i/sewing-needle/,1
White Shirt,https://buddy.farm/i/white-shirt/,craft,White Dye,https://buddy.farm/i/white-dye/,1
White Shirt,https://buddy.farm/i/white-shirt/,craft,Cloth,https://buddy.farm/i/cloth/,10
White Twine,https://buddy.farm/i/white-twine/,craft,Twine,https://buddy.farm/i/twine/,1
White Twine,https://buddy.farm/i/white-twine/,craft,White Dye,https://buddy.farm/i/white-dye/,1
Wine,https://buddy.farm/i/wine/,craft,Glass Bottle,https://buddy.farm/i/glass-bottle/,1
Wine,https://buddy.farm/i/wine/,craft,Grapes,https://buddy.farm/i/grapes/,100
Wizard Hat,https://buddy.farm/i/wizard-hat/,craft,Purple Flower,https://buddy.farm/i/purple-flower/,10
Wizard Hat,https://buddy.farm/i/wizard-hat/,craft,Leather,https://buddy.farm/i/leather/,2
Wizard Hat,https://buddy.farm/i/wizard-hat/,craft,Twine,https://buddy.farm/i/twine/,3
Wooden Barrel,https://buddy.farm/i/wooden-barrel/,craft,Nails,https://buddy.farm/i/nails/,10
Wooden Barrel,https://buddy.farm/i/wooden-barrel/,craft,Board,https://buddy.farm/i/board/,10
Wooden Barrel,https://buddy.farm/i/wooden-barrel/,craft,Iron,https://buddy.farm/i/iron/,4
Wooden Bow,https://buddy.farm/i/wooden-bow/,craft,Fern Leaf,https://buddy.farm/i/fern-leaf/,1
Wooden Bow,https://buddy.farm/i/wooden-bow/,craft,Iron,https://buddy.farm/i/iron/,2
Wooden Bow,https://buddy.farm/i/wooden-bow/,craft,Twine,https://buddy.farm/i/twine/,2
Wooden Bow,https://buddy.farm/i/wooden-bow/,craft,Wood,https://buddy.farm/i/wood/,4
Wooden Box,https://buddy.farm/i/wooden-box/,craft,Nails,https://buddy.farm/i/nails/,6
Wooden Box,https://buddy.farm/i/wooden-box/,craft,Wooden Plank,https://buddy.farm/i/wooden-plank/,6
Wooden Button,https://buddy.farm/i/wooden-button/,craft,Wood,https://buddy.farm/i/wood/,1
Wooden Button,https://buddy.farm/i/wooden-button/,craft,Awl,https://buddy.farm/i/awl/,1
Wooden Plank,https://buddy.farm/i/wooden-plank/,craft,Nails,https://buddy.farm/i/nails/,4
Wooden Plank,https://buddy.farm/i/wooden-plank/,craft,Board,https://buddy.farm/i/board/,4
Wooden Shield,https://buddy.farm/i/wooden-shield/,craft,Iron,https://buddy.farm/i/iron/,1
Wooden Shield,https://buddy.farm/i/wooden-shield/,craft,Nails,https://buddy.farm/i/nails/,4
Wooden Shield,https://buddy.farm/i/wooden-shield/,craft,Wooden Plank,https://buddy.farm/i/wooden-plank/,1
Wooden Spear,https://buddy.farm/i/wooden-spear/,craft,Arrowhead,https://buddy.farm/i/arrowhead/,1
Wooden Spear,https://buddy.farm/i/wooden-spear/,craft,Wood,https://buddy.farm/i/wood/,1
Wooden Spear,https://buddy.farm/i/wooden-spear/,craft,Twine,https://buddy.farm/i/twine/,2
Wooden Sword,https://buddy.farm/i/wooden-sword/,craft,Iron,https://buddy.farm/i/iron/,2
Wooden Sword,https://buddy.farm/i/wooden-sword/,craft,Twine,https://buddy.farm/i/twine/,4
Wooden Sword,https://buddy.farm/i/wooden-sword/,craft,Board,https://buddy.farm/i/board/,1
Wooden Table,https://buddy.farm/i/wooden-table/,craft,Board,https://buddy.farm/i/board/,8
Wooden Table,https://buddy.farm/i/wooden-table/,craft,Wooden Plank,https://buddy.farm/i/wooden-plank/,1
Wooden Table,https://buddy.farm/i/wooden-table/,craft,Nails,https://buddy.farm/i/nails/,12
Wrench,https://buddy.farm/i/wrench/,craft,Emberstone,https://buddy.farm/i/emberstone/,5
Wrench,https://buddy.farm/i/wrench/,craft,Steel,https://buddy.farm/i/steel/,1
Y73841 Detector,https://buddy.farm/i/y73841-detector/,craft,Scrap Wire,https://buddy.farm/i/scrap-wire/,50
Y73841 Detector,https://buddy.farm/i/y73841-detector/,craft,Compass,https://buddy.farm/i/compass/,1
Y73841 Detector,https://buddy.farm/i/y73841-detector/,craft,Pocket Watch,https://buddy.farm/i/pocket-watch/,1
Y73841 Detector,https://buddy.farm/i/y73841-detector/,craft,Runestone 17,https://buddy.farm/i/runestone-17/,1
Y73841 Detector,https://buddy.farm/i/y73841-detector/,craft,Y73841 Blueprint,https://buddy.farm/i/y73841-blueprint/,1
Y73841 Detector,https://buddy.farm/i/y73841-detector/,craft,Transistor,https://buddy.farm/i/transistor/,50
Y73841 Detector,https://buddy.farm/i/y73841-detector/,craft,Small Gear,https://buddy.farm/i/small-gear/,3
Yarn,https://buddy.farm/i/yarn/,craft,Twine,https://buddy.farm/i/twine/,4
Yellow Bag,https://buddy.farm/i/yellow-bag/,craft,Yellow Dye,https://buddy.farm/i/yellow-dye/,1
Yellow Bag,https://buddy.farm/i/yellow-bag/,craft,Leather Bag,https://buddy.farm/i/leather-bag/,1
Yellow Butterfly,https://buddy.farm/i/yellow-butterfly/,craft,Wood,https://buddy.farm/i/wood/,1
Yellow Butterfly,https://buddy.farm/i/yellow-butterfly/,craft,Caterpillar,https://buddy.farm/i/caterpillar/,1
Yellow Butterfly,https://buddy.farm/i/yellow-butterfly/,craft,Yellow Dye,https://buddy.farm/i/yellow-dye/,1
Yellow Butterfly,https://buddy.farm/i/yellow-butterfly/,craft,Silk,https://buddy.farm/i/silk/,3
Yellow Dye,https://buddy.farm/i/yellow-dye/,craft,Glass Bottle,https://buddy.farm/i/glass-bottle/,1
Yellow Dye,https://buddy.farm/i/yellow-dye/,craft,Swamp Thistle,https://buddy.farm/i/swamp-thistle/,4
Yellow Purse,https://buddy.farm/i/yellow-purse/,craft,Yellow Dye,https://buddy.farm/i/yellow-dye/,1
Yellow Purse,https://buddy.farm/i/yellow-purse/,craft,Coin Purse,https://buddy.farm/i/coin-purse/,1
Yellow Scarf,https://buddy.farm/i/yellow-scarf/,craft,Yarn,https://buddy.farm/i/yarn/,2
Yellow Scarf,https://buddy.farm/i/yellow-scarf/,craft,Yellow Dye,https://buddy.farm/i/yellow-dye/,1
Yellow Shirt,https://buddy.farm/i/yellow-shirt/,craft,Sewing Needle,https://buddy.farm/i/sewing-needle/,1
Yellow Shirt,https://buddy.farm/i/yellow-shirt/,craft,Yellow Dye,https://buddy.farm/i/yellow-dye/,1
Yellow Shirt,https://buddy.farm/i/yellow-shirt/,craft,Cloth,https://buddy.farm/i/cloth/,10
Yellow Twine,https://buddy.farm/i/yellow-twine/,craft,Twine,https://buddy.farm/i/twine/,1
Yellow Twine,https://buddy.farm/i/yellow-twine/,craft,Yellow Dye,https://buddy.farm/i/yellow-dye/,1