alias_name,alias_key,canonical_item_name,canonical_key,review_status,source,notes
3 Leaf Clover,3 leaf clover,3-leaf Clover,3-leaf clover,approved,BL-253/BL-246 current Buddy evidence cache,Approved BL-264 source-system alias from complete cached Buddy parser output.; Preserves app canonical identity while recognizing punctuation-stripped Buddy/source keys.; Source: https://buddy.farm/i/3-leaf-clover/; Page data: https://buddy.farm/page-data/i/3-leaf-clover/page-data.json; Cache: 3-leaf-clover__3-leaf-clover.json
4 Leaf Clover,4 leaf clover,4-leaf Clover,4-leaf clover,approved,BL-253/BL-246 current Buddy evidence cache,Approved BL-264 source-system alias from complete cached Buddy parser output.; Preserves app canonical identity while recognizing punctuation-stripped Buddy/source keys.; Source: https://buddy.farm/i/4-leaf-clover/; Page data: https://buddy.farm/page-data/i/4-leaf-clover/page-data.json; Cache: 4-leaf-clover__4-leaf-clover.json
Baba Bobble,baba bobble,Baba Bobblehead,baba bobblehead,approved,planning/museum-missing-items-manual-review-2026-05-12.md; data/museum_completion_canon.csv,Reviewed name drift: canon and icon manifest use Baba Bobblehead.
Baba Gec S Cabbage Stew,baba gec s cabbage stew,Baba Gec's Cabbage Stew,baba gec's cabbage stew,approved,BL-253/BL-246 current Buddy evidence cache,Approved BL-264 source-system alias from complete cached Buddy parser output.; Preserves app canonical identity while recognizing punctuation-stripped Buddy/source keys.; Source: https://buddy.farm/i/baba-gec-s-cabbage-stew/; Page data: https://buddy.farm/page-data/i/baba-gec-s-cabbage-stew/page-data.json; Cache: baba-gec-s-cabbage-stew__baba-gec-s-cabbage-stew.json
Baba S Snack Pack,baba s snack pack,Baba's Snack Pack,baba's snack pack,approved,BL-253/BL-246 current Buddy evidence cache,Approved BL-264 source-system alias from complete cached Buddy parser output.; Preserves app canonical identity while recognizing punctuation-stripped Buddy/source keys.; Source: https://buddy.farm/i/baba-s-snack-pack/; Page data: https://buddy.farm/page-data/i/baba-s-snack-pack/page-data.json; Cache: baba-s-snack-pack__baba-s-snack-pack.json
Beatrix S Big Box Of Boom,beatrix s big box of boom,Beatrix's Big Box of Boom,beatrix's big box of boom,approved,BL-253/BL-246 current Buddy evidence cache,Approved BL-264 source-system alias from complete cached Buddy parser output.; Preserves app canonical identity while recognizing punctuation-stripped Buddy/source keys.; Source: https://buddy.farm/i/beatrix-s-big-box-of-boom/; Page data: https://buddy.farm/page-data/i/beatrix-s-big-box-of-boom/page-data.json; Cache: beatrix-s-big-box-of-boom__beatrix-s-big-box-of-boom.json
Beatrix S Booming Brawl Box 01,beatrix s booming brawl box 01,Beatrix's Booming Brawl Box 01,beatrix's booming brawl box 01,approved,BL-253/BL-246 current Buddy evidence cache,Approved BL-264 source-system alias from complete cached Buddy parser output.; Preserves app canonical identity while recognizing punctuation-stripped Buddy/source keys.; Source: https://buddy.farm/i/beatrix-s-booming-brawl-box-01/; Page data: https://buddy.farm/page-data/i/beatrix-s-booming-brawl-box-01/page-data.json; Cache: beatrix-s-booming-brawl-box-01__beatrix-s-booming-brawl-box-01.json
Beatrix S Booming Brawl Box 02,beatrix s booming brawl box 02,Beatrix's Booming Brawl Box 02,beatrix's booming brawl box 02,approved,BL-253/BL-246 current Buddy evidence cache,Approved BL-264 source-system alias from complete cached Buddy parser output.; Preserves app canonical identity while recognizing punctuation-stripped Buddy/source keys.; Source: https://buddy.farm/i/beatrix-s-booming-brawl-box-02/; Page data: https://buddy.farm/page-data/i/beatrix-s-booming-brawl-box-02/page-data.json; Cache: beatrix-s-booming-brawl-box-02__beatrix-s-booming-brawl-box-02.json
Boobun S Spray Bottle,boobun s spray bottle,Boobun's Spray Bottle,boobun's spray bottle,approved,BL-253/BL-246 current Buddy evidence cache,Approved BL-264 source-system alias from complete cached Buddy parser output.; Preserves app canonical identity while recognizing punctuation-stripped Buddy/source keys.; Source: https://buddy.farm/i/boobun-s-spray-bottle/; Page data: https://buddy.farm/page-data/i/boobun-s-spray-bottle/page-data.json; Cache: boobun-s-spray-bottle__boobun-s-spray-bottle.json
Borgen S Dancing Belt,borgen s dancing belt,Borgen's Dancing Belt,borgen's dancing belt,approved,BL-253/BL-246 current Buddy evidence cache,Approved BL-264 source-system alias from complete cached Buddy parser output.; Preserves app canonical identity while recognizing punctuation-stripped Buddy/source keys.; Source: https://buddy.farm/i/borgen-s-dancing-belt/; Page data: https://buddy.farm/page-data/i/borgen-s-dancing-belt/page-data.json; Cache: borgen-s-dancing-belt__borgen-s-dancing-belt.json
Buddy S Beach Bag,buddy s beach bag,Buddy's Beach Bag,buddy's beach bag,approved,BL-253/BL-246 current Buddy evidence cache,Approved BL-264 source-system alias from complete cached Buddy parser output.; Preserves app canonical identity while recognizing punctuation-stripped Buddy/source keys.; Source: https://buddy.farm/i/buddy-s-beach-bag/; Page data: https://buddy.farm/page-data/i/buddy-s-beach-bag/page-data.json; Cache: buddy-s-beach-bag__buddy-s-beach-bag.json
Buddy S Beach Ball,buddy s beach ball,Buddy's Beach Ball,buddy's beach ball,approved,BL-253/BL-246 current Buddy evidence cache,Approved BL-264 source-system alias from complete cached Buddy parser output.; Preserves app canonical identity while recognizing punctuation-stripped Buddy/source keys.; Source: https://buddy.farm/i/buddy-s-beach-ball/; Page data: https://buddy.farm/page-data/i/buddy-s-beach-ball/page-data.json; Cache: buddy-s-beach-ball__buddy-s-beach-ball.json
Buddy S Old Pirate Belt,buddy s old pirate belt,Buddy's Old Pirate Belt,buddy's old pirate belt,approved,BL-253/BL-246 current Buddy evidence cache,Approved BL-264 source-system alias from complete cached Buddy parser output.; Preserves app canonical identity while recognizing punctuation-stripped Buddy/source keys.; Source: https://buddy.farm/i/buddy-s-old-pirate-belt/; Page data: https://buddy.farm/page-data/i/buddy-s-old-pirate-belt/page-data.json; Cache: buddy-s-old-pirate-belt__buddy-s-old-pirate-belt.json
Buddy S School Bag,buddy s school bag,Buddy's School Bag,buddy's school bag,approved,BL-253/BL-246 current Buddy evidence cache,Approved BL-264 source-system alias from complete cached Buddy parser output.; Preserves app canonical identity while recognizing punctuation-stripped Buddy/source keys.; Source: https://buddy.farm/i/buddy-s-school-bag/; Page data: https://buddy.farm/page-data/i/buddy-s-school-bag/page-data.json; Cache: buddy-s-school-bag__buddy-s-school-bag.json
Buddy S Sleeping Cap,buddy s sleeping cap,Buddy's Sleeping Cap,buddy's sleeping cap,approved,BL-253/BL-246 current Buddy evidence cache,Approved BL-264 source-system alias from complete cached Buddy parser output.; Preserves app canonical identity while recognizing punctuation-stripped Buddy/source keys.; Source: https://buddy.farm/i/buddy-s-sleeping-cap/; Page data: https://buddy.farm/page-data/i/buddy-s-sleeping-cap/page-data.json; Cache: buddy-s-sleeping-cap__buddy-s-sleeping-cap.json
Cat S Meow,cat s meow,Cat's Meow,cat's meow,approved,BL-253/BL-246 current Buddy evidence cache,Approved BL-264 source-system alias from complete cached Buddy parser output.; Preserves app canonical identity while recognizing punctuation-stripped Buddy/source keys.; Source: https://buddy.farm/i/cat-s-meow/; Page data: https://buddy.farm/page-data/i/cat-s-meow/page-data.json; Cache: cat-s-meow__cat-s-meow.json
Cecil S Shrimp A Plenty,cecil s shrimp a plenty,Cecil's Shrimp-a-Plenty,cecil's shrimp-a-plenty,approved,BL-253/BL-246 current Buddy evidence cache,Approved BL-264 source-system alias from complete cached Buddy parser output.; Preserves app canonical identity while recognizing punctuation-stripped Buddy/source keys.; Source: https://buddy.farm/i/cecil-s-shrimp-a-plenty/; Page data: https://buddy.farm/page-data/i/cecil-s-shrimp-a-plenty/page-data.json; Cache: cecil-s-shrimp-a-plenty__cecil-s-shrimp-a-plenty.json
Cepathorf S Case,cepathorf s case,Cepathorf's Case,cepathorf's case,approved,BL-253/BL-246 current Buddy evidence cache,Approved BL-264 source-system alias from complete cached Buddy parser output.; Preserves app canonical identity while recognizing punctuation-stripped Buddy/source keys.; Source: https://buddy.farm/i/cepathorf-s-case/; Page data: https://buddy.farm/page-data/i/cepathorf-s-case/page-data.json; Cache: cepathorf-s-case__cepathorf-s-case.json
Charles S Neigh,charles s neigh,Charles's Neigh,charles's neigh,approved,BL-253/BL-246 current Buddy evidence cache,Approved BL-264 source-system alias from complete cached Buddy parser output.; Preserves app canonical identity while recognizing punctuation-stripped Buddy/source keys.; Source: https://buddy.farm/i/charles-s-neigh/; Page data: https://buddy.farm/page-data/i/charles-s-neigh/page-data.json; Cache: charles-s-neigh__charles-s-neigh.json
Cid S Stone Ale,cid s stone ale,Cid's Stone Ale,cid's stone ale,approved,BL-253/BL-246 current Buddy evidence cache,Approved BL-264 source-system alias from complete cached Buddy parser output.; Preserves app canonical identity while recognizing punctuation-stripped Buddy/source keys.; Source: https://buddy.farm/i/cid-s-stone-ale/; Page data: https://buddy.farm/page-data/i/cid-s-stone-ale/page-data.json; Cache: cid-s-stone-ale__cid-s-stone-ale.json
Coderanger S Missing Semicolon,coderanger s missing semicolon,Coderanger's Missing Semicolon,coderanger's missing semicolon,approved,BL-253/BL-246 current Buddy evidence cache,Approved BL-264 source-system alias from complete cached Buddy parser output.; Preserves app canonical identity while recognizing punctuation-stripped Buddy/source keys.; Source: https://buddy.farm/i/coderanger-s-missing-semicolon/; Page data: https://buddy.farm/page-data/i/coderanger-s-missing-semicolon/page-data.json; Cache: coderanger-s-missing-semicolon__coderanger-s-missing-semicolon.json
Dewstar S Journal,dewstar s journal,Dewstar's Journal,dewstar's journal,approved,BL-253/BL-246 current Buddy evidence cache,Approved BL-264 source-system alias from complete cached Buddy parser output.; Preserves app canonical identity while recognizing punctuation-stripped Buddy/source keys.; Source: https://buddy.farm/i/dewstar-s-journal/; Page data: https://buddy.farm/page-data/i/dewstar-s-journal/page-data.json; Cache: dewstar-s-journal__dewstar-s-journal.json
Diary Of O Dynn,diary of o dynn,Diary of O'Dynn,diary of o'dynn,approved,BL-253/BL-246 current Buddy evidence cache,Approved BL-264 source-system alias from complete cached Buddy parser output.; Preserves app canonical identity while recognizing punctuation-stripped Buddy/source keys.; Source: https://buddy.farm/i/diary-of-o-dynn/; Page data: https://buddy.farm/page-data/i/diary-of-o-dynn/page-data.json; Cache: diary-of-o-dynn__diary-of-o-dynn.json
Fenrir S Coin,fenrir s coin,Fenrir's Coin,fenrir's coin,approved,BL-253/BL-246 current Buddy evidence cache,Approved BL-264 source-system alias from complete cached Buddy parser output.; Preserves app canonical identity while recognizing punctuation-stripped Buddy/source keys.; Source: https://buddy.farm/i/fenrir-s-coin/; Page data: https://buddy.farm/page-data/i/fenrir-s-coin/page-data.json; Cache: fenrir-s-coin__fenrir-s-coin.json
Firestream S Magic Wire,firestream s magic wire,Firestream's Magic Wire,firestream's magic wire,approved,BL-253/BL-246 current Buddy evidence cache,Approved BL-264 source-system alias from complete cached Buddy parser output.; Preserves app canonical identity while recognizing punctuation-stripped Buddy/source keys.; Source: https://buddy.farm/i/firestream-s-magic-wire/; Page data: https://buddy.farm/page-data/i/firestream-s-magic-wire/page-data.json; Cache: firestream-s-magic-wire__firestream-s-magic-wire.json
Forcepath S Book Of Quest Requirements,forcepath s book of quest requirements,Forcepath's Book of Quest Requirements,forcepath's book of quest requirements,approved,BL-253/BL-246 current Buddy evidence cache,Approved BL-264 source-system alias from complete cached Buddy parser output.; Preserves app canonical identity while recognizing punctuation-stripped Buddy/source keys.; Source: https://buddy.farm/i/forcepath-s-book-of-quest-requirements/; Page data: https://buddy.farm/page-data/i/forcepath-s-book-of-quest-requirements/page-data.json; Cache: forcepath-s-book-of-quest-requirements__forcepath-s-book-of-quest-requirements.json
Frank S Basket,frank s basket,frank's Basket,frank's basket,approved,BL-253/BL-246 current Buddy evidence cache,Approved BL-264 source-system alias from complete cached Buddy parser output.; Preserves app canonical identity while recognizing punctuation-stripped Buddy/source keys.; Source: https://buddy.farm/i/frank-s-basket/; Page data: https://buddy.farm/page-data/i/frank-s-basket/page-data.json; Cache: frank-s-basket__frank-s-basket.json
Frank S Bunny Mask,frank s bunny mask,frank's Bunny Mask,frank's bunny mask,approved,BL-253/BL-246 current Buddy evidence cache,Approved BL-264 source-system alias from complete cached Buddy parser output.; Preserves app canonical identity while recognizing punctuation-stripped Buddy/source keys.; Source: https://buddy.farm/i/frank-s-bunny-mask/; Page data: https://buddy.farm/page-data/i/frank-s-bunny-mask/page-data.json; Cache: frank-s-bunny-mask__frank-s-bunny-mask.json
Gary S Crushroom Key,gary s crushroom key,Gary's Crushroom Key,gary's crushroom key,approved,BL-253/BL-246 current Buddy evidence cache,Approved BL-264 source-system alias from complete cached Buddy parser output.; Preserves app canonical identity while recognizing punctuation-stripped Buddy/source keys.; Source: https://buddy.farm/i/gary-s-crushroom-key/; Page data: https://buddy.farm/page-data/i/gary-s-crushroom-key/page-data.json; Cache: gary-s-crushroom-key__gary-s-crushroom-key.json
Gary S Diary Page 12,gary s diary page 12,Gary's Diary Page 12,gary's diary page 12,approved,BL-253/BL-246 current Buddy evidence cache,Approved BL-264 source-system alias from complete cached Buddy parser output.; Preserves app canonical identity while recognizing punctuation-stripped Buddy/source keys.; Source: https://buddy.farm/i/gary-s-diary-page-12/; Page data: https://buddy.farm/page-data/i/gary-s-diary-page-12/page-data.json; Cache: gary-s-diary-page-12__gary-s-diary-page-12.json
Gary S Diary Page 36,gary s diary page 36,Gary's Diary Page 36,gary's diary page 36,approved,BL-253/BL-246 current Buddy evidence cache,Approved BL-264 source-system alias from complete cached Buddy parser output.; Preserves app canonical identity while recognizing punctuation-stripped Buddy/source keys.; Source: https://buddy.farm/i/gary-s-diary-page-36/; Page data: https://buddy.farm/page-data/i/gary-s-diary-page-36/page-data.json; Cache: gary-s-diary-page-36__gary-s-diary-page-36.json
Gary S Diary Page 77,gary s diary page 77,Gary's Diary Page 77,gary's diary page 77,approved,BL-253/BL-246 current Buddy evidence cache,Approved BL-264 source-system alias from complete cached Buddy parser output.; Preserves app canonical identity while recognizing punctuation-stripped Buddy/source keys.; Source: https://buddy.farm/i/gary-s-diary-page-77/; Page data: https://buddy.farm/page-data/i/gary-s-diary-page-77/page-data.json; Cache: gary-s-diary-page-77__gary-s-diary-page-77.json
Gary S Diary Page 86,gary s diary page 86,Gary's Diary Page 86,gary's diary page 86,approved,BL-253/BL-246 current Buddy evidence cache,Approved BL-264 source-system alias from complete cached Buddy parser output.; Preserves app canonical identity while recognizing punctuation-stripped Buddy/source keys.; Source: https://buddy.farm/i/gary-s-diary-page-86/; Page data: https://buddy.farm/page-data/i/gary-s-diary-page-86/page-data.json; Cache: gary-s-diary-page-86__gary-s-diary-page-86.json
George S Acorn Pie,george s acorn pie,George's Acorn Pie,george's acorn pie,approved,BL-253/BL-246 current Buddy evidence cache,Approved BL-264 source-system alias from complete cached Buddy parser output.; Preserves app canonical identity while recognizing punctuation-stripped Buddy/source keys.; Source: https://buddy.farm/i/george-s-acorn-pie/; Page data: https://buddy.farm/page-data/i/george-s-acorn-pie/page-data.json; Cache: george-s-acorn-pie__george-s-acorn-pie.json
George S Onion Soup,george s onion soup,George's Onion Soup,george's onion soup,approved,BL-253/BL-246 current Buddy evidence cache,Approved BL-264 source-system alias from complete cached Buddy parser output.; Preserves app canonical identity while recognizing punctuation-stripped Buddy/source keys.; Source: https://buddy.farm/i/george-s-onion-soup/; Page data: https://buddy.farm/page-data/i/george-s-onion-soup/page-data.json; Cache: george-s-onion-soup__george-s-onion-soup.json
Heart Shaped Box 01,heart shaped box 01,Heart-shaped Box 01,heart-shaped box 01,approved,BL-253/BL-246 current Buddy evidence cache,Approved BL-264 source-system alias from complete cached Buddy parser output.; Preserves app canonical identity while recognizing punctuation-stripped Buddy/source keys.; Source: https://buddy.farm/i/heart-shaped-box-01/; Page data: https://buddy.farm/page-data/i/heart-shaped-box-01/page-data.json; Cache: heart-shaped-box-01__heart-shaped-box-01.json
Heart Shaped Box 02,heart shaped box 02,Heart-shaped Box 02,heart-shaped box 02,approved,BL-253/BL-246 current Buddy evidence cache,Approved BL-264 source-system alias from complete cached Buddy parser output.; Preserves app canonical identity while recognizing punctuation-stripped Buddy/source keys.; Source: https://buddy.farm/i/heart-shaped-box-02/; Page data: https://buddy.farm/page-data/i/heart-shaped-box-02/page-data.json; Cache: heart-shaped-box-02__heart-shaped-box-02.json
Heart Shaped Box 03,heart shaped box 03,Heart-shaped Box 03,heart-shaped box 03,approved,BL-253/BL-246 current Buddy evidence cache,Approved BL-264 source-system alias from complete cached Buddy parser output.; Preserves app canonical identity while recognizing punctuation-stripped Buddy/source keys.; Source: https://buddy.farm/i/heart-shaped-box-03/; Page data: https://buddy.farm/page-data/i/heart-shaped-box-03/page-data.json; Cache: heart-shaped-box-03__heart-shaped-box-03.json
Heart Shaped Gem,heart shaped gem,Heart-shaped Gem,heart-shaped gem,approved,BL-253/BL-246 current Buddy evidence cache,Approved BL-264 source-system alias from complete cached Buddy parser output.; Preserves app canonical identity while recognizing punctuation-stripped Buddy/source keys.; Source: https://buddy.farm/i/heart-shaped-gem/; Page data: https://buddy.farm/page-data/i/heart-shaped-gem/page-data.json; Cache: heart-shaped-gem__heart-shaped-gem.json
Hensods S Bonsai,hensods s bonsai,Hensods's Bonsai,hensods's bonsai,approved,BL-253/BL-246 current Buddy evidence cache,Approved BL-264 source-system alias from complete cached Buddy parser output.; Preserves app canonical identity while recognizing punctuation-stripped Buddy/source keys.; Source: https://buddy.farm/i/hensods-s-bonsai/; Page data: https://buddy.farm/page-data/i/hensods-s-bonsai/page-data.json; Cache: hensods-s-bonsai__hensods-s-bonsai.json
Hessian S Axe,hessian s axe,Hessian's Axe,hessian's axe,approved,BL-253/BL-246 current Buddy evidence cache,Approved BL-264 source-system alias from complete cached Buddy parser output.; Preserves app canonical identity while recognizing punctuation-stripped Buddy/source keys.; Source: https://buddy.farm/i/hessian-s-axe/; Page data: https://buddy.farm/page-data/i/hessian-s-axe/page-data.json; Cache: hessian-s-axe__hessian-s-axe.json
Holger S Lunch Box,holger s lunch box,Holger's Lunch Box,holger's lunch box,approved,BL-253/BL-246 current Buddy evidence cache,Approved BL-264 source-system alias from complete cached Buddy parser output.; Preserves app canonical identity while recognizing punctuation-stripped Buddy/source keys.; Source: https://buddy.farm/i/holger-s-lunch-box/; Page data: https://buddy.farm/page-data/i/holger-s-lunch-box/page-data.json; Cache: holger-s-lunch-box__holger-s-lunch-box.json
Holger S Mushroom Stew,holger s mushroom stew,Holger's Mushroom Stew,holger's mushroom stew,approved,BL-253/BL-246 current Buddy evidence cache,Approved BL-264 source-system alias from complete cached Buddy parser output.; Preserves app canonical identity while recognizing punctuation-stripped Buddy/source keys.; Source: https://buddy.farm/i/holger-s-mushroom-stew/; Page data: https://buddy.farm/page-data/i/holger-s-mushroom-stew/page-data.json; Cache: holger-s-mushroom-stew__holger-s-mushroom-stew.json
Horseman S Belt,horseman s belt,Horseman's Belt,horseman's belt,approved,BL-253/BL-246 current Buddy evidence cache,Approved BL-264 source-system alias from complete cached Buddy parser output.; Preserves app canonical identity while recognizing punctuation-stripped Buddy/source keys.; Source: https://buddy.farm/i/horseman-s-belt/; Page data: https://buddy.farm/page-data/i/horseman-s-belt/page-data.json; Cache: horseman-s-belt__horseman-s-belt.json
Jack O Key,jack o key,Jack-o-key,jack-o-key,approved,BL-253/BL-246 current Buddy evidence cache,Approved BL-264 source-system alias from complete cached Buddy parser output.; Preserves app canonical identity while recognizing punctuation-stripped Buddy/source keys.; Source: https://buddy.farm/i/jack-o-key/; Page data: https://buddy.farm/page-data/i/jack-o-key/page-data.json; Cache: jack-o-key__jack-o-key.json
Jack O Lantern,jack o lantern,Jack-o-lantern,jack-o-lantern,approved,BL-253/BL-246 current Buddy evidence cache,Approved BL-264 source-system alias from complete cached Buddy parser output.; Preserves app canonical identity while recognizing punctuation-stripped Buddy/source keys.; Source: https://buddy.farm/i/jack-o-lantern/; Page data: https://buddy.farm/page-data/i/jack-o-lantern/page-data.json; Cache: jack-o-lantern__jack-o-lantern.json
Jill S Quandary Chowder,jill s quandary chowder,Jill's Quandary Chowder,jill's quandary chowder,approved,BL-253/BL-246 current Buddy evidence cache,Approved BL-264 source-system alias from complete cached Buddy parser output.; Preserves app canonical identity while recognizing punctuation-stripped Buddy/source keys.; Source: https://buddy.farm/i/jill-s-quandary-chowder/; Page data: https://buddy.farm/page-data/i/jill-s-quandary-chowder/page-data.json; Cache: jill-s-quandary-chowder__jill-s-quandary-chowder.json
Lorn S Breakfast Boost,lorn s breakfast boost,Lorn's Breakfast Boost,lorn's breakfast boost,approved,BL-253/BL-246 current Buddy evidence cache,Approved BL-264 source-system alias from complete cached Buddy parser output.; Preserves app canonical identity while recognizing punctuation-stripped Buddy/source keys.; Source: https://buddy.farm/i/lorn-s-breakfast-boost/; Page data: https://buddy.farm/page-data/i/lorn-s-breakfast-boost/page-data.json; Cache: lorn-s-breakfast-boost__lorn-s-breakfast-boost.json
Maduin S Cup,maduin s cup,Maduin's Cup,maduin's cup,approved,BL-253/BL-246 current Buddy evidence cache,Approved BL-264 source-system alias from complete cached Buddy parser output.; Preserves app canonical identity while recognizing punctuation-stripped Buddy/source keys.; Source: https://buddy.farm/i/maduin-s-cup/; Page data: https://buddy.farm/page-data/i/maduin-s-cup/page-data.json; Cache: maduin-s-cup__maduin-s-cup.json
Mariya S Crunchy Omelette,mariya s crunchy omelette,Mariya's Crunchy Omelette,mariya's crunchy omelette,approved,BL-253/BL-246 current Buddy evidence cache,Approved BL-264 source-system alias from complete cached Buddy parser output.; Preserves app canonical identity while recognizing punctuation-stripped Buddy/source keys.; Source: https://buddy.farm/i/mariya-s-crunchy-omelette/; Page data: https://buddy.farm/page-data/i/mariya-s-crunchy-omelette/page-data.json; Cache: mariya-s-crunchy-omelette__mariya-s-crunchy-omelette.json
Mariya S Festive Eggnog,mariya s festive eggnog,Mariya's Festive Eggnog,mariya's festive eggnog,approved,BL-253/BL-246 current Buddy evidence cache,Approved BL-264 source-system alias from complete cached Buddy parser output.; Preserves app canonical identity while recognizing punctuation-stripped Buddy/source keys.; Source: https://buddy.farm/i/mariya-s-festive-eggnog/; Page data: https://buddy.farm/page-data/i/mariya-s-festive-eggnog/page-data.json; Cache: mariya-s-festive-eggnog__mariya-s-festive-eggnog.json
Mariya S Hickory Omelette,mariya s hickory omelette,Mariya's Hickory Omelette,mariya's hickory omelette,approved,BL-253/BL-246 current Buddy evidence cache,Approved BL-264 source-system alias from complete cached Buddy parser output.; Preserves app canonical identity while recognizing punctuation-stripped Buddy/source keys.; Source: https://buddy.farm/i/mariya-s-hickory-omelette/; Page data: https://buddy.farm/page-data/i/mariya-s-hickory-omelette/page-data.json; Cache: mariya-s-hickory-omelette__mariya-s-hickory-omelette.json
Mermaid S Necklace,mermaid s necklace,Mermaid's Necklace,mermaid's necklace,approved,BL-253/BL-246 current Buddy evidence cache,Approved BL-264 source-system alias from complete cached Buddy parser output.; Preserves app canonical identity while recognizing punctuation-stripped Buddy/source keys.; Source: https://buddy.farm/i/mermaid-s-necklace/; Page data: https://buddy.farm/page-data/i/mermaid-s-necklace/page-data.json; Cache: mermaid-s-necklace__mermaid-s-necklace.json
Mermaid S Scale,mermaid s scale,Mermaid's Scale,mermaid's scale,approved,BL-253/BL-246 current Buddy evidence cache,Approved BL-264 source-system alias from complete cached Buddy parser output.; Preserves app canonical identity while recognizing punctuation-stripped Buddy/source keys.; Source: https://buddy.farm/i/mermaid-s-scale/; Page data: https://buddy.farm/page-data/i/mermaid-s-scale/page-data.json; Cache: mermaid-s-scale__mermaid-s-scale.json
Mizzem S Daisies,mizzem s daisies,Mizzem's Daisies,mizzem's daisies,approved,BL-253/BL-246 current Buddy evidence cache,Approved BL-264 source-system alias from complete cached Buddy parser output.; Preserves app canonical identity while recognizing punctuation-stripped Buddy/source keys.; Source: https://buddy.farm/i/mizzem-s-daisies/; Page data: https://buddy.farm/page-data/i/mizzem-s-daisies/page-data.json; Cache: mizzem-s-daisies__mizzem-s-daisies.json
Odthorin S Charm,odthorin s charm,Odthorin's Charm,odthorin's charm,approved,BL-253/BL-246 current Buddy evidence cache,Approved BL-264 source-system alias from complete cached Buddy parser output.; Preserves app canonical identity while recognizing punctuation-stripped Buddy/source keys.; Source: https://buddy.farm/i/odthorin-s-charm/; Page data: https://buddy.farm/page-data/i/odthorin-s-charm/page-data.json; Cache: odthorin-s-charm__odthorin-s-charm.json
Pi Ata,pi ata,Piñata,piñata,approved,BL-253/BL-246 current Buddy evidence cache,Approved BL-264 source-system alias from complete cached Buddy parser output.; Preserves app canonical identity while recognizing punctuation-stripped Buddy/source keys.; Source: https://buddy.farm/i/pi-ata/; Page data: https://buddy.farm/page-data/i/pi-ata/page-data.json; Cache: pi-ata__pi-ata.json
Pi Ata Whop Stick,pi ata whop stick,Piñata Whop Stick,piñata whop stick,approved,BL-253/BL-246 current Buddy evidence cache,Approved BL-264 source-system alias from complete cached Buddy parser output.; Preserves app canonical identity while recognizing punctuation-stripped Buddy/source keys.; Source: https://buddy.farm/i/pi-ata-whop-stick/; Page data: https://buddy.farm/page-data/i/pi-ata-whop-stick/page-data.json; Cache: pi-ata-whop-stick__pi-ata-whop-stick.json
Pot Of Gold Large,pot of gold large,Pot of Gold (Large),pot of gold (large),approved,BL-253/BL-246 current Buddy evidence cache,Approved BL-264 source-system alias from complete cached Buddy parser output.; Preserves app canonical identity while recognizing punctuation-stripped Buddy/source keys.; Source: https://buddy.farm/i/pot-of-gold-large-/; Page data: https://buddy.farm/page-data/i/pot-of-gold-large-/page-data.json; Cache: pot-of-gold-large__pot-of-gold-large.json
Pot Of Gold Medium,pot of gold medium,Pot of Gold (Medium),pot of gold (medium),approved,BL-253/BL-246 current Buddy evidence cache,Approved BL-264 source-system alias from complete cached Buddy parser output.; Preserves app canonical identity while recognizing punctuation-stripped Buddy/source keys.; Source: https://buddy.farm/i/pot-of-gold-medium-/; Page data: https://buddy.farm/page-data/i/pot-of-gold-medium-/page-data.json; Cache: pot-of-gold-medium__pot-of-gold-medium.json
Pot Of Gold Small,pot of gold small,Pot of Gold (Small),pot of gold (small),approved,BL-253/BL-246 current Buddy evidence cache,Approved BL-264 source-system alias from complete cached Buddy parser output.; Preserves app canonical identity while recognizing punctuation-stripped Buddy/source keys.; Source: https://buddy.farm/i/pot-of-gold-small-/; Page data: https://buddy.farm/page-data/i/pot-of-gold-small-/page-data.json; Cache: pot-of-gold-small__pot-of-gold-small.json
Quicksilver S Ring,quicksilver s ring,Quicksilver's Ring,quicksilver's ring,approved,BL-253/BL-246 current Buddy evidence cache,Approved BL-264 source-system alias from complete cached Buddy parser output.; Preserves app canonical identity while recognizing punctuation-stripped Buddy/source keys.; Source: https://buddy.farm/i/quicksilver-s-ring/; Page data: https://buddy.farm/page-data/i/quicksilver-s-ring/page-data.json; Cache: quicksilver-s-ring__quicksilver-s-ring.json
R O A S,r o a s,R.O.A.S.,r.o.a.s.,approved,BL-253/BL-246 current Buddy evidence cache,Approved BL-264 source-system alias from complete cached Buddy parser output.; Preserves app canonical identity while recognizing punctuation-stripped Buddy/source keys.; Source: https://buddy.farm/i/r-o-a-s-/; Page data: https://buddy.farm/page-data/i/r-o-a-s-/page-data.json; Cache: r-o-a-s__r-o-a-s.json
Ramjoram S Mask,ramjoram s mask,Ramjoram's Mask,ramjoram's mask,approved,BL-253/BL-246 current Buddy evidence cache,Approved BL-264 source-system alias from complete cached Buddy parser output.; Preserves app canonical identity while recognizing punctuation-stripped Buddy/source keys.; Source: https://buddy.farm/i/ramjoram-s-mask/; Page data: https://buddy.farm/page-data/i/ramjoram-s-mask/page-data.json; Cache: ramjoram-s-mask__ramjoram-s-mask.json
Re Taw,re taw,Re'taw,re'taw,approved,BL-253/BL-246 current Buddy evidence cache,Approved BL-264 source-system alias from complete cached Buddy parser output.; Preserves app canonical identity while recognizing punctuation-stripped Buddy/source keys.; Source: https://buddy.farm/i/re-taw/; Page data: https://buddy.farm/page-data/i/re-taw/page-data.json; Cache: re-taw__re-taw.json
Re Taw Pail,re taw pail,Re'taw Pail,re'taw pail,approved,BL-253/BL-246 current Buddy evidence cache,Approved BL-264 source-system alias from complete cached Buddy parser output.; Preserves app canonical identity while recognizing punctuation-stripped Buddy/source keys.; Source: https://buddy.farm/i/re-taw-pail/; Page data: https://buddy.farm/page-data/i/re-taw-pail/page-data.json; Cache: re-taw-pail__re-taw-pail.json
Roomba S Over The Moon,roomba s over the moon,Roomba's Over The Moon,roomba's over the moon,approved,BL-253/BL-246 current Buddy evidence cache,Approved BL-264 source-system alias from complete cached Buddy parser output.; Preserves app canonical identity while recognizing punctuation-stripped Buddy/source keys.; Source: https://buddy.farm/i/roomba-s-over-the-moon/; Page data: https://buddy.farm/page-data/i/roomba-s-over-the-moon/page-data.json; Cache: roomba-s-over-the-moon__roomba-s-over-the-moon.json
Rosalie S Beach Tote,rosalie s beach tote,Rosalie's Beach Tote,rosalie's beach tote,approved,BL-253/BL-246 current Buddy evidence cache,Approved BL-264 source-system alias from complete cached Buddy parser output.; Preserves app canonical identity while recognizing punctuation-stripped Buddy/source keys.; Source: https://buddy.farm/i/rosalie-s-beach-tote/; Page data: https://buddy.farm/page-data/i/rosalie-s-beach-tote/page-data.json; Cache: rosalie-s-beach-tote__rosalie-s-beach-tote.json
Rosalie S Bone Broth,rosalie s bone broth,Rosalie's Bone Broth,rosalie's bone broth,approved,BL-253/BL-246 current Buddy evidence cache,Approved BL-264 source-system alias from complete cached Buddy parser output.; Preserves app canonical identity while recognizing punctuation-stripped Buddy/source keys.; Source: https://buddy.farm/i/rosalie-s-bone-broth/; Page data: https://buddy.farm/page-data/i/rosalie-s-bone-broth/page-data.json; Cache: rosalie-s-bone-broth__rosalie-s-bone-broth.json
Rosalie S Concord Grape Pie,rosalie s concord grape pie,Rosalie's Concord Grape Pie,rosalie's concord grape pie,approved,BL-253/BL-246 current Buddy evidence cache,Approved BL-264 source-system alias from complete cached Buddy parser output.; Preserves app canonical identity while recognizing punctuation-stripped Buddy/source keys.; Source: https://buddy.farm/i/rosalie-s-concord-grape-pie/; Page data: https://buddy.farm/page-data/i/rosalie-s-concord-grape-pie/page-data.json; Cache: rosalie-s-concord-grape-pie__rosalie-s-concord-grape-pie.json
Rosalie S Red Berry Pie,rosalie s red berry pie,Rosalie's Red Berry Pie,rosalie's red berry pie,approved,BL-253/BL-246 current Buddy evidence cache,Approved BL-264 source-system alias from complete cached Buddy parser output.; Preserves app canonical identity while recognizing punctuation-stripped Buddy/source keys.; Source: https://buddy.farm/i/rosalie-s-red-berry-pie/; Page data: https://buddy.farm/page-data/i/rosalie-s-red-berry-pie/page-data.json; Cache: rosalie-s-red-berry-pie__rosalie-s-red-berry-pie.json
Santa S Travel Belt,santa s travel belt,Santa's Travel Belt,santa's travel belt,approved,BL-253/BL-246 current Buddy evidence cache,Approved BL-264 source-system alias from complete cached Buddy parser output.; Preserves app canonical identity while recognizing punctuation-stripped Buddy/source keys.; Source: https://buddy.farm/i/santa-s-travel-belt/; Page data: https://buddy.farm/page-data/i/santa-s-travel-belt/page-data.json; Cache: santa-s-travel-belt__santa-s-travel-belt.json
Shrimp A Plenty,shrimp a plenty,Shrimp-a-Plenty,shrimp-a-plenty,approved,BL-253/BL-246 current Buddy evidence cache,Approved BL-264 source-system alias from complete cached Buddy parser output.; Preserves app canonical identity while recognizing punctuation-stripped Buddy/source keys.; Source: https://buddy.farm/i/shrimp-a-plenty/; Page data: https://buddy.farm/page-data/i/shrimp-a-plenty/page-data.json; Cache: shrimp-a-plenty__shrimp-a-plenty.json
Skull In The Box,skull in the box,Skull-in-the-box,skull-in-the-box,approved,BL-253/BL-246 current Buddy evidence cache,Approved BL-264 source-system alias from complete cached Buddy parser output.; Preserves app canonical identity while recognizing punctuation-stripped Buddy/source keys.; Source: https://buddy.farm/i/skull-in-the-box/; Page data: https://buddy.farm/page-data/i/skull-in-the-box/page-data.json; Cache: skull-in-the-box__skull-in-the-box.json
Star S Treasure Map,star s treasure map,Star's Treasure Map,star's treasure map,approved,BL-253/BL-246 current Buddy evidence cache,Approved BL-264 source-system alias from complete cached Buddy parser output.; Preserves app canonical identity while recognizing punctuation-stripped Buddy/source keys.; Source: https://buddy.farm/i/star-s-treasure-map/; Page data: https://buddy.farm/page-data/i/star-s-treasure-map/page-data.json; Cache: star-s-treasure-map__star-s-treasure-map.json
Support S Ticket,support s ticket,Support's Ticket,support's ticket,approved,BL-253/BL-246 current Buddy evidence cache,Approved BL-264 source-system alias from complete cached Buddy parser output.; Preserves app canonical identity while recognizing punctuation-stripped Buddy/source keys.; Source: https://buddy.farm/i/support-s-ticket/; Page data: https://buddy.farm/page-data/i/support-s-ticket/page-data.json; Cache: support-s-ticket__support-s-ticket.json
Tenfoo S Lost Sock,tenfoo s lost sock,Tenfoo's Lost Sock,tenfoo's lost sock,approved,BL-253/BL-246 current Buddy evidence cache,Approved BL-264 source-system alias from complete cached Buddy parser output.; Preserves app canonical identity while recognizing punctuation-stripped Buddy/source keys.; Source: https://buddy.farm/i/tenfoo-s-lost-sock/; Page data: https://buddy.farm/page-data/i/tenfoo-s-lost-sock/page-data.json; Cache: tenfoo-s-lost-sock__tenfoo-s-lost-sock.json
Thomas S Cat S Meow,thomas s cat s meow,Thomas's Cat's Meow,thomas's cat's meow,approved,BL-253/BL-246 current Buddy evidence cache,Approved BL-264 source-system alias from complete cached Buddy parser output.; Preserves app canonical identity while recognizing punctuation-stripped Buddy/source keys.; Source: https://buddy.farm/i/thomas-s-cat-s-meow/; Page data: https://buddy.farm/page-data/i/thomas-s-cat-s-meow/page-data.json; Cache: thomas-s-cat-s-meow__thomas-s-cat-s-meow.json
Thomas S Cup Of Pb,thomas s cup of pb,Thomas's Cup of PB,thomas's cup of pb,approved,BL-253/BL-246 current Buddy evidence cache,Approved BL-264 source-system alias from complete cached Buddy parser output.; Preserves app canonical identity while recognizing punctuation-stripped Buddy/source keys.; Source: https://buddy.farm/i/thomas-s-cup-of-pb/; Page data: https://buddy.farm/page-data/i/thomas-s-cup-of-pb/page-data.json; Cache: thomas-s-cup-of-pb__thomas-s-cup-of-pb.json
Thomas S Red Velvet Cake,thomas s red velvet cake,Thomas's Red Velvet Cake,thomas's red velvet cake,approved,BL-253/BL-246 current Buddy evidence cache,Approved BL-264 source-system alias from complete cached Buddy parser output.; Preserves app canonical identity while recognizing punctuation-stripped Buddy/source keys.; Source: https://buddy.farm/i/thomas-s-red-velvet-cake/; Page data: https://buddy.farm/page-data/i/thomas-s-red-velvet-cake/page-data.json; Cache: thomas-s-red-velvet-cake__thomas-s-red-velvet-cake.json
Thomas S Tavern Tote,thomas s tavern tote,Thomas's Tavern Tote,thomas's tavern tote,approved,BL-253/BL-246 current Buddy evidence cache,Approved BL-264 source-system alias from complete cached Buddy parser output.; Preserves app canonical identity while recognizing punctuation-stripped Buddy/source keys.; Source: https://buddy.farm/i/thomas-s-tavern-tote/; Page data: https://buddy.farm/page-data/i/thomas-s-tavern-tote/page-data.json; Cache: thomas-s-tavern-tote__thomas-s-tavern-tote.json
Traveler S Bag 01,traveler s bag 01,Traveler's Bag 01,traveler's bag 01,approved,BL-253/BL-246 current Buddy evidence cache,Approved BL-264 source-system alias from complete cached Buddy parser output.; Preserves app canonical identity while recognizing punctuation-stripped Buddy/source keys.; Source: https://buddy.farm/i/traveler-s-bag-01/; Page data: https://buddy.farm/page-data/i/traveler-s-bag-01/page-data.json; Cache: traveler-s-bag-01__traveler-s-bag-01.json
U Ral Talisman,u ral talisman,U'ral Talisman,u'ral talisman,approved,BL-253/BL-246 current Buddy evidence cache,Approved BL-264 source-system alias from complete cached Buddy parser output.; Preserves app canonical identity while recognizing punctuation-stripped Buddy/source keys.; Source: https://buddy.farm/i/u-ral-talisman/; Page data: https://buddy.farm/page-data/i/u-ral-talisman/page-data.json; Cache: u-ral-talisman__u-ral-talisman.json
Utal S Sabre,utal s sabre,Utal's Sabre,utal's sabre,approved,BL-253/BL-246 current Buddy evidence cache,Approved BL-264 source-system alias from complete cached Buddy parser output.; Preserves app canonical identity while recognizing punctuation-stripped Buddy/source keys.; Source: https://buddy.farm/i/utal-s-sabre/; Page data: https://buddy.farm/page-data/i/utal-s-sabre/page-data.json; Cache: utal-s-sabre__utal-s-sabre.json
Vincent S Sea Pincher Special,vincent s sea pincher special,Vincent's Sea Pincher Special,vincent's sea pincher special,approved,BL-253/BL-246 current Buddy evidence cache,Approved BL-264 source-system alias from complete cached Buddy parser output.; Preserves app canonical identity while recognizing punctuation-stripped Buddy/source keys.; Source: https://buddy.farm/i/vincent-s-sea-pincher-special/; Page data: https://buddy.farm/page-data/i/vincent-s-sea-pincher-special/page-data.json; Cache: vincent-s-sea-pincher-special__vincent-s-sea-pincher-special.json
Witch S Brew,witch s brew,Witch's Brew,witch's brew,approved,BL-253/BL-246 current Buddy evidence cache,Approved BL-264 source-system alias from complete cached Buddy parser output.; Preserves app canonical identity while recognizing punctuation-stripped Buddy/source keys.; Source: https://buddy.farm/i/witch-s-brew/; Page data: https://buddy.farm/page-data/i/witch-s-brew/page-data.json; Cache: witch-s-brew__witch-s-brew.json
Witch S Broom,witch s broom,Witch's Broom,witch's broom,approved,BL-253/BL-246 current Buddy evidence cache,Approved BL-264 source-system alias from complete cached Buddy parser output.; Preserves app canonical identity while recognizing punctuation-stripped Buddy/source keys.; Source: https://buddy.farm/i/witch-s-broom/; Page data: https://buddy.farm/page-data/i/witch-s-broom/page-data.json; Cache: witch-s-broom__witch-s-broom.json
Wizard S Second Favorite Feather,wizard s second favorite feather,Wizard's Second Favorite Feather,wizard's second favorite feather,approved,BL-253/BL-246 current Buddy evidence cache,Approved BL-264 source-system alias from complete cached Buddy parser output.; Preserves app canonical identity while recognizing punctuation-stripped Buddy/source keys.; Source: https://buddy.farm/i/wizard-s-second-favorite-feather/; Page data: https://buddy.farm/page-data/i/wizard-s-second-favorite-feather/page-data.json; Cache: wizard-s-second-favorite-feather__wizard-s-second-favorite-feather.json
Zho S Dagger,zho s dagger,Zho's Dagger,zho's dagger,approved,BL-253/BL-246 current Buddy evidence cache,Approved BL-264 source-system alias from complete cached Buddy parser output.; Preserves app canonical identity while recognizing punctuation-stripped Buddy/source keys.; Source: https://buddy.farm/i/zho-s-dagger/; Page data: https://buddy.farm/page-data/i/zho-s-dagger/page-data.json; Cache: zho-s-dagger__zho-s-dagger.json
