item_name,difficulty,method,notes,tags,passive_craftworks_info,farmrpg_item_id,buddy_item_id,buddy_slug,source_sheet,source_row
Awl,1,Crafting,Very cheap and simple. Can be done entirely passively.,,Passive  - 2,,,,King Mastery Sheet,8
Barracuda,1,Fishing,"Very very low effort, just use Fishing Net and Large Net in Large Island. Make sure to sell these for silver.",,,,,,King Mastery Sheet,10
Board,1,"Crafting, Sawmill",Boards are most people's first mastery and GM. Upgrading your sawmill is essential for Sawmill Silver and many masteries. Check out kings page for lots of craftworks ideas for how to use these entirely passively.,,Passive  - 0,,,,King Mastery Sheet,26
Bone Fish,1,Fishing,A very quick Crystal River mastery.,,,,,,King Mastery Sheet,28
Broom,1,Crafting,Can be made entirely from passive production via craftworks. You should definitely GM this early on... probably even MM it.,,Passive  - 1,,,,King Mastery Sheet,33
Bucket,1,Crafting,"Another very easy mastery that can be done entirely from passive production. Costs a bit more Board than some others, so this is great for overnight crafting. Ideally you want to turn these into Chum to work on that mastery as well.",,Passive  - 1,,,,King Mastery Sheet,34
Bullfish,1,Fishing,When you unlock Glacier Lake you will want to fish there a lot for silver. This will come fairly quickly.,,,,,,King Mastery Sheet,35
Butter Churn,1,Crafting,"Can be made entirely from passive production via craftworks. You should work on this the same time as you're doing Wooden Barrel, and due to resource saver you should get this first. Don't worry about turning them all into Butter.",,,,,,King Mastery Sheet,37
Clam Shell,1,Fishing,Very easy Emerald Beach fishing mastery.,,,,,,King Mastery Sheet,47
Conch Shell,1,Fishing,Very easy Emerald Beach fishing mastery.,,,,,,King Mastery Sheet,51
Crab,1,Fishing,"Once you unlock Pirate's Cove this will be very quick, great silver too.",,,,,,King Mastery Sheet,59
Crappie,1,Fishing,Quick Lake Tempest mastery.,,,,,,King Mastery Sheet,61
Crowfish,1,Fishing,Should come very quickly once you unlock Glacier Lake.,,,,,,King Mastery Sheet,63
Drum,1,Fishing,A very quick fish mastery. It drops in all 4 of the first fishing zones.,,,,,,King Mastery Sheet,65
Emerald,1,"Locksmith, Crafting","You shouldn't really worry about crafting these much, unless you spend a lot of time in Mount Banon. You'll get more than enough to GM from opening Large Chest 01.",,,,,,King Mastery Sheet,67
Fancy Pipe,1,Crafting,"Very easy, profitable mastery to work on early. Can be done 100% passive if you want, just make sure to sell when your inventory fills.",,,,,,King Mastery Sheet,77
Flamejack,1,Fishing,Quick Lake Minerva mastery. Make sure you sell as you go.,,,,,,King Mastery Sheet,82
Frosteye,1,Fishing,A quick and painless Glacier Lake mastery. Should be the first or second you get once unlocking the zone.,,,,,,King Mastery Sheet,90
Glass Bottle,1,Crafting,"You don't need to worry about focusing bottles specifically, you will naturally GM them by crafting daily juices and working on Lantern",,,,,,King Mastery Sheet,95
Glass Eye Urchin,1,,,,,,,,Missing from mastery_difficulty,
Glass Orb,1,Crafting,You will naturally master these while working on other GMs/daily production. Glass.,,,,,,King Mastery Sheet,97
Glassback,1,Fishing,Quick Glacier Lake mastery.,,,,,,King Mastery Sheet,98
Green Barracuda,1,Fishing,Fast Pirate's Cove mastery.,,,,,,King Mastery Sheet,106
Green Chromis,1,Fishing,Quick Small Island mastery. You can mail these to Geist for friendship xp.,,,,,,King Mastery Sheet,107
Green Parchment,1,Crafting,"Very cheap, very quick. Turn these into diaries please.",,,,,,King Mastery Sheet,112
Hammer,1,Crafting,"Pretty much the cheapest Mushroom Paste mastery. Do your best to craft these into Essence of Slime or Salt as you go, or the Exchange Center trade for Bell. If you just want to knock out a quick GM though, they're cheap enough to make later that selling shouldn't set you back much.",,,,,,King Mastery Sheet,116
Horseshoe,1,Crafting,A quick Stone mastery. Can by done completely passive through Quarry/Craftworks if you want. These sell for decent silver.,,Passive  - 1,,,,King Mastery Sheet,121
Ice Shark,1,Fishing,"The slowest Glacier Lake mastery, but still super fast with how much time you'll spend there for silver.",,,,,,King Mastery Sheet,123
Iron Cup,1,Crafting,"Very very cheap to craft. Send these to Lorn for friendship xp. Very reasonable MM as well, or a cheap item to manually craft for the Grand Artisan merit badge.",,Passive  - 1,,,,King Mastery Sheet,126
Iron Ring,1,Crafting,"Very cheap, very important for many other crafts. I would definitely recommend putting this in your craftworks after you unlock a few slots.",,Passive  - 1,,,,King Mastery Sheet,127
Jumbo Fish,1,Fishing,You should be fishing plenty in Pirate's Cove for silver while you work on leveling and unlocking Glacier Lake and tower levels.,,,,,,King Mastery Sheet,131
Ladder,1,Crafting,You can make these completely from passive production.,,Passive  - 1,,,,King Mastery Sheet,133
Largemouth Bass,1,Fishing,Easy fish from multiple locations.,,,,,,King Mastery Sheet,136
Leather,1,Crafting,"Byproduct of exploring the forest for nets, and also used in many other masteries. I would recommend that you don't kill your cows as it reduces your Milk production.",,,,,,King Mastery Sheet,138
Lemon Quartz Ring,1,Crafting,"Pretty easy and cheap. You get all the materials needed from exploring in Cane Pole Ridge, you'll just need to top up on paste every once in a while.",,,,,,King Mastery Sheet,144
Mackerel,1,Fishing,Quick fishy fish gm.,,,,,,King Mastery Sheet,149
Magenta Growth,1,,,,,,,,Missing from mastery_difficulty,
Mulberry Snapper,1,Fishing,"Quick Pirate Cove mastery. Very easy once you unlock the zone, and great for silver.",,,,,,King Mastery Sheet,155
Mushroom,1,Exploring,You should be exploring forest all the time for Antler. But they also come from plenty of other zones. I would not recommend growing these.,,,,,,King Mastery Sheet,156
Mushroom Paste,1,Crafting,Paste is the base for many other crafts. It will quickly become the root of all your troubles. Luckily you get mushrroms from exploring multiple zones. You will MM paste with multiple GMs that use it still not finished.,,,,,,King Mastery Sheet,157
Nailed Board,1,Crafting,Mastery doesn't get easier than this. Can be done passively.,,Passive  - 1,,,,King Mastery Sheet,161
Orcafish,1,Fishing,Another Pirate's Cove mastery. Quick and painless.,,,,,,King Mastery Sheet,167
Pearl,1,"Fishing, Locksmith","Very easy GM. You will get progress on this from fishing in Emerald Beach, or just opening Large Chest 01 for Ancient Coin or other gems.",,,,,,King Mastery Sheet,172
Peas,1,Farming,"Quick crop that can be grown instantly with Breakfast Boost. Can do these any time, but I'd recommed waiting until they are the CC item, or you can send them to Lorn or Holger",,,,,,King Mastery Sheet,174
Peppers,1,Farming,"The quickest growing crop. Gm is technically very quick, but requires constant monitoring to be the most effective. Alternatively a few uses of Breakfast Boost will get this done super quick.",,,,,,King Mastery Sheet,175
Plumbfish,1,Fishing,Quick gm once you unlock Large Island.,,,,,,King Mastery Sheet,179
Purple Butterfly Fish,1,Fishing,Very quick and easy PC fish.,,,,,,King Mastery Sheet,187
Redgill,1,Fishing,"Slower Minerva fish, but still quick and painless.",,,,,,King Mastery Sheet,202
Rope,1,Crafting,You will live and breathe Rope before long.,,,,,,King Mastery Sheet,204
Ruby,1,"Locksmith, Crafting",Opening Large Chest 01 for Borgen shop and the wheel will make this mastery go quickly. Craft into rings if you can afford the paste.,,,,,,King Mastery Sheet,205
Ruby Coral,1,Fishing,"You should be doing plenty of fishing in the Large Island for silver, so this should come very quickly.",,,,,,King Mastery Sheet,206
Sand,1,Exploring,Not worth working on until you fully unlock Jundland Desert. It is super fast there.,,,,,,King Mastery Sheet,230
Sea Catfish,1,Fishing,Another quick and painless Large Island gm.,,,,,,King Mastery Sheet,232
Sea Crest,1,Fishing,Another Glacier Lake fish. Should come shortly after unlocking the zone.,,,,,,King Mastery Sheet,233
Seeker,1,Fishing,"After unlocking Glacier Lake, this will come very quickly.",,,,,,King Mastery Sheet,238
Serpent Eel,1,Fishing,Fishing at Large Island for silver to progress and upgrade production buildings will make this come naturally.,,,,,,King Mastery Sheet,239
Shimmer Stone,1,Crafting,"Used to make Glass Orb from Unpolished Shimmer Stone. I don't think you ever need to focus on this mastery, it should just happen over time.",,,,,,King Mastery Sheet,241
Shimmer Topaz,1,"Locksmith, Crafting","You can craft this, but you will most likely get GM and more just from opening Large Chest 01.",,,,,,King Mastery Sheet,242
Shovel,1,Crafting,"Nice and easy wood, mushroom, and stone craft. Can send to Ric Ryph for some friendship xp, or wait til a valid CC day.",,,,,,King Mastery Sheet,244
Shrimp,1,Fishing,Quick Vast Ocean mastery. Send these to Lorn for friendship xp.,,,,,,King Mastery Sheet,245
Skipjack,1,Fishing,This is one of the easiest fish masteries. You will probably MM this while working on some other VO gms.,,,,,,King Mastery Sheet,247
Slobster,1,,,,,,,,Missing from mastery_difficulty,
Small Prawn,1,Fishing,The fastest Small Island gm by a longshot.,,,,,,King Mastery Sheet,248
Speckled Grouper,1,Fishing,You should GM this pretty quickly after unlocking Pirate's Cove.,,,,,,King Mastery Sheet,249
Spiral Shell,1,Fishing,"Unlike its cousin Spiked Shell, this is a very easy Large Island mastery. GM will come naturally as you fish for xp and silver.",,,,,,King Mastery Sheet,251
Starfish,1,Fishing,"Emerald Beach has lots of masteries, and this is one of the quicker ones.",,,,,,King Mastery Sheet,254
Steel,1,Steelworks,"Once you unlock Steelworks this will start coming pretty quickly. You will need a goof bit for other masteries, like ((Scissor)), Jade Charm, Red Shield, and others.",,Passive  - 0,,,,King Mastery Sheet,255
Stone Jelly,1,Fishing,Another quick GL mastery once you've unlocked the zone.,,,,,,King Mastery Sheet,262
Sturdy Shield,1,Crafting,You should definitely have some progress on these by the time you start caring about masteries. Sawmill Silver. They're still a great way to turn passive production into silver at any point in the game.,,,,,,King Mastery Sheet,265
Sunfish,1,Fishing,Super quick Crystal River mastery. Nothing special about them though.,,,,,,King Mastery Sheet,267
Swordfish,1,Fishing,The fastest Large Island mastery. Doesn't really look like a Sturdy Sword though to me.,,,,,,King Mastery Sheet,270
Tin Scraps,1,,,,,,,,Missing from mastery_difficulty,
Torch Fish,1,Fishing,The highest drop rate fish in the entire game. It's worth it to sell in Minerva if you can remember.,,,,,,King Mastery Sheet,272
Trout,1,"Trout Farm, Fishing","You can fish for these, or upgrade your trout farm a bit and bask in the glorious free mastery every day at reset.",,Passive  - 0,,,,King Mastery Sheet,274
Twine,1,Crafting,"Very easy mastery, GM, and even MM. You will need to make tons of twine for other masteries and to make rope for nets.",,Passive  - 1,,,,King Mastery Sheet,275
Unpolished Shimmer Stone,1,Exploring,"Explore for these. Emberstone is needed for too many crafts to be using it on glass. It doesn't really matter where you explore, just make use of the other materials in that zone and you'll be fine.",,,,,,King Mastery Sheet,276
White Parchment,1,Crafting,"Quick and painless. Great way to use daily feathers, and necessary when working on any of the diary gms.",,Passive  - 1,,,,King Mastery Sheet,281
Wooden Barrel,1,Crafting,"Cheap mastery that can be done passively. If you can, turn these into Butter Churn.",,Passive  - 1,,,,King Mastery Sheet,284
Wooden Button,1,Crafting,Very cheap and simple. Can be done entirely passively.,,,,,,King Mastery Sheet,287
Wooden Plank,1,Crafting,"You should be making plenty of these to work on other masteries and Sawmill Silver. Gm, and even MM will come naturally while you work on other things.",,Passive  - 1,,,,King Mastery Sheet,288
Wooden Shield,1,Crafting,Cheap mastery that can be done passively. Try to turn these into either Green Shield or Red Shield if you can.,,,,,,King Mastery Sheet,289
Yarn,1,Crafting,"Can be made entirely from passive production. Make sure you either turn it into Green Scarf or Fancy Drum, or send it to Cecil or Gary Bearson V for friendship xp.",,,,,,King Mastery Sheet,294
Yellow Perch,1,Fishing,"Quick, easy fishing mastery/GM. Found in the first 4 fishing zones. You can send these to Jill for some great friendship xp, or Geist.",,,,,,King Mastery Sheet,295
Reaver Claw,1,,,,,,,,Missing from mastery_difficulty,
Shinefish,9,,,,,,,,Missing from mastery_difficulty,
Slime Egg Shell,1,,,,,,,,Missing from mastery_difficulty,
Slimeback,1,,,,,,,,Missing from mastery_difficulty,
Amethyst Necklace,2,Crafting,"Quick to gm, or MM, while working on other Highland Hills masteries. Can also get from opening Medium Chest 02, 5 each.",,,,,,King Mastery Sheet,4
Axe,2,Crafting,"Very easy GM or MM, able to be worked on at any point in the game. It's best to use your axes for Exchange Center trades, or send to Vincent for friendship XP. You can also explore Small Cave and turn these directly into Spoon as well, provided you can keep up Twine production.",,,,,,King Mastery Sheet,9
Bamboo Rope,2,,,,,,,,Missing from mastery_difficulty,
Barbed Wire,2,,,,,,,,Missing from mastery_difficulty,
Black Powder,2,Crafting,"Can be done actively via exploring, or passively via Quarry. Either use it for Explosive, Bottle Rocket, or Beatrix friendship XP.",,Passive  - 1,,,,King Mastery Sheet,13
Blue Catfish,2,Fishing,"One of the slower Crystal River masteries, but still quite easy... just spam nets.",,,,,,King Mastery Sheet,15
Blue Crab,2,Fishing,There are lots of fish to master at Small Island and this is one of the quicker ones. Send these to Captain Thomas or Geist for friendship xp.,,,,,,King Mastery Sheet,16
Blue Diary,2,Crafting,"Fairly simple, but useless.",,,,,,King Mastery Sheet,17
Blue Parchment,2,Crafting,"Less use than Blue Dye, but slightly cheaper. Turn it into diaries.",,,,,,King Mastery Sheet,19
Blue Sea Bass,2,Fishing,"Drops from Small Island or Vast Ocean. The rates are pretty low from both, but you should make good progress while GMing the easiesr fish in each zone.",,,,,,King Mastery Sheet,21
Blue Tiger Fish,2,Fishing,"One of the slower Emerald Beach Fish, but not the slowest.",,,,,,King Mastery Sheet,23
Bluegill,2,Fishing,"Forest Pond is a great fishing zone for friendship xp, and a few quick fishing GMs. Send these to Holger.",,,,,,King Mastery Sheet,25
Brown Dye,2,,,,,,,,Missing from mastery_difficulty,
Chum,2,Crafting,Can be worked on entirely from passive production. Make sure you upgrade your Trout/Bait Farm and Worm Habitat to keep production flowing. These sell for decent silver as well.,,,,,,King Mastery Sheet,46
Clownfish,2,Fishing,Fairly quick Emerald Beach mastery.,,,,,,King Mastery Sheet,48
Cucumber,2,Farming,"You shouldn't bother with this until you have access to Breakfast Boost. But with that buff it should come pretty quickly, just a matter or clicking a lot. Send your extras to Mariya or wait until it is the CC item.",,,,,,King Mastery Sheet,64
Eggplant,2,Farming,"You shouldn't bother with this until you have access to Breakfast Boost. But with that buff it should come pretty quickly. Send your extras to Mariya for friendship xp, or sacrifice them in the Temple of Reward for small rewards.",,,,,,King Mastery Sheet,66
Emerald Ring,2,Crafting,"It takes a lot of Mushroom Paste, but you should always try to craft your gems into rings when you open Large Chest 01.",,,,,,King Mastery Sheet,68
Fish Bones,2,Fishing,"Low rates, but you can get them from a few zones. Good for cooking or Mummy friendship xp.",,,,,,King Mastery Sheet,80
Fishing Net,2,Crafting,"You will definitely GM or even MM these at some point. Daily Antler from your Raptor Pen after you unlock Whispering Creek, and exploring the Forest for them is the main way to make silver late game. Remember, you can't have a Large Net without a Fishing Net.",,,,,,King Mastery Sheet,81
Flarefin,2,Fishing,The hardest Lake Minerva fish (besides golden). But still not that bad. You should get a good bit of Treasure Key while GMing this.,,,,,,King Mastery Sheet,83
Fluorifish,2,Fishing,Medium speed Vast Ocean fish. Much quicker than octopus or squid.,,,,,,King Mastery Sheet,86
Garnet,2,Crafting,"You should be crafting these as you explore Whispering Creek for Raptor Egg and levels. You really want to craft Garnet Ring if you can, but sometimes the paste need is too high, in which case you can just sell.",,,,,,King Mastery Sheet,92
Globber,2,Fishing,"A medium speed Lake Tempest/Crystal River fish, and you can suppliment progress a tiny bit with Grab Bag 02 from the Small Cave.",,,,,,King Mastery Sheet,99
Green Diary,2,Crafting,"If you take some time in Highland Hills you can work on both green/purple parchments and diaries. You'll just need to get some extra paste and feathers occassionally to keep up, but it's relatively low effort and fairly quick.",,,,,,King Mastery Sheet,109
Green Dye,2,Crafting,"Pretty cheap and quick. Do your best to turn these into Green Shield or Green Scarf, or if you have the rest of the resources Green Cloak.",,,,,,King Mastery Sheet,110
Green Jellyfish,2,Fishing,Medium speed Vast Ocean fish. Much quicker than octopus or squid.,,,,,,King Mastery Sheet,111
Green Scarf,2,Crafting,Pretty cheap and low effort. If you wait for passive Straw into Twine into Yarn you don't need to explore much.,,,,,,King Mastery Sheet,113
Green Shield,2,Crafting,Pretty cheap and low effort. If you turn passive Board into Wooden Plank into Wooden Shield you don't need to explore much.,,,,,,King Mastery Sheet,114
Green Twine,2,Crafting,Throw some Green Dye on twine and call it a day.,,,,,,King Mastery Sheet,115
Jade,2,Locksmith,Please do not craft Jade. Unpolished Jade.,,,,,,King Mastery Sheet,128
Jellyfish,2,Fishing,"Slower fishing mastery, but still very reasonable.",,,,,,King Mastery Sheet,130
Lantern,2,Crafting,"Great for leveling your crafting skill (if you need xp, make sure you manually craft, no craftworks) and for silver.",,,,,,King Mastery Sheet,134
Leather Diary,2,Crafting,"The easiest diary, and the easiest to get rid of. Send these to Mariya for friendship xp.",,,,,,King Mastery Sheet,141
Leather Waterskin,2,Crafting,"Definitely try to craft these with mastery bonuses on, Mushroom Stew and an event bonus if possible. Also do your best to sell these during events, especially with IOTD bonus an Shrimp-a-Plenty. Production is almost entirely trhough pets, so will be very slow.",,,,,,King Mastery Sheet,142
Looking Glass,2,Crafting,"Quick Board/Glass mastery. Great to work on with glass from Ember Lagoon, or while exploring CPR.",,,,,,King Mastery Sheet,147
Magnifying Glass,2,Crafting,"Pretty quick board/glass mastery, also sells for decent silver early on. Great to work on alongside Lemon Quartz Ring in CPR.",,,,,,King Mastery Sheet,151
Marlin,2,Fishing,Reasonable fish mastery that you can work on from both Vast Ocean and Emerald Beach.,,,,,,King Mastery Sheet,152
Pearl Necklace,2,Crafting,"Pretty much just Pearl and some Twine. Easy, and great to work on while opening chests for AC... If you can keep up with the Twine.",,,,,,King Mastery Sheet,173
Pickaxe,2,Crafting,"Very easy GM or MM, able to be worked on at any point in the game. You can also explore Small Cave and turn these directly into Bone Pickaxe",,,,,,King Mastery Sheet,297
Pitchfork,2,Crafting,"Looks harder than it is, honestly.",,,,,,King Mastery Sheet,178
Puffer,2,Fishing,A medium speed Emerald Beach mastery. Also a cool emblem that some notable community members use.,,,,,,King Mastery Sheet,184
Red Starfish,2,Fishing,"A quicker Emerald Beach mastery. Nothing fancy, just lots of Fishing Net and Large Net.",,,,,,King Mastery Sheet,199
Ruby Fish,2,Fishing,"You can get these in both Vast Ocean and Emerald Beach, so you'll get it pretty quick if you're working on other fishing masteries.",,,,,,King Mastery Sheet,207
Ruby Ring,2,Crafting,Easy ring mastery. Great to work on during Borgen days.,,,,,,King Mastery Sheet,208
Scissors,2,Crafting,"After unlocking Steelworks, you can produce these passively via Craftworks. Speed will be based on your production, how often you sell, and whether you dedicate time to actively crafting them. Overall pretty cheap to make though.",,,,,,King Mastery Sheet,231
Seahorse,2,Fishing,"Slower gm, but relatively easy. Just keep dropping nets in Emerald Beach.",,,,,,King Mastery Sheet,236
Shimmer Ring,2,Crafting,"If you've got Mushroom Paste it's super quick and easy while opening Large Chest 01. (Good for borgen days, or spinning the wheel).",,,,,,King Mastery Sheet,240
Steel Wire,2,Steelworks,"Once you unlock Steelworks you will start getting passive progress every hour. Upgrading steelworks is expensive, so if you may need to actively work on these. Turning them into Crossbow is a great profit.",,Passive  - 0,,,,King Mastery Sheet,259
Stingray,2,Fishing,"Another fishing mastery that can be worked on in both Emerald Beach and Vast Ocean. It's slower than most in either zone, but working on it from both will get it fairly quickly. Send these to Geist for some friendship xp.",,,,,,King Mastery Sheet,261
Sturdy Box,2,Crafting,Just needs a lot of wood/boards/planks. You can do this fully from passive production with craftworks.,,,,,,King Mastery Sheet,264
Sturdy Sword,2,Crafting,"Using Mushroom Paste and Leather from exploring the forest and passive Steel this goes pretty quick, and costs very little. Can sell or donate to a raptor in rfc.",,,,,,King Mastery Sheet,266
Tin Can,2,,,,,,,,Missing from mastery_difficulty,
Toxic Tendrils,2,,,,,,,,Missing from mastery_difficulty,
Treasure Chest,2,Crafting,"Full wood mastery, can be done entirely from passive production and craftworks.",,,,,,King Mastery Sheet,273
Wagon Wheel,2,Crafting,"Needs lots of Board, but luckily we can make those hourly via sawmill! Another potentially passive mastery thanks to craftworks.",,Passive  - 1,,,,King Mastery Sheet,277
Wooden Box,2,Crafting,Cheap mastery that can be done passively.,,,,,,King Mastery Sheet,286
Wooden Spear,2,Crafting,"Fairly cheap and easy mastery when you start upgrading production buildings. If you're exploring for the Arrowhead, you iwll probably have to take breaks in order to fill up on twine again, since you should be making Fishing Net as well.",,,,,,King Mastery Sheet,290
Wooden Sword,2,Crafting,Can be done entirely from passive production.,,,,,,King Mastery Sheet,291
Wooden Table,2,Crafting,Can be done entirely from passive production. Mailable for some reason. Send them to LinkJason10j for fun.,,,,,,King Mastery Sheet,292
Yellow Dye,2,,,,,,,,Missing from mastery_difficulty,
Mini Slime Squid,2,,,,,,,,Missing from mastery_difficulty,
Aquamarine Ring,3,Crafting,"Needs paste, but pretty cheap and quick overall. Not much else to do in Small Spring though while collecting Aquamarine, so try to make the most of the Feathers you get while working on this. Can also get from opening Medium Chest 02, 5 each.",,,,,,King Mastery Sheet,6
Bamboo Fence,3,,,,,,,,Missing from mastery_difficulty,
Bamboo Flute,3,,,,,,,,Missing from mastery_difficulty,
Bamboo Trellis,3,,,,,,,,Missing from mastery_difficulty,
Beet,3,Farming,"You should only really work on this with Grape Juice and Mega Beet Seeds; either from your Strange Onion pet, or the Exchange Center. Make sure to use Mushroom Stew and it will be pretty quick. Sell, don't void, since they're worth a lot.",,,,,,King Mastery Sheet,11
Blue Dye,3,Crafting,"One of the main reasons to explore Misty Forest. You should turn these into Blue Purse so you can make a lot of silver. If you don't have those unlocked yet, or have already finished, you can knock out ((Fancy Pan Flutes)) pretty wuickly, if you can keep up with the Wood needed.",,,,,,King Mastery Sheet,18
Blue Purse,3,Crafting,Work on this while doing Coin Purse and Blue Dye to make some easy silver.,,,,,,King Mastery Sheet,20
Blue Shell,3,Fishing,"Medium difficulty Small Island fish, just keep throwing nets at the zone.",,,,,,King Mastery Sheet,22
Blue Twine,3,Crafting,Throw some Blue Dye on twine and call it a day.,,,,,,King Mastery Sheet,24
Bottle Rocket,3,Crafting,"Use passive coal from Quarry to make Black Powder, passive Wood from Sawmill, and either Feathers from daily chickens or from exploring Highland Hills or Small Spring. It should go very quickly.",,,,,,King Mastery Sheet,29
Brown Bag,3,,,,,,,,Missing from mastery_difficulty,
Brown Twine,3,Crafting,Swamp,,,,,,Missing from mastery_difficulty,
Carp,3,Fishing,"Most people overlook this fish, even though it's pretty easy. That's likely because the other easy Farm Pond fish also come from other locations, and they normally get GMed from those. Send these to Holger or Thomas.",,,,,,King Mastery Sheet,42
Carrot,3,Farming,"Don't work on this GM until you have access to Breakfast Boost, whether by cooking it yourself, or trading. It's rather painless with the meal, just a bunch of clicking. Send your spares to frank, or Rosalie/Charles Horsington III.",,,,,,King Mastery Sheet,43
Catfish,3,"Fishing, Locksmith","Catfish have a pretty low drop rate from fishing in the Farm Pond. Luckily you can also get them from opening Grab Bag 01, which you get from fishing in the Forest Pond. So don't stress.",,,,,,King Mastery Sheet,44
Coin Purse,3,Crafting,"Make sure you turn these into Blue Purse as much as possible, because the silver is really good.",,,,,,King Mastery Sheet,49
Crossbow,3,Crafting,"The hardest part of this mastery should be the Steel Wire, so make sure your steelworks is upgraded a bit to help out. The upside is that these sell for great silver, which you can reinvest.",,,,,,King Mastery Sheet,62
Essence of Slime,3,Crafting,Quite cheap and painless. Great use for Hammer so work on this while you work on those. Sells for decent silver too.,,,,,,King Mastery Sheet,71
Explosive,3,Crafting,"The harder of the two Black Powder masteries, as it uses Board instead of Wood, but still pretty cheap overall. Save working on this until you can mail them, and send them to Beatrix for friendship xp.",,,,,,King Mastery Sheet,72
Flier,3,Fishing,Definitely a harder fishing mastery. But at the end of day it's still just making and using more large nets.,,,,,,King Mastery Sheet,84
Garnet Ring,3,Crafting,Try to make these when exploring Whispering Creek for Raptor Egg and xp. They sell quite nicely.,,,,,,King Mastery Sheet,93
Horn Canteen,3,Crafting,Great to work on if you're exploring Black Rock Canyon for Large Chest 02 or Orange Gecko. If you wait for passive Twine even GM is pretty cheap.,,,,,,King Mastery Sheet,120
Leather Bag,3,Crafting,Pretty easy and cheap. I would reccomend crafting these into Purple Bag so you don't have to come back and make more. Also purple ones sell for good silver.,,,,,,King Mastery Sheet,139
Leather Belt,3,Crafting,"It uses a good amoutn of Leather, but it's relatively simple overall. Great for knocking out a few masteries at a time if you do it along with its components.",,,,,,King Mastery Sheet,140
Lemonade,3,Everything :),"You will get this over time from crafting your daily fruits into juices, as well as some quests, potentially the T80 perk, and Wheel of Borgen. I don't think it's necessary to 'actively' work on this.",,,,,,King Mastery Sheet,145
Linked Lantern,3,Crafting,,,,,,,King Mastery Sheet,146
Magicite,3,"Crafting, Exploring","Starts out pretty slow, but before you know it this will be GMed. EL is a great place to explore and you can work on this via exploring directly, or crafting up Prism Shard.",,,,,,King Mastery Sheet,150
MIAB,3,Fishing,Large Net Large Net Large Net,,,,,,King Mastery Sheet,154
Mussel,3,Fishing,"A very quick Pirate Cove mastery. You'll be fishing there a lot while leaving up and earning silver for tower, so this will come naturally before you know it.",,,,,,King Mastery Sheet,159
Octopus,3,Fishing,"A slower Vast Ocean mastery, but at the end of the day it boils down to just using a lot of nets, so not very hard.",,,,,,King Mastery Sheet,163
Orange Juice,3,Everything :),"You will get this over time from crafting your daily fruits into juices, as well as some quests, potentially the T80 perk, and Wheel of Borgen. I don't think it's necessary to 'actively' work on this.",,,,,,King Mastery Sheet,166
Potato,3,"Farming, Locksmith","Honestly, more people should have this GMed than actually do. It's a fairly fast crop once you have the T10 perk, and you can get a lot from opening Grab Bag 01 from the forest pond. Sacrifice them at the Temple, or send to Holger for friendship xp.",,,,,,King Mastery Sheet,181
Purple Diary,3,Crafting,"If you take some time in Highland Hills you can work on both green/purple parchments and diaries. You'll just need to get some extra paste and feathers occassionally to keep up, but it's relatively low effort and fairly quick.",,,,,,King Mastery Sheet,188
Purple Parchment,3,Crafting,Pretty easy GM. A step on the path to diary GMs while exploring HH.,,,,,,King Mastery Sheet,190
Red Dye,3,Crafting,"Pretty simple WC mastery. I would turn them into Red Shield first, then Red Trunk as you work on oak masteries, then back to Red Shield for the silver.",,,,,,King Mastery Sheet,196
Red Parchment,3,Crafting,"Slightly harder than Red Dye, and less uses. But it's easy.",,,,,,King Mastery Sheet,197
Steel Buckle,3,Crafting,"Pretty cheap. Great to make while working on Hammer mastery, and always turn these into Leather Belt if you can. There's also a decent amount needed for quests.",,,,,,King Mastery Sheet,256
Strong Paste,3,,,,,,,,Missing from mastery_difficulty,
Wooden Bow,3,Crafting,Good to work on while exploring in Misty Forest. Needs lots of Wood.,,,,,,King Mastery Sheet,285
Yellow Bag,3,,,,,,,,Missing from mastery_difficulty,
Yellow Purse,3,Crafting,Swamp,,,,,,Missing from mastery_difficulty,
Yellow Scarf,3,,,,,,,,Missing from mastery_difficulty,
Yellow Twine,3,Crafting,Swamp,,,,,,Missing from mastery_difficulty,
Orange Dye,3,,,,,,,,Missing from mastery_difficulty,
Basic Pillow,4,,,,,,,,Missing from mastery_difficulty,
Bone Pickaxe,4,Crafting,"A bit costly to explore for all the Bone you will need, Small Cave holds all of the resources needed.",,,,,,King Mastery Sheet,296
Giant Squid,4,Fishing,"Slow Vast Ocean GM... But at the end of the day it's still just tossing nets, so low effort.",,,,,,King Mastery Sheet,94
Glass Jar,4,Crafting,,,,,,,King Mastery Sheet,96
Handsaw,4,Crafting,"Requires a good bit of paste, but otherwise cheap.",,,,,,King Mastery Sheet,117
Jade Charm,4,Crafting,"Definitely try to craft these with mastery bonuses on, Mushroom Stew and an event bonus if possible. Also do your best to sell these during events, especially with IOTD bonus an Shrimp-a-Plenty. Production is almost entirely trhough pets, so will be very slow.",,,,,,King Mastery Sheet,129
Large Net,4,"Crafting, Quests","Daily production from Raptor Pen, exploring Forest, and quests are your friend. Large Net are life.",,,,,,King Mastery Sheet,135
Mystic Ring,4,Crafting,"The most annoying ring, because it takes 2 different gems, and 3x Mushroom Paste. Still fairly easy compared to some masteries though.",,,,,,King Mastery Sheet,160
Red Diary,4,Crafting,"Slap two pieces of paper together with some mashed mushies and bang, you got a book!",,,,,,King Mastery Sheet,195
Red Shield,4,Crafting,Great for silver!,,,,,,King Mastery Sheet,198
Spoon,4,Crafting,"A bit costly to explore for all the Bone you will need, but if you use passive Twine, the Small Cave holds all of the resources needed.",,,,,,King Mastery Sheet,253
White Purse,4,Crafting,Swamp,,,,,,Missing from mastery_difficulty,
Yellow Shirt,5,,,,,,,,Missing from mastery_difficulty,
Orange Scarf,4,,,,,,,,Missing from mastery_difficulty,
Red Scarf,4,,,,,,,,Missing from mastery_difficulty,
White Dye,4,,,,,,,,Missing from mastery_difficulty,
Black Dye,5,,,,,,,,Missing from mastery_difficulty,
Fancy Pan Flute,5,Crafting,Pretty reasonable mid to late game mastery. Doesn't need crazy resources. Benefits a lot from upgrading sawmill and hayfield.,,,,,,King Mastery Sheet,76
Feed,5,Feed Mill,"The biggest drawback is just waiting for it to process. Dump whatever extra crops you might be voiding in, or daily Broccoli from pets is great too. There is a perk to make the mill process twice as fast, if you want to go for MM it's a good investment, otherwise don't bother.",,,,,,King Mastery Sheet,79
Flour,5,Flour Mill,"Each wheat makes 14 flour, so you don't need a crazy amount of wheat to GM this. There's a perk that makes the flour mill process twice as fast. Probably don't buy it unless you're rich or want to MM flour.",,,,,,King Mastery Sheet,85
Gold Cucumber,5,"Farming, Locksmith","Grown from Gold Cucumber Seeds, if you have them, or a rare chance from Cucumber Seeds. Also you can get these from Grab Bag 01 which is from fishing at the Forest Pond. This is the easiest gold crop because of this.",,,,,,King Mastery Sheet,101
Hourglass,5,Crafting,"Another paste mastery, but it's actually not that bad with Sand from Jundland Desert. I personally would explore Forest for the Mushroom Paste and Wood needed.",,,,,,King Mastery Sheet,122
Metal Spool,5,Crafting,"Easy JD mastery. Ideally you want to turn these into Spool of Copper, but copper is way harder to get than other JD mats.",,,,,,King Mastery Sheet,153
Orange Twine,5,Crafting,Swamp,,,,,,Missing from mastery_difficulty,
Purple Bag,5,Crafting,"Medium speed mastery, good for silver. Can make even more if you explore forest for the leather and wait for passive Twine/Rope to come in.",,,,,,King Mastery Sheet,186
Purple Dye,5,Crafting,"Needs lots of Purple Flower, but it's easy enough. Use it to make Purple Bag and Belt Drive.",,,,,,King Mastery Sheet,189
Purple Twine,5,Crafting,Throw some Purple Dye on twine and call it a day.,,,,,,King Mastery Sheet,191
Sturdy Bow,5,Crafting,"Great use for Oak from grinding WC, but it needs Mushroom Paste, Twine, AND Steel, which are all individual sticking points when doing a lot of exploring and crafting. Good for crafting xp and selling for silver as well.",,,,,,King Mastery Sheet,263
White Scarf,5,,,,,,,,Missing from mastery_difficulty,
Black Scarf,6,,,,,,,,Missing from mastery_difficulty,
Black Shield,6,,,,,,,,Missing from mastery_difficulty,
Concord Grape Pie,6,Cooking,"Long cook time, which means you get mastery progress quickly from actions. Also good for cooking xp.",,,,,,King Mastery Sheet,52
Corn,6,"Farming, Locksmith","You will naturally master this just trying to do quests. There are plenty of uses for corn, between cooking, rfc, and Corn Oil, so if you want to knock it out as a GM, you can fish in Pirate's Cove and open the Large Chest 03 to help out.",,,,,,King Mastery Sheet,55
Fancy Drum,6,Crafting,"Uses both Leather and Mushroom Paste, which are side products of exploring in the Forest, but sadly uses Yarn too, which you cant make at the same time because you'll need the straw for rope to make nets. I suggest working on this either from trading for the paste/leather, or off an on when not actively exploring forest for nets.",,,,,,King Mastery Sheet,74
Fancy Guitar,6,Crafting,"Fairly cheap, but slow if you wait for passive Steel Wire from steelworks. If you actively explore for it, you can get it done way quicker, but the cost increases a lot.",,,,,,King Mastery Sheet,75
Red Berry Pie,6,Cooking,"Long cook time, which means tasting is really effective. The Red Berries cost is pretty high, so make sure you're working on other WC masteries when you explore so you're not voiding.",,,,,,King Mastery Sheet,194
Red Twine,6,Crafting,"Medium level craft. Good way to use up Red Dye from WC after finishing Red Shield, without the heavy Steel cost of Red Trunk.",,,,,,King Mastery Sheet,201
Sunflower,6,Farming,"With Mega Sunflower Seeds and Grape Juice this goes pretty quick, you'll just need to wait for your Onion pet to bring enough seeds. Don't forget to use a Mushroom Stew for great mastery prgress each harvest.",,,,,,King Mastery Sheet,268
White Twine,6,Crafting,Swamp,,,,,,Missing from mastery_difficulty,
Wrench,6,Crafting,Steel and Emberstone are used in lots of crafts now. Luckily this one there are no other components. It's pretty realistic to GM these in a few days if you're actively working on them.,,,,,,King Mastery Sheet,293
Apple Cider,7,"Crafting, Quests","Fairly easy to master, but GM will take some time. You also get a good amount from quests and some from pets over time. If you care about GM, use Mushroom Stew when claiming large amounts from quests.",,,,,,King Mastery Sheet,5
Arnold Palmer,7,"Crafting, Quests","You will always want to turn your lemonade into AP, but this will probably take a long time to GM. If you care about GM on this, make sure you're using Mushroom Stew for quests that reward more than a few hundred.",,,,,,King Mastery Sheet,7
Belt Drive,7,Crafting,"You will definitely want to be working on these when exploring Jundland Desert. If possible, use them to make Engine, but those can be quite costly so in my opinion it's fine to sell extras if you can't.",,,,,,King Mastery Sheet,12
Black Twine,7,Crafting,Swamp,,,,,,Missing from mastery_difficulty,
Breakfast Boost,7,Cooking,"This has a shorter cook time, so you won't get as much mastery progress from tasting as longer meals, but it is very cheap to make, so if you're actively working on this mastery it can go rather quickly.",,,,,,King Mastery Sheet,31
Leek,7,Farming,"The slowest growing mailable crop. Because of that it's easy to avoid growing these and just buy. They have a decent grow length where you can plant them, do a few things, and come back and reset. Also useful for cooking.",,,,,,King Mastery Sheet,143
Onion,7,Farming,"You will need a lot of these for cooking, but it still takes a while to GM them.",,,,,,King Mastery Sheet,164
Salt,7,"Crafting, Locksmith","Slower mastery to start, but you'll need a bunch for quests and cooking. At some point you may start voiding it if you're using Large Chest 03 to get Corn.",,,,,,King Mastery Sheet,229
Sugar Cane,7,,,,,,,,Missing from mastery_difficulty,
Tomato,7,Farming,See note for leeks.,,,,,,King Mastery Sheet,271
Watermelon,7,Farming,"Watermelon is the fastest non-tradable crop. If you buckle down and work on GM it will still take a while, but you can stock up on some Piece of Heart in the process. If you're going to void, Feed Mill or Temple are good places to send your extras.",,,,,,King Mastery Sheet,279
Black Shirt,7,,,,,,,,Missing from mastery_difficulty,
Broccoli,8,Farming,"Long enough that you don't want to be growing it all day, but not quite long enough to justify using Grape Juice on it regularly in my opinion, unless you need it for quests. Also brought by 3 pets, which is nice.",,,,,,King Mastery Sheet,32
Brown Sugar,9,,,,,,,,Missing from mastery_difficulty,
Cabbage,8,Farming,"See the notes on Broccoli above, but this time it's brought by 4 pets instead. Not that that helps much for mastery. You need more than 40k for quests, which gets a good chunk of the GM out of the way.",,,,,,King Mastery Sheet,38
Gazebo,8,,,,,,,,Missing from mastery_difficulty,
Glowing Lantern,8,,,,,,,,Missing from mastery_difficulty,
Hops,8,Farming,"It grows pretty quick after you unlock the first Tower artifact, but there's not much to do with it after you've grown it. You can send it to Beatrix, George, or Vincent for some friendship xp.",,,,,,King Mastery Sheet,119
Kill Switch,8,Crafting,"The cheapest Engine component, if that counts for anything. Easy enough you shouldn't worry too much about crafting these up and selling if you just want to focus GM and not spend your entire life savings and time making engines.",,,,,,King Mastery Sheet,132
Machine Press,8,Crafting,One of the friendlier JD crafts. You'll need lots for all the Corn Oil needed for other masteries.,,,,,,King Mastery Sheet,148
Oak Table,8,,,,,,,,Missing from mastery_difficulty,
Pine Tree,8,Farming,"Slow enough crop that you shouldn't feel bad about using Grape Juice on them. In the past they've been needed a lot for the December event (Crafting Christmas Tree and Holiday Wreath ) and the winter 'season' (Small chance of Frozen Pine when harvesting), so if that time of year is coming up, hold off on GM for then.",,,,,,King Mastery Sheet,177
Radish,8,Farming,"Fast enough that using Grape Juice or cookies doesn't make sense, but slow enough that GM will take a few weeks probably.",,,,,,King Mastery Sheet,193
Rice,8,Farming,"Only viable way to work on this is daily Grape Juice. Make sure you have Mushroom Stew active, and maybe even some cookies. Sell extras to avoid voiding, or you can use a bit in cooking ( Shrimp-a-Plenty ).",,,,,,King Mastery Sheet,203
Rucksack,8,,,,,,,,Missing from mastery_difficulty,
Silk,8,,,,,,,,Missing from mastery_difficulty,
Steel Plate,8,Crafting,"Needs Emberstone and Small Bolt, neither of which is really fun to get. But more reaosnable number than some other things. Plenty of items to craft these up into while working on GM.",,,,,,King Mastery Sheet,257
Wizard Hat,8,Crafting,"Requires just enough Purple Flower and Leather to be annoying. It's really not a hard mastery, just inconvenient.",,,,,,King Mastery Sheet,283
Unrefined Sugar,9,,,,,,,,Missing from mastery_difficulty,
Barnacle Shell,9,pet,,,,,,,Missing from mastery_difficulty,
Block of Wood,9,Crafting,Pine Tree...,,,,,,King Mastery Sheet,14
Bone Broth,9,"Cooking, Borgen Shop","Bone Broth is technically the hardest ""Meal"" to master/GM because you get almost no mastery progress from tasting. It's also the easiest, because it has been offered at Borgen's a few times, but you are always limited on how much you can buy based on inventory cap. It is not sellable, so you have to use it to cook other recipes to make space.",,,,,,King Mastery Sheet,27
Butter,9,Crafting,"Relies on daily Milk production, which is limited by inventory and cow levels. Can go quicker if you trade for milk, but will probably still take a very long time.",,,,,,King Mastery Sheet,36
Cannon,9,Crafting,War is expensive.,,,,,,King Mastery Sheet,40
Canoe,9,Crafting,"The amount of Oak needed for these is insane. They also need a good amount of Mushroom Paste which can get annoying fast. Most people that have GMed these just did it because they were bored, genuinely. Plus side is, you'll get loads of Raptor Egg while working on it.",,,,,,King Mastery Sheet,41
Cat's Meow,9,Cooking,"Lower-cook time meal, which means tasting gives less mastery, but relatively cheap. Gm will take a long time.",,,,,,King Mastery Sheet,45
Cooking Pot,9,Crafting,"Requires a ton of Emberstone. Going for mastery on this is reasonable, but GM is just a flex goal at this point, in my opinion.",,,,,,King Mastery Sheet,54
Corn Oil,9,Crafting,"The main drawback on with this is the high Corn cost. Mastery is expensive, but you can get it done in a reasonable time. GM is out of the question in my opinion.",,,,,,King Mastery Sheet,57
Cotton,9,Farming,"Cotton has a long enough growth time that it's no fun at all to grow. Luckily you don't really need it a ton, and 2 pets bring it. You'll probably master it while working on quests, but GM will be a long journey.",,,,,,King Mastery Sheet,58
Crab Claw,9,"Fishing, Pets","You will probably get regular mastery for this naturally while working on quests and other GMs, but GM will require a lot of resources and/or time. Macaw brings these.",,,,,,King Mastery Sheet,60
Crown of Clover,9,,,,,,,,Missing from mastery_difficulty,
Crystal Pickaxe,9,Mining,TBD,,,,,,King Mastery Sheet,298
Energy Coil,9,Crafting,"A lot goes into this craft, but the main limiting factor is probably going to be Transistor as you go. Mastery will take a while, GM will take forever.",,,,,,King Mastery Sheet,69
Fancy Chair,9,Crafting,"The hardest part of this is the Cotton. At 6 per chair you will need a significant amount. I would recommend using daily grape juice for the cotton, along with any crop multiplying meals on Mega Cotton Seeds.",,,,,,King Mastery Sheet,73
Fancy Table,9,Crafting,"Requires both Corn Oil and Steel Vise, as well as tons of Oak. The only upside is the sell price.",,,,,,King Mastery Sheet,78
Ghost Jelly,9,,,,,,,,Missing from mastery_difficulty,
Gold Catfish,9,,,,,,,,Missing from mastery_difficulty,
Gold Coral,9,,,,,,,,Missing from mastery_difficulty,
Gold Drum,9,,,,,,,,Missing from mastery_difficulty,
Gold Flier,9,,,,,,,,Missing from mastery_difficulty,
Gold Jelly,9,,,,,,,,Missing from mastery_difficulty,
Gold Sea Bass,9,,,,,,,,Missing from mastery_difficulty,
Gold Sea Crest,9,,,,,,,,Missing from mastery_difficulty,
Gold Slimeback,9,,,,,,,,Missing from mastery_difficulty,
Gold Trout,9,,,,,,,,Missing from mastery_difficulty,
Goldfin,9,,,,,,,,Missing from mastery_difficulty,
Goldgill,9,,,,,,,,Missing from mastery_difficulty,
Goldjack,9,,,,,,,,Missing from mastery_difficulty,
Goldray,9,,,,,,,,Missing from mastery_difficulty,
Green Cloak,9,"Crafting, Locksmith","Annoying to GM, because it takes Cotton to craft. But with all of the Grape Juice perks and the T150 artifact you can grow quite a bit in a day and get some solid progress. You can also get them via Mystical Chest 02 from fishing in Pirate's Cove.",,,,,,King Mastery Sheet,108
Iced Tea,9,Crafting,"Pretty slow mastery/GM. You really shouldn't need a lot of tea in your daily play, so selling is probably okay. Make sure you're working on other CPR masteries like Lemon Quartz Ring and something with Glass Orb so you're not wasting resources.",,,,,,King Mastery Sheet,124
Molasses,9,,,,,,,,Missing from mastery_difficulty,
Neigh,9,Cooking,"GM will take a long time, but this is one of the cheaper meals to make. It's mostly crops that can be grown instantly with Breakfast Boost.",,,,,,King Mastery Sheet,162
Pear Grease,9,Crafting,"Like most JD crafts, this will take a while. It's not very complex, it just needs lots of exploring in Jundland for all the Prickly Pear.",,,,,,King Mastery Sheet,171
Pie Pan,9,Crafting,"Requires Moonstone, which will take a while. Over 60k are needed for quests, which is a lot of mastery.",,,,,,King Mastery Sheet,176
Potato Battery,9,Crafting,"The biggest hold up is exploring JD for Copper Wire to make Spool of Copper. You can grow the potatoes or fish for them (via Grab Bag 01 ) in the Forest Pond. You'll need 30k of these for the COI questline, so plan accordingly.",,,,,,King Mastery Sheet,182
Propeller Hat,9,,Swamp,,,,,,Missing from mastery_difficulty,
Pumpkin,9,Farming,"Honestly this rating is partially just based on the fact that you don't really ever need a large amount of pumpkins for anything. They have a long enough grow time that Grape Juice makes sense to grow them, but it would only be for mastery. Most other crops are needed more for quests or crafting, or season events.",,,,,,King Mastery Sheet,185
Red Brick,9,,,,,,,,Missing from mastery_difficulty,
Red Trunk,9,Crafting,"Uses a good bit of resources, but still fairly easy if you wait for passive Steel. Sells for okay silver, but in general Red Shield is better profit for mostly the same materials.",,,,,,King Mastery Sheet,200
Re'taw Pail,9,,,,,,,,Missing from mastery_difficulty,
Sea Pincher Special,9,Cooking,"Longer cook time, so you will get more mastery per taste. The biggest draw back is the Honey needed to cook it.",,,,,,King Mastery Sheet,235
Sea Urchin,9,,,,,,,,Missing from mastery_difficulty,
Seaweed,9,Fishing,"Very slow, but easier than the likes of Sea Dragon or Crab Claw.",,,,,,King Mastery Sheet,237
Snow Shoes,9,,,,,,,,Missing from mastery_difficulty,
Tie Dye Scarf,9,,,,,,,,Missing from mastery_difficulty,
Wheat,9,Farming,There isn't much point to growing a lot of wheat other than Flour and a few quests. If you've already done longer crops it makes sense to use some Grape Juice on it.,,,,,,King Mastery Sheet,280
Mayonnaise,9,,,,,,,,Missing from mastery_difficulty,
Acorn Butter,10,Crafting,"Good way to use up Acorn, but it needs so many that GM will take a long long time. Always make sure you're tossing them here instead of voiding though.",,,,,,King Mastery Sheet,2
Amber Cane,10,Crafting,"Requires Amber, which is a Super Rare, and costly to explore for. You get it from your Lemur at level 6, but not enough to go for GM, or even mastery really.",,,,,,King Mastery Sheet,3
Blue Butterfly,10,,,,,,,,Missing from mastery_difficulty,
Bouquet of Flowers,10,Crafting,"So far, the seeds for flowers are quite limited. Even using all cookies it requires many seeds to get mastery, and a crazy amount for GM.",,,,,,King Mastery Sheet,30
Cabbage Stew,10,Cooking,"Very high resource cost (it's mostly Cabbage, which take forever to grow).",,,,,,King Mastery Sheet,39
Compass,10,Crafting,"The only way to craft more Compass is to toss them into the Wishing Well, then recraft with the Magna Core you get back. It's very expensive, as each costs 4x Small Screw and your free tosses into the well are limited.",,,,,,King Mastery Sheet,50
Control Box,10,Crafting,"If you don't have a stockpile of Small Screw, this is the single most stam-intensive craft currently in the game. It's quite costly, but you should definitely be crafting these up into Engine as you go.",,,,,,King Mastery Sheet,53
Corn Husk Doll,10,Crafting,"Requires multiple Corn and Red Twine, so very slow mastery. Quite a few are needed for quests, so you will need to make some, but GM/MM are not super attainable.",,,,,,King Mastery Sheet,56
Engine,10,Crafting,"The amount of stamina and mental drain to craft these will drive you mad. Many different components, with many different zones necessary. The biggest cost is all of the Small Screw and Small Spring you will end up needing.",,,,,,King Mastery Sheet,70
Flying Machine,10,Crafting,"One of the most expensive crafts in the game, even moreso than Engine.",,,,,,King Mastery Sheet,87
Flywheel,10,Crafting,"Small Screw are quite limited and/or costly, so GM will be a long road. Mastery is still hard, but doable with time. Steelworks also occassionally produces these.",,,,,,King Mastery Sheet,88
Frost Shield,10,Crafting,"Requires Frost Snapper Shell, which is an SR from Glacier Lake, or the Spotted Seal pet. Not practical to work on GM, or even mastery really.",,,,,,King Mastery Sheet,89
Fruit Punch,10,Crafting,"Mastery and GM are both very expensive, and very not necessary. FP has little use, so working on this is purely to flex.",,,,,,King Mastery Sheet,91
Gold Carrot,10,Farming,"Mastery will take a bit, but isn't that bad with Breakfast Boost and gold seeds from quests. GM will be pretty rough unless you have cookies to boost harvest amount.",,,,,,King Mastery Sheet,100
Gold Eggplant,10,Farming,"Mastery will take a bit, but isn't that bad with Breakfast Boost and gold seeds from quests. GM will be pretty rough unless you have cookies to boost harvest amount.",,,,,,King Mastery Sheet,102
Gold Peas,10,Farming,"Mastery will take a bit, but isn't that bad with Breakfast Boost and gold seeds from quests. GM will be pretty rough unless you have cookies to boost harvest amount.",,,,,,King Mastery Sheet,103
Gold Peppers,10,Farming,"Mastery will take a bit, but isn't that bad with Breakfast Boost and gold seeds from quests. GM will be pretty rough unless you have cookies to boost harvest amount.",,,,,,King Mastery Sheet,104
Grand Piano,10,,,,,,,,Missing from mastery_difficulty,
Grape Juice,10,"Crafting, Locksmith","Takes a lot of grapes, but it's semi-farmable via Medium Chest 01 from Highland Hills.",,,,,,King Mastery Sheet,105
Green Butterfly,10,,,,,,,,Missing from mastery_difficulty,
Hickory Omelette,10,Cooking,"GM of this is definitely possible, it will just take some time and a LOT of trips to the forest for Bird Egg.",,,,,,King Mastery Sheet,118
Inferno Sphere,10,"Crafting, Pets","Definitely try to craft these with mastery bonuses on, Mushroom Stew and and event bonus if possible. Also do your best to sell these during events, especially with IOTD bonus an Shrimp-a-Plenty. Production is almost entirely trhough pets, so will be very slow.",,,,,,King Mastery Sheet,125
Lava Sphere,10,"Crafting, Pets","Definitely try to craft these with mastery bonuses on, Mushroom Stew and and event bonus if possible. Also do your best to sell these during events, especially with IOTD bonus an Shrimp-a-Plenty. Production is almost entirely trhough pets, so will be very slow.",,,,,,King Mastery Sheet,137
Mushroom Stew,10,Cooking,"A slower cooking meal, which means you get more mastery. The drawback is that it requires lots of resources, but you will definitely want to cook or trade for a bunch of this as it helps with other masteries. If you're going to work towards GM, I'd reccommend waiting until you have the T120 perk, which reduces the amount of ingredients useed in cooking.",,,,,,King Mastery Sheet,158
Onion Soup,10,Cooking,"Quick cooking meal, which means little mastery from tasting. Also requires a very large amount of Onion, so even regular mastery will take a long time, GM will take forever.",,,,,,King Mastery Sheet,165
Over the Moon,10,Cooking,"Cheaper than some meals (no Cooking Pot ), but the short cook time means less mastery per meal.",,,,,,King Mastery Sheet,168
Pair of Boots,10,Crafting,"Requires 2 Polished Boot to craft, each of qhich requires a Corn Oil, so these are very very expensive to make. Best to sacrifice them at the Temple.",,,,,,King Mastery Sheet,169
Peach Juice,10,Crafting,"Given the limited nature of peaches, GM for this isn't very viable at this time.",,,,,,King Mastery Sheet,170
Polished Boot,10,Crafting,Requires Corn Oil which is already very costly to make. Make sure you're crafting these up into Pair of Boots.,,,,,,King Mastery Sheet,180
Power Monitor,10,Crafting,Ths craft would be pretty easy if not for Pocket Watch.,,,,,,King Mastery Sheet,183
Purple Butterfly,10,,,,,,,,Missing from mastery_difficulty,
Quandary Chowder,10,Cooking,"Resource-wise, one of the more expensive cooking GMs. The cook time is not long enough to get a lot of tasting mastery, and it requires both Corn and Corn Oil to cook.",,,,,,King Mastery Sheet,192
Red Butterfly,10,,,,,,,,Missing from mastery_difficulty,
Runestone 04,10,Exploring,"Small Cave, Green Dragon, Blue Dragon",,,,,,King Mastery Sheet,212
Runestone 05,10,Exploring,"Misty Forest, Green Dragon, Tree Frog, Tarantula",,,,,,King Mastery Sheet,213
Runestone 07,10,Farming,"Radishes, , Green Dragon, Hedgehog",,,,,,King Mastery Sheet,215
Runestone 09,10,Exploring,"Black Rock Canyon, Green Dragon, Blue Dragon",,,,,,King Mastery Sheet,217
Runestone 13,10,Exploring,"Black Rock Canyon, Red Dragon, Blue Dragon",,,,,,King Mastery Sheet,221
Runestone 17,10,Exploring,"Ember Lagoon, Red Dragon, Red Fox",,,,,,King Mastery Sheet,225
Runestone 19,10,Exploring,"Mount Banon. Tree Frog, Blue Dragon",,,,,,King Mastery Sheet,227
Sea Dragon,10,Fishing,Very very hard GM. You several hundred thousand LN to GM this.,,,,,,King Mastery Sheet,234
Ship in a Bottle,10,Crafting,A super cool craft! But also very impractical to GM. Just think of this as a nice place to toss some Model Ship if you explore in the Small Cave a lot.,,,,,,King Mastery Sheet,243
Shrimp-a-Plenty,10,Cooking,"Another long cooking GM. It needs a good bit of Rice per meal, and you don't get a ton of mastery per taste.",,,,,,King Mastery Sheet,246
Spiked Shell,10,Fishing,Currently the hardest fishing mastery. You will need many thousands of LN to even master these from fishing.,,,,,,King Mastery Sheet,250
Spool of Copper,10,Crafting,"Copper Wire is the biggest hold up for most JD crafts. With existing quests you will get a lot of progress on this mastery, but it will be slow and expensive.",,,,,,King Mastery Sheet,252
Steel Vise,10,Crafting,"Pretty cheap (but still slow) if you can generate enough Steel passively. You'll need a bunch of these for quests, and you need them to make Fancy Table, which is also needed for quests. I definitely recommend upgrading your steelworks.",,,,,,King Mastery Sheet,258
Step Ladder,10,Crafting,"Requires a good bit of Small Bolt, which ends up being a sticking point if you're trying to work on other JD-ish masteries, like Steel Vise or Engine. But overall not super expensive.",,,,,,King Mastery Sheet,260
Sturdy Pickaxe,10,Mining,"TBD, depends on stone shell",,,,,,King Mastery Sheet,299
Sunflower Oil,10,Crafting,"With Mega Sunflower Seeds and Grape Juice and even some cookies maybe, you can get the Sunflower in a reasonable time. It's still quite a bit though.",,,,,,King Mastery Sheet,269
Veggie Juice,10,,,,,,,,Missing from mastery_difficulty,
Water Lily,10,Fishing,Side product of fishing in Forest Pond for friendship or Grab Bag 01.,,,,,,King Mastery Sheet,278
White Sugar,10,,,,,,,,Missing from mastery_difficulty,
Wine,10,Crafting,So many Grapes. So so so many Grapes.,,,,,,King Mastery Sheet,282
Magus Hat,10,,,,,,,,Missing from mastery_difficulty,
Spiky Bracelet,10,,,,,,,,Missing from mastery_difficulty,
Aquacite,11,Mining,,,,,,,King Mastery Sheet,300
Flarite,11,Mining,,,,,,,King Mastery Sheet,302
Pyrite,11,Mining,,,,,,,King Mastery Sheet,303
Runestone 01,11,Farming,"Carrots, Green Dragon, Blue Dragon",,,,,,King Mastery Sheet,209
Runestone 02,11,Fishing,"Farm Pond, Green Dragon, Blue Dragon",,,,,,King Mastery Sheet,210
Runestone 03,11,Fishing,"Forest Pond, Green Dragon, Baboon",,,,,,King Mastery Sheet,211
Runestone 06,11,Farming,"Cucumbers, Green Dragon, Blue Dragon, Seal",,,,,,King Mastery Sheet,214
Runestone 08,11,Fishing,"Small Pond, Green Dragon, Blue Dragon",,,,,,King Mastery Sheet,216
Runestone 10,11,Farming,"Leeks, Green Dragon, Tarantula",,,,,,King Mastery Sheet,218
Runestone 11,11,Farming,"Corn, Green Dragon, Owl",,,,,,King Mastery Sheet,219
Runestone 12,11,Fishing,"Crystal River, Green Dragon, Red Fox",,,,,,King Mastery Sheet,220
Runestone 14,11,Exploring,"Highland Hills, Red Dragon, Blue Dragon",,,,,,King Mastery Sheet,222
Runestone 15,11,Fishing,"Lake Tempast, Green Python, Tarantula",,,,,,King Mastery Sheet,223
Runestone 16,11,Farming,"Hops, Red Dragon, Blue Dragon",,,,,,King Mastery Sheet,224
Runestone 18,11,Fishing,"Vast Ocean, Red Dragon, Blue Dragon",,,,,,King Mastery Sheet,226
Runestone 20,11,Farming,"Eggplants, Red Squirrel, Tarantula",,,,,,King Mastery Sheet,228
Runestone 27,11,Mining,,,,,,,Missing from mastery_difficulty,
Seashell Necklace,11,Crafting,"Requires Spiked shell, craft with caution",,,,,,Missing from mastery_difficulty,
Steel Pickaxe,11,Mining,,,,,,,King Mastery Sheet,301
Sugar Cube,11,,,,,,,,Missing from mastery_difficulty,
11th Leaf Centerpiece,99,,event,event,,,,,Missing from mastery_difficulty,
Acorn Pie,99,,,,,,,,Missing from mastery_difficulty,
Ant Apple,99,,,,,,,,Missing from mastery_difficulty,
Apple Ant,99,,,,,,,,Missing from mastery_difficulty,
Candy Corn,99,,,event,,,,,Missing from mastery_difficulty,
Christmas Tree,99,,,event,,,,,Missing from mastery_difficulty,
Cicada,99,,,event,,,,,Missing from mastery_difficulty,
Cicada Shell,99,,,event,,,,,Missing from mastery_difficulty,
Crunchy Omelette,99,,,event,,,,,Missing from mastery_difficulty,
Festive Eggnog,99,,,event,,,,,Missing from mastery_difficulty,
Frozen Angelfish,99,,,event,,,,,Missing from mastery_difficulty,
Frozen Biter,99,,,event,,,,,Missing from mastery_difficulty,
Frozen Bones,99,,,event,,,,,Missing from mastery_difficulty,
Frozen Book,99,,,event,,,,,Missing from mastery_difficulty,
Frozen Boot,99,,,event,,,,,Missing from mastery_difficulty,
Frozen Cabbage,99,,,event,,,,,Missing from mastery_difficulty,
Frozen Catfish,99,,,event,,,,,Missing from mastery_difficulty,
Frozen Coin,99,,,event,,,,,Missing from mastery_difficulty,
Frozen Corn,99,,,event,,,,,Missing from mastery_difficulty,
Frozen Crab Claw,99,,,event,,,,,Missing from mastery_difficulty,
Frozen Dagger,99,,,event,,,,,Missing from mastery_difficulty,
Frozen Feather,99,,,event,,,,,Missing from mastery_difficulty,
Frozen Hops,99,,,event,,,,,Missing from mastery_difficulty,
Frozen Jelly,99,,,event,,,,,Missing from mastery_difficulty,
Frozen Lobster,99,,,event,,,,,Missing from mastery_difficulty,
Frozen Manta Ray,99,,,event,,,,,Missing from mastery_difficulty,
Frozen Peas,99,,,event,,,,,Missing from mastery_difficulty,
Frozen Pine,99,,,event,,,,,Missing from mastery_difficulty,
Frozen Radish,99,,,event,,,,,Missing from mastery_difficulty,
Frozen Sheepshead,99,,,event,,,,,Missing from mastery_difficulty,
Frozen Shell,99,,,event,,,,,Missing from mastery_difficulty,
Frozen Skull,99,,,event,,,,,Missing from mastery_difficulty,
Frozen Spyfish,99,,,event,,,,,Missing from mastery_difficulty,
Frozen Squid,99,,,event,,,,,Missing from mastery_difficulty,
Frozen Starfish,99,,,event,,,,,Missing from mastery_difficulty,
Frozen Tomato,99,,,event,,,,,Missing from mastery_difficulty,
Frozen Wheel,99,,,event,,,,,Missing from mastery_difficulty,
Glass Eyes,99,,,,,,,,Missing from mastery_difficulty,
Green Top Hat,99,,,event,,,,,Missing from mastery_difficulty,
Heart Necklace,99,,,event,,,,,Missing from mastery_difficulty,
Holiday Wreath,99,,,event,,,,,Missing from mastery_difficulty,
Inferno Pepper,99,,,event,,,,,Missing from mastery_difficulty,
Jack-o-lantern,99,,,event,,,,,Missing from mastery_difficulty,
King Apple,99,,,event,,,,,Missing from mastery_difficulty,
Lobster,99,Not yet possible,,,,,,,Missing from mastery_difficulty,
Milk Carton,99,,,event,,,,,Missing from mastery_difficulty,
Pink Jelly,99,,,,,,,,Missing from mastery_difficulty,
Pumpkin Spiced Milk,99,,,event,,,,,Missing from mastery_difficulty,
QED Cell,99,,,event,,,,,Missing from mastery_difficulty,
Red Diamond Fish,99,,,event,,,,,Missing from mastery_difficulty,
Sea Turtle,99,,,,,,,,Missing from mastery_difficulty,
Shamrock Milk,99,Crafting,Requires white sugar,,,,,,Missing from mastery_difficulty,
Snow Globe,99,,,event,,,,,Missing from mastery_difficulty,
Snowman,99,,,,,,,,Missing from mastery_difficulty,
Spooky Scarecrow,99,,,,,,,,Missing from mastery_difficulty,
Toilet Paper,99,,,,,,,,Missing from mastery_difficulty,
Ugly Buddy Sweater,99,,,event,,,,,Missing from mastery_difficulty,
Valentines Card,99,,,,,,,,Missing from mastery_difficulty,
Witch's Brew,99,,,event,,,,,Missing from mastery_difficulty,
Witch's Broom,99,,,,,,,,Missing from mastery_difficulty,
Yellow Watermelon,99,,,event,,,,,Missing from mastery_difficulty,
Yule Goat,99,,,event,,,,,Missing from mastery_difficulty,
Hot Potato,99,,,,,,,,Missing from mastery_difficulty,
Piñata Whop Stick,99,,,,,,,,Missing from mastery_difficulty,
Blubberfish,1,,,,,,,,Missing from mastery_difficulty,
Bog Barnacle,1,,,,,,,,Missing from mastery_difficulty,
Boghead Snapper,1,,,,,,,,Missing from mastery_difficulty,
Cloth,3,,,,,,,,Missing from mastery_difficulty,
Fancy Clock,10,,,,,,,,Missing from mastery_difficulty,
Fancy Sword,10,,,,,,,,Missing from mastery_difficulty,
Fancy Violin,10,,,,,,,,Missing from mastery_difficulty,
Fire Ant Farm,7,,,,,,,,Missing from mastery_difficulty,
Gold Diamond Ring,6,,,,,,,,Missing from mastery_difficulty,
Gold Emerald Ring,4,,,,,,,,Missing from mastery_difficulty,
Gold Feed,9,,,,,,,,Missing from mastery_difficulty,
Gold Garnet Ring,4,,,,,,,,Missing from mastery_difficulty,
Gold Jade Ring,4,,,,,,,,Missing from mastery_difficulty,
Gold Ring,2,,,,,,,,Missing from mastery_difficulty,
Gold Ruby Ring,4,,,,,,,,Missing from mastery_difficulty,
Green Shirt,5,,,,,,,,Missing from mastery_difficulty,
Leather Helmet,4,,,,,,,,Missing from mastery_difficulty,
Pine Board,6,,,,,,,,Missing from mastery_difficulty,
Pine Shelf,9,,,,,,,,Missing from mastery_difficulty,
Reinforced Helmet,10,,,,,,,,Missing from mastery_difficulty,
Sail Cloth,10,,,,,,,,Missing from mastery_difficulty,
Sewing Needle,2,,,,,,,,Missing from mastery_difficulty,
Ship Mast,5,,,,,,,,Missing from mastery_difficulty,
Splatfish,1,,,,,,,,Missing from mastery_difficulty,
