sort_order,raw_item_label,item_name,canonical_key,known_item_status,gold_raw,gold_status,gold_min,gold_max,gold_currency,gold_quantity_basis,ap_raw,ap_status,ap_min,ap_max,ap_currency,ap_quantity_basis,oj_raw,oj_status,oj_min,oj_max,oj_currency,oj_quantity_basis,source_name,source_url,captured_date,parser_version,notes
1,3-leaf Clover,3-leaf Clover,3-leaf clover,known,×,not_listed,,,,,4-6 AP/k,priced,4,6,ap,per_1000,30-45 OJ/k,priced,30,45,oj,per_1000,Farm RPG Price Check,https://farmrpg-pricecheck.free.nf/index.html?i=3,2026-06-19,trade-price-reference-v1,
2,3rd Birthday Card,3rd Birthday Card,3rd birthday card,known,PC,price_check,,,,,×,not_listed,,,,,×,not_listed,,,,,Farm RPG Price Check,https://farmrpg-pricecheck.free.nf/index.html?i=3,2026-06-19,trade-price-reference-v1,
3,4th Birthday Card,4th Birthday Card,4th birthday card,known,PC,price_check,,,,,×,not_listed,,,,,×,not_listed,,,,,Farm RPG Price Check,https://farmrpg-pricecheck.free.nf/index.html?i=3,2026-06-19,trade-price-reference-v1,
4,5th Birthday Card,5th Birthday Card,5th birthday card,known,PC,price_check,,,,,×,not_listed,,,,,×,not_listed,,,,,Farm RPG Price Check,https://farmrpg-pricecheck.free.nf/index.html?i=3,2026-06-19,trade-price-reference-v1,
5,Acorn,Acorn,acorn,known,×,not_listed,,,,,6-9 AP/k,priced,6,9,ap,per_1000,45-70 OJ/k,priced,45,70,oj,per_1000,Farm RPG Price Check,https://farmrpg-pricecheck.free.nf/index.html?i=3,2026-06-19,trade-price-reference-v1,
6,Acorn Pie (meal),Acorn Pie,acorn pie,known,×,not_listed,,,,,5-12 AP,priced,5,12,ap,each,40-95 OJ,priced,40,95,oj,each,Farm RPG Price Check,https://farmrpg-pricecheck.free.nf/index.html?i=3,2026-06-19,trade-price-reference-v1,
7,Apple,Apple,apple,known,1-1.5g/k,priced,1,1.5,gold,per_1000,15-20 AP/k,priced,15,20,ap,per_1000,115-155 OJ/k,priced,115,155,oj,per_1000,Farm RPG Price Check,https://farmrpg-pricecheck.free.nf/index.html?i=3,2026-06-19,trade-price-reference-v1,
8,Apple Basket,Apple Basket,apple basket,known,240-260g,priced,240,260,gold,each,×,not_listed,,,,,×,not_listed,,,,,Farm RPG Price Check,https://farmrpg-pricecheck.free.nf/index.html?i=3,2026-06-19,trade-price-reference-v1,
9,Apple Cider,Apple Cider,apple cider,known,20-25g/k,priced,20,25,gold,per_1000,310-385 AP/k,priced,310,385,ap,per_1000,×,not_listed,,,,,Farm RPG Price Check,https://farmrpg-pricecheck.free.nf/index.html?i=3,2026-06-19,trade-price-reference-v1,
10,Apple Crate 01,Apple Crate 01,apple crate 01,known,225-275g,priced,225,275,gold,each,×,not_listed,,,,,×,not_listed,,,,,Farm RPG Price Check,https://farmrpg-pricecheck.free.nf/index.html?i=3,2026-06-19,trade-price-reference-v1,
11,Apple Crate 02,Apple Crate 02,apple crate 02,known,250-300g,priced,250,300,gold,each,×,not_listed,,,,,×,not_listed,,,,,Farm RPG Price Check,https://farmrpg-pricecheck.free.nf/index.html?i=3,2026-06-19,trade-price-reference-v1,
12,Apple Pie,Apple Pie,apple pie,known,210-230g,priced,210,230,gold,each,×,not_listed,,,,,×,not_listed,,,,,Farm RPG Price Check,https://farmrpg-pricecheck.free.nf/index.html?i=3,2026-06-19,trade-price-reference-v1,
13,Aquamarine,Aquamarine,aquamarine,known,×,not_listed,,,,,3-5 AP/k,priced,3,5,ap,per_1000,25-40 OJ/k,priced,25,40,oj,per_1000,Farm RPG Price Check,https://farmrpg-pricecheck.free.nf/index.html?i=3,2026-06-19,trade-price-reference-v1,
14,Arnold Palmer,Arnold Palmer,arnold palmer,known,60-65g/k,priced,60,65,gold,per_1000,×,not_listed,,,,,×,not_listed,,,,,Farm RPG Price Check,https://farmrpg-pricecheck.free.nf/index.html?i=3,2026-06-19,trade-price-reference-v1,
15,Arrowhead,Arrowhead,arrowhead,known,×,not_listed,,,,,2-3 AP/k,priced,2,3,ap,per_1000,15-25 OJ/k,priced,15,25,oj,per_1000,Farm RPG Price Check,https://farmrpg-pricecheck.free.nf/index.html?i=3,2026-06-19,trade-price-reference-v1,
16,Axe,Axe,axe,known,×,not_listed,,,,,2-3 AP/k,priced,2,3,ap,per_1000,15-25 OJ/k,priced,15,25,oj,per_1000,Farm RPG Price Check,https://farmrpg-pricecheck.free.nf/index.html?i=3,2026-06-19,trade-price-reference-v1,
17,Baba's Snack Pack,Baba's Snack Pack,baba's snack pack,known,50-100g,priced,50,100,gold,each,×,not_listed,,,,,×,not_listed,,,,,Farm RPG Price Check,https://farmrpg-pricecheck.free.nf/index.html?i=3,2026-06-19,trade-price-reference-v1,
18,Backpack,Backpack,backpack,known,40-55g,priced,40,55,gold,each,×,not_listed,,,,,×,not_listed,,,,,Farm RPG Price Check,https://farmrpg-pricecheck.free.nf/index.html?i=3,2026-06-19,trade-price-reference-v1,
19,Beach Ball,Beach Ball,beach ball,known,25-50g,priced,25,50,gold,each,×,not_listed,,,,,×,not_listed,,,,,Farm RPG Price Check,https://farmrpg-pricecheck.free.nf/index.html?i=3,2026-06-19,trade-price-reference-v1,
20,Beatrix's Big Box of Boom,Beatrix's Big Box of Boom,beatrix's big box of boom,known,30-40g,priced,30,40,gold,each,×,not_listed,,,,,×,not_listed,,,,,Farm RPG Price Check,https://farmrpg-pricecheck.free.nf/index.html?i=3,2026-06-19,trade-price-reference-v1,
21,Beatrix's Booming Brawl Box 01,Beatrix's Booming Brawl Box 01,beatrix's booming brawl box 01,known,250-300g,priced,250,300,gold,each,×,not_listed,,,,,×,not_listed,,,,,Farm RPG Price Check,https://farmrpg-pricecheck.free.nf/index.html?i=3,2026-06-19,trade-price-reference-v1,
22,Beatrix's Booming Brawl Box 02,Beatrix's Booming Brawl Box 02,beatrix's booming brawl box 02,known,300-350g,priced,300,350,gold,each,×,not_listed,,,,,×,not_listed,,,,,Farm RPG Price Check,https://farmrpg-pricecheck.free.nf/index.html?i=3,2026-06-19,trade-price-reference-v1,
23,Bird Egg,Bird Egg,bird egg,known,×,not_listed,,,,,3-5 AP/k,priced,3,5,ap,per_1000,25-40 OJ/k,priced,25,40,oj,per_1000,Farm RPG Price Check,https://farmrpg-pricecheck.free.nf/index.html?i=3,2026-06-19,trade-price-reference-v1,
24,Birthday Surprise Box 03,Birthday Surprise Box 03,birthday surprise box 03,known,250-300g,priced,250,300,gold,each,×,not_listed,,,,,×,not_listed,,,,,Farm RPG Price Check,https://farmrpg-pricecheck.free.nf/index.html?i=3,2026-06-19,trade-price-reference-v1,
25,Birthday Surprise Box 04,Birthday Surprise Box 04,birthday surprise box 04,known,250-300g,priced,250,300,gold,each,×,not_listed,,,,,×,not_listed,,,,,Farm RPG Price Check,https://farmrpg-pricecheck.free.nf/index.html?i=3,2026-06-19,trade-price-reference-v1,
26,Birthday Surprise Box 05,Birthday Surprise Box 05,birthday surprise box 05,known,275-300g,priced,275,300,gold,each,×,not_listed,,,,,×,not_listed,,,,,Farm RPG Price Check,https://farmrpg-pricecheck.free.nf/index.html?i=3,2026-06-19,trade-price-reference-v1,
27,Black Powder,Black Powder,black powder,known,×,not_listed,,,,,2-3 AP/k,priced,2,3,ap,per_1000,15-20 OJ/k,priced,15,20,oj,per_1000,Farm RPG Price Check,https://farmrpg-pricecheck.free.nf/index.html?i=3,2026-06-19,trade-price-reference-v1,
28,Blitzen,Blitzen,blitzen,known,PC,price_check,,,,,×,not_listed,,,,,×,not_listed,,,,,Farm RPG Price Check,https://farmrpg-pricecheck.free.nf/index.html?i=3,2026-06-19,trade-price-reference-v1,
29,Blue Crab,Blue Crab,blue crab,known,×,not_listed,,,,,1 AP/k,priced,1,1,ap,per_1000,10 OJ/k,priced,10,10,oj,per_1000,Farm RPG Price Check,https://farmrpg-pricecheck.free.nf/index.html?i=3,2026-06-19,trade-price-reference-v1,
30,Blue Dye,Blue Dye,blue dye,known,×,not_listed,,,,,4-6 AP/k,priced,4,6,ap,per_1000,30-45 OJ/k,priced,30,45,oj,per_1000,Farm RPG Price Check,https://farmrpg-pricecheck.free.nf/index.html?i=3,2026-06-19,trade-price-reference-v1,
31,Blue Feathers,Blue Feathers,blue feathers,known,×,not_listed,,,,,2-3 AP/k,priced,2,3,ap,per_1000,15-25 OJ/k,priced,15,25,oj,per_1000,Farm RPG Price Check,https://farmrpg-pricecheck.free.nf/index.html?i=3,2026-06-19,trade-price-reference-v1,
32,Bluegill,Bluegill,bluegill,known,×,not_listed,,,,,1 AP/k,priced,1,1,ap,per_1000,10 OJ/k,priced,10,10,oj,per_1000,Farm RPG Price Check,https://farmrpg-pricecheck.free.nf/index.html?i=3,2026-06-19,trade-price-reference-v1,
33,Bomb,Bomb,bomb,known,×,not_listed,,,,,5-15 AP,priced,5,15,ap,each,40-115 OJ,priced,40,115,oj,each,Farm RPG Price Check,https://farmrpg-pricecheck.free.nf/index.html?i=3,2026-06-19,trade-price-reference-v1,
34,Bone,Bone,bone,known,×,not_listed,,,,,1-2 AP/k,priced,1,2,ap,per_1000,10-15 OJ/k,priced,10,15,oj,per_1000,Farm RPG Price Check,https://farmrpg-pricecheck.free.nf/index.html?i=3,2026-06-19,trade-price-reference-v1,
35,Boobun's Spray Bottle,Boobun's Spray Bottle,boobun's spray bottle,known,5g,priced,5,5,gold,each,75 AP,priced,75,75,ap,each,×,not_listed,,,,,Farm RPG Price Check,https://farmrpg-pricecheck.free.nf/index.html?i=3,2026-06-19,trade-price-reference-v1,
36,Bouquet of Flowers,Bouquet of Flowers,bouquet of flowers,known,5-7.5g/k,priced,5,7.5,gold,per_1000,75-115 AP/k,priced,75,115,ap,per_1000,×,not_listed,,,,,Farm RPG Price Check,https://farmrpg-pricecheck.free.nf/index.html?i=3,2026-06-19,trade-price-reference-v1,
37,Box of Chocolate 01,Box of Chocolate 01,box of chocolate 01,known,30g,priced,30,30,gold,each,×,not_listed,,,,,×,not_listed,,,,,Farm RPG Price Check,https://farmrpg-pricecheck.free.nf/index.html?i=3,2026-06-19,trade-price-reference-v1,
38,Box of Chocolate 02,Box of Chocolate 02,box of chocolate 02,known,40g,priced,40,40,gold,each,×,not_listed,,,,,×,not_listed,,,,,Farm RPG Price Check,https://farmrpg-pricecheck.free.nf/index.html?i=3,2026-06-19,trade-price-reference-v1,
39,Breakfast Boost (meal),Breakfast Boost,breakfast boost,known,15-25g/100,priced,15,25,gold,per_100,2-3 AP,priced,2,3,ap,each,15-25 OJ,priced,15,25,oj,each,Farm RPG Price Check,https://farmrpg-pricecheck.free.nf/index.html?i=3,2026-06-19,trade-price-reference-v1,
40,Bucket,Bucket,bucket,known,×,not_listed,,,,,2 AP/k,priced,2,2,ap,per_1000,15 OJ/k,priced,15,15,oj,per_1000,Farm RPG Price Check,https://farmrpg-pricecheck.free.nf/index.html?i=3,2026-06-19,trade-price-reference-v1,
41,Buddy Doll,Buddy Doll,buddy doll,known,5-10g,priced,5,10,gold,each,75-155 AP,priced,75,155,ap,each,×,not_listed,,,,,Farm RPG Price Check,https://farmrpg-pricecheck.free.nf/index.html?i=3,2026-06-19,trade-price-reference-v1,
42,Buddy Loves You Card,Buddy Loves You Card,buddy loves you card,known,5g,priced,5,5,gold,each,75 AP,priced,75,75,ap,each,×,not_listed,,,,,Farm RPG Price Check,https://farmrpg-pricecheck.free.nf/index.html?i=3,2026-06-19,trade-price-reference-v1,
43,Buddy's Beach Bag,Buddy's Beach Bag,buddy's beach bag,known,180-250g,priced,180,250,gold,each,×,not_listed,,,,,×,not_listed,,,,,Farm RPG Price Check,https://farmrpg-pricecheck.free.nf/index.html?i=3,2026-06-19,trade-price-reference-v1,
44,Buddy's School Bag,Buddy's School Bag,buddy's school bag,known,75-150g,priced,75,150,gold,each,×,not_listed,,,,,×,not_listed,,,,,Farm RPG Price Check,https://farmrpg-pricecheck.free.nf/index.html?i=3,2026-06-19,trade-price-reference-v1,
45,Cabbage Stew (meal),Cabbage Stew,cabbage stew,known,40-50g/100,priced,40,50,gold,per_100,6-7.5 AP,priced,6,7.5,ap,each,45-60 OJ,priced,45,60,oj,each,Farm RPG Price Check,https://farmrpg-pricecheck.free.nf/index.html?i=3,2026-06-19,trade-price-reference-v1,
46,Calavera 01,Calavera 01,calavera 01,known,PC,price_check,,,,,×,not_listed,,,,,×,not_listed,,,,,Farm RPG Price Check,https://farmrpg-pricecheck.free.nf/index.html?i=3,2026-06-19,trade-price-reference-v1,
47,Calavera 02,Calavera 02,calavera 02,known,PC,price_check,,,,,×,not_listed,,,,,×,not_listed,,,,,Farm RPG Price Check,https://farmrpg-pricecheck.free.nf/index.html?i=3,2026-06-19,trade-price-reference-v1,
48,Capy Birthday Card,Capy Birthday Card,capy birthday card,known,PC,price_check,,,,,×,not_listed,,,,,×,not_listed,,,,,Farm RPG Price Check,https://farmrpg-pricecheck.free.nf/index.html?i=3,2026-06-19,trade-price-reference-v1,
49,Carbon Sphere,Carbon Sphere,carbon sphere,known,×,not_listed,,,,,6-10 AP/k,priced,6,10,ap,per_1000,45-80 OJ/k,priced,45,80,oj,per_1000,Farm RPG Price Check,https://farmrpg-pricecheck.free.nf/index.html?i=3,2026-06-19,trade-price-reference-v1,
50,Carp,Carp,carp,known,×,not_listed,,,,,1 AP/k,priced,1,1,ap,per_1000,10 OJ/k,priced,10,10,oj,per_1000,Farm RPG Price Check,https://farmrpg-pricecheck.free.nf/index.html?i=3,2026-06-19,trade-price-reference-v1,
51,Carrot,Carrot,carrot,known,×,not_listed,,,,,3-5 AP/k,priced,3,5,ap,per_1000,25-40 OJ/k,priced,25,40,oj,per_1000,Farm RPG Price Check,https://farmrpg-pricecheck.free.nf/index.html?i=3,2026-06-19,trade-price-reference-v1,
52,Cat's Meow (meal),Cat's Meow,cat's meow,known,20-30g/100,priced,20,30,gold,per_100,3-4 AP,priced,3,4,ap,each,25-30 OJ,priced,25,30,oj,each,Farm RPG Price Check,https://farmrpg-pricecheck.free.nf/index.html?i=3,2026-06-19,trade-price-reference-v1,
53,Caterpillar,Caterpillar,caterpillar,known,×,not_listed,,,,,50-100 AP/k,priced,50,100,ap,per_1000,×,not_listed,,,,,Farm RPG Price Check,https://farmrpg-pricecheck.free.nf/index.html?i=3,2026-06-19,trade-price-reference-v1,
54,Cheese,Cheese,cheese,known,7.5-10g/k,priced,7.5,10,gold,per_1000,115-155 AP/k,priced,115,155,ap,per_1000,×,not_listed,,,,,Farm RPG Price Check,https://farmrpg-pricecheck.free.nf/index.html?i=3,2026-06-19,trade-price-reference-v1,
55,Christmas Card,Christmas Card,christmas card,known,PC,price_check,,,,,×,not_listed,,,,,×,not_listed,,,,,Farm RPG Price Check,https://farmrpg-pricecheck.free.nf/index.html?i=3,2026-06-19,trade-price-reference-v1,
56,Christmas Present 01,Christmas Present 01,christmas present 01,known,55g,priced,55,55,gold,each,×,not_listed,,,,,×,not_listed,,,,,Farm RPG Price Check,https://farmrpg-pricecheck.free.nf/index.html?i=3,2026-06-19,trade-price-reference-v1,
57,Christmas Present 02,Christmas Present 02,christmas present 02,known,0.5-1g,priced,0.5,1,gold,each,5-15 AP,priced,5,15,ap,each,40-115 OJ,priced,40,115,oj,each,Farm RPG Price Check,https://farmrpg-pricecheck.free.nf/index.html?i=3,2026-06-19,trade-price-reference-v1,
58,Christmas Present 07,Christmas Present 07,christmas present 07,known,105-110g,priced,105,110,gold,each,×,not_listed,,,,,×,not_listed,,,,,Farm RPG Price Check,https://farmrpg-pricecheck.free.nf/index.html?i=3,2026-06-19,trade-price-reference-v1,
59,Clawed Card,Clawed Card,clawed card,known,5-10g,priced,5,10,gold,each,75-155 AP,priced,75,155,ap,each,×,not_listed,,,,,Farm RPG Price Check,https://farmrpg-pricecheck.free.nf/index.html?i=3,2026-06-19,trade-price-reference-v1,
60,Clubs,Clubs,clubs,known,2-2.5g,priced,2,2.5,gold,each,30-40 AP,priced,30,40,ap,each,235-315 OJ,priced,235,315,oj,each,Farm RPG Price Check,https://farmrpg-pricecheck.free.nf/index.html?i=3,2026-06-19,trade-price-reference-v1,
61,Coal,Coal,coal,known,×,not_listed,,,,,2 AP/k,priced,2,2,ap,per_1000,15 OJ/k,priced,15,15,oj,per_1000,Farm RPG Price Check,https://farmrpg-pricecheck.free.nf/index.html?i=3,2026-06-19,trade-price-reference-v1,
62,Coderanger's Missing Semicolon,Coderanger's Missing Semicolon,coderanger's missing semicolon,known,5g,priced,5,5,gold,each,75 AP,priced,75,75,ap,each,×,not_listed,,,,,Farm RPG Price Check,https://farmrpg-pricecheck.free.nf/index.html?i=3,2026-06-19,trade-price-reference-v1,
63,Comet,Comet,comet,known,PC,price_check,,,,,×,not_listed,,,,,×,not_listed,,,,,Farm RPG Price Check,https://farmrpg-pricecheck.free.nf/index.html?i=3,2026-06-19,trade-price-reference-v1,
64,Congratulations Card,Congratulations Card,congratulations card,known,PC,price_check,,,,,×,not_listed,,,,,×,not_listed,,,,,Farm RPG Price Check,https://farmrpg-pricecheck.free.nf/index.html?i=3,2026-06-19,trade-price-reference-v1,
65,Cornucopia 01,Cornucopia 01,cornucopia 01,known,30-40g,priced,30,40,gold,each,×,not_listed,,,,,×,not_listed,,,,,Farm RPG Price Check,https://farmrpg-pricecheck.free.nf/index.html?i=3,2026-06-19,trade-price-reference-v1,
66,Cornucopia 02,Cornucopia 02,cornucopia 02,known,225-275g,priced,225,275,gold,each,×,not_listed,,,,,×,not_listed,,,,,Farm RPG Price Check,https://farmrpg-pricecheck.free.nf/index.html?i=3,2026-06-19,trade-price-reference-v1,
67,Cornucopia 03,Cornucopia 03,cornucopia 03,known,325-350g,priced,325,350,gold,each,×,not_listed,,,,,×,not_listed,,,,,Farm RPG Price Check,https://farmrpg-pricecheck.free.nf/index.html?i=3,2026-06-19,trade-price-reference-v1,
68,Crappie,Crappie,crappie,known,×,not_listed,,,,,×,not_listed,,,,,5 OJ/k,priced,5,5,oj,per_1000,Farm RPG Price Check,https://farmrpg-pricecheck.free.nf/index.html?i=3,2026-06-19,trade-price-reference-v1,
69,Cricket,Cricket,cricket,known,5-10g,priced,5,10,gold,each,75-155 AP,priced,75,155,ap,each,×,not_listed,,,,,Farm RPG Price Check,https://farmrpg-pricecheck.free.nf/index.html?i=3,2026-06-19,trade-price-reference-v1,
70,Crunchy Omelette (meal),Crunchy Omelette,crunchy omelette,known,.5-1g,priced,0.5,1,gold,each,10-15 AP,priced,10,15,ap,each,80-115 OJ,priced,80,115,oj,each,Farm RPG Price Check,https://farmrpg-pricecheck.free.nf/index.html?i=3,2026-06-19,trade-price-reference-v1,
71,Cucumber,Cucumber,cucumber,known,×,not_listed,,,,,3-5 AP/k,priced,3,5,ap,per_1000,25-40 OJ/k,priced,25,40,oj,per_1000,Farm RPG Price Check,https://farmrpg-pricecheck.free.nf/index.html?i=3,2026-06-19,trade-price-reference-v1,
72,Cupid,Cupid,cupid,known,PC,price_check,,,,,×,not_listed,,,,,×,not_listed,,,,,Farm RPG Price Check,https://farmrpg-pricecheck.free.nf/index.html?i=3,2026-06-19,trade-price-reference-v1,
73,Dancer,Dancer,dancer,known,PC,price_check,,,,,×,not_listed,,,,,×,not_listed,,,,,Farm RPG Price Check,https://farmrpg-pricecheck.free.nf/index.html?i=3,2026-06-19,trade-price-reference-v1,
74,Dasher,Dasher,dasher,known,PC,price_check,,,,,×,not_listed,,,,,×,not_listed,,,,,Farm RPG Price Check,https://farmrpg-pricecheck.free.nf/index.html?i=3,2026-06-19,trade-price-reference-v1,
75,Diamonds,Diamonds,diamonds,known,2-2.5g,priced,2,2.5,gold,each,30-40 AP,priced,30,40,ap,each,235-315 OJ,priced,235,315,oj,each,Farm RPG Price Check,https://farmrpg-pricecheck.free.nf/index.html?i=3,2026-06-19,trade-price-reference-v1,
76,Donner,Donner,donner,known,PC,price_check,,,,,×,not_listed,,,,,×,not_listed,,,,,Farm RPG Price Check,https://farmrpg-pricecheck.free.nf/index.html?i=3,2026-06-19,trade-price-reference-v1,
77,Dragonfly,Dragonfly,dragonfly,known,PC,price_check,,,,,×,not_listed,,,,,×,not_listed,,,,,Farm RPG Price Check,https://farmrpg-pricecheck.free.nf/index.html?i=3,2026-06-19,trade-price-reference-v1,
78,Drum,Drum,drum,known,×,not_listed,,,,,×,not_listed,,,,,5 OJ/k,priced,5,5,oj,per_1000,Farm RPG Price Check,https://farmrpg-pricecheck.free.nf/index.html?i=3,2026-06-19,trade-price-reference-v1,
79,Egg 01,Egg 01,egg 01,known,PC,price_check,,,,,×,not_listed,,,,,×,not_listed,,,,,Farm RPG Price Check,https://farmrpg-pricecheck.free.nf/index.html?i=3,2026-06-19,trade-price-reference-v1,
80,Egg 02,Egg 02,egg 02,known,PC,price_check,,,,,×,not_listed,,,,,×,not_listed,,,,,Farm RPG Price Check,https://farmrpg-pricecheck.free.nf/index.html?i=3,2026-06-19,trade-price-reference-v1,
81,Egg 03,Egg 03,egg 03,known,PC,price_check,,,,,×,not_listed,,,,,×,not_listed,,,,,Farm RPG Price Check,https://farmrpg-pricecheck.free.nf/index.html?i=3,2026-06-19,trade-price-reference-v1,
82,Egg 04,Egg 04,egg 04,known,PC,price_check,,,,,×,not_listed,,,,,×,not_listed,,,,,Farm RPG Price Check,https://farmrpg-pricecheck.free.nf/index.html?i=3,2026-06-19,trade-price-reference-v1,
83,Egg 05,Egg 05,egg 05,known,PC,price_check,,,,,×,not_listed,,,,,×,not_listed,,,,,Farm RPG Price Check,https://farmrpg-pricecheck.free.nf/index.html?i=3,2026-06-19,trade-price-reference-v1,
84,Egg 06,Egg 06,egg 06,known,PC,price_check,,,,,×,not_listed,,,,,×,not_listed,,,,,Farm RPG Price Check,https://farmrpg-pricecheck.free.nf/index.html?i=3,2026-06-19,trade-price-reference-v1,
85,Egg 07,Egg 07,egg 07,known,PC,price_check,,,,,×,not_listed,,,,,×,not_listed,,,,,Farm RPG Price Check,https://farmrpg-pricecheck.free.nf/index.html?i=3,2026-06-19,trade-price-reference-v1,
86,Egg 08,Egg 08,egg 08,known,PC,price_check,,,,,×,not_listed,,,,,×,not_listed,,,,,Farm RPG Price Check,https://farmrpg-pricecheck.free.nf/index.html?i=3,2026-06-19,trade-price-reference-v1,
87,Egg 09,Egg 09,egg 09,known,PC,price_check,,,,,×,not_listed,,,,,×,not_listed,,,,,Farm RPG Price Check,https://farmrpg-pricecheck.free.nf/index.html?i=3,2026-06-19,trade-price-reference-v1,
88,Egg 10,Egg 10,egg 10,known,PC,price_check,,,,,×,not_listed,,,,,×,not_listed,,,,,Farm RPG Price Check,https://farmrpg-pricecheck.free.nf/index.html?i=3,2026-06-19,trade-price-reference-v1,
89,Egg 11,Egg 11,egg 11,known,PC,price_check,,,,,×,not_listed,,,,,×,not_listed,,,,,Farm RPG Price Check,https://farmrpg-pricecheck.free.nf/index.html?i=3,2026-06-19,trade-price-reference-v1,
90,Egg 12,Egg 12,egg 12,known,PC,price_check,,,,,×,not_listed,,,,,×,not_listed,,,,,Farm RPG Price Check,https://farmrpg-pricecheck.free.nf/index.html?i=3,2026-06-19,trade-price-reference-v1,
91,Egg Basket,Egg Basket,egg basket,known,×,not_listed,,,,,2 AP,priced,2,2,ap,each,15 OJ,priced,15,15,oj,each,Farm RPG Price Check,https://farmrpg-pricecheck.free.nf/index.html?i=3,2026-06-19,trade-price-reference-v1,
92,Egg of Ages,Egg of Ages,egg of ages,known,PC,price_check,,,,,×,not_listed,,,,,×,not_listed,,,,,Farm RPG Price Check,https://farmrpg-pricecheck.free.nf/index.html?i=3,2026-06-19,trade-price-reference-v1,
93,Egg of Air,Egg of Air,egg of air,known,PC,price_check,,,,,×,not_listed,,,,,×,not_listed,,,,,Farm RPG Price Check,https://farmrpg-pricecheck.free.nf/index.html?i=3,2026-06-19,trade-price-reference-v1,
94,Egg of Chaos,Egg of Chaos,egg of chaos,known,PC,price_check,,,,,×,not_listed,,,,,×,not_listed,,,,,Farm RPG Price Check,https://farmrpg-pricecheck.free.nf/index.html?i=3,2026-06-19,trade-price-reference-v1,
95,Egg of Earth,Egg of Earth,egg of earth,known,PC,price_check,,,,,×,not_listed,,,,,×,not_listed,,,,,Farm RPG Price Check,https://farmrpg-pricecheck.free.nf/index.html?i=3,2026-06-19,trade-price-reference-v1,
96,Egg of Fire,Egg of Fire,egg of fire,known,PC,price_check,,,,,×,not_listed,,,,,×,not_listed,,,,,Farm RPG Price Check,https://farmrpg-pricecheck.free.nf/index.html?i=3,2026-06-19,trade-price-reference-v1,
97,Egg of Life,Egg of Life,egg of life,known,PC,price_check,,,,,×,not_listed,,,,,×,not_listed,,,,,Farm RPG Price Check,https://farmrpg-pricecheck.free.nf/index.html?i=3,2026-06-19,trade-price-reference-v1,
98,Egg of Light,Egg of Light,egg of light,known,PC,price_check,,,,,×,not_listed,,,,,×,not_listed,,,,,Farm RPG Price Check,https://farmrpg-pricecheck.free.nf/index.html?i=3,2026-06-19,trade-price-reference-v1,
99,Egg of Shadow,Egg of Shadow,egg of shadow,known,PC,price_check,,,,,×,not_listed,,,,,×,not_listed,,,,,Farm RPG Price Check,https://farmrpg-pricecheck.free.nf/index.html?i=3,2026-06-19,trade-price-reference-v1,
100,Egg of Space,Egg of Space,egg of space,known,PC,price_check,,,,,×,not_listed,,,,,×,not_listed,,,,,Farm RPG Price Check,https://farmrpg-pricecheck.free.nf/index.html?i=3,2026-06-19,trade-price-reference-v1,
101,Egg of Water,Egg of Water,egg of water,known,PC,price_check,,,,,×,not_listed,,,,,×,not_listed,,,,,Farm RPG Price Check,https://farmrpg-pricecheck.free.nf/index.html?i=3,2026-06-19,trade-price-reference-v1,
102,Eggplant,Eggplant,eggplant,known,×,not_listed,,,,,3-5 AP/k,priced,3,5,ap,per_1000,25-40 OJ/k,priced,25,40,oj,per_1000,Farm RPG Price Check,https://farmrpg-pricecheck.free.nf/index.html?i=3,2026-06-19,trade-price-reference-v1,
103,Eggs,Eggs,eggs,known,×,not_listed,,,,,3-5 AP/k,priced,3,5,ap,per_1000,25-40 OJ/k,priced,25,40,oj,per_1000,Farm RPG Price Check,https://farmrpg-pricecheck.free.nf/index.html?i=3,2026-06-19,trade-price-reference-v1,
104,Explosive,Explosive,explosive,known,×,not_listed,,,,,3-4 AP/k,priced,3,4,ap,per_1000,20-35 OJ/k,priced,20,35,oj,per_1000,Farm RPG Price Check,https://farmrpg-pricecheck.free.nf/index.html?i=3,2026-06-19,trade-price-reference-v1,
105,Fall Basket,Fall Basket,fall basket,known,30-40g,priced,30,40,gold,each,×,not_listed,,,,,×,not_listed,,,,,Farm RPG Price Check,https://farmrpg-pricecheck.free.nf/index.html?i=3,2026-06-19,trade-price-reference-v1,
106,Fancy Present,Fancy Present,fancy present,known,40-60g,priced,40,60,gold,each,×,not_listed,,,,,×,not_listed,,,,,Farm RPG Price Check,https://farmrpg-pricecheck.free.nf/index.html?i=3,2026-06-19,trade-price-reference-v1,
107,Feathers,Feathers,feathers,known,×,not_listed,,,,,3-5 AP/k,priced,3,5,ap,per_1000,25-40 OJ/k,priced,25,40,oj,per_1000,Farm RPG Price Check,https://farmrpg-pricecheck.free.nf/index.html?i=3,2026-06-19,trade-price-reference-v1,
108,Fern Leaf,Fern Leaf,fern leaf,known,×,not_listed,,,,,2-5 AP/k,priced,2,5,ap,per_1000,15-40 OJ/k,priced,15,40,oj,per_1000,Farm RPG Price Check,https://farmrpg-pricecheck.free.nf/index.html?i=3,2026-06-19,trade-price-reference-v1,
109,Festive Eggnog,Festive Eggnog,festive eggnog,known,×,not_listed,,,,,1-3 AP,priced,1,3,ap,each,10-25 OJ,priced,10,25,oj,each,Farm RPG Price Check,https://farmrpg-pricecheck.free.nf/index.html?i=3,2026-06-19,trade-price-reference-v1,
110,Fire Ant,Fire Ant,fire ant,known,.5g/k,priced,0.5,0.5,gold,per_1000,10-20 AP/k,priced,10,20,ap,per_1000,80-155 OJ/k,priced,80,155,oj,per_1000,Farm RPG Price Check,https://farmrpg-pricecheck.free.nf/index.html?i=3,2026-06-19,trade-price-reference-v1,
111,Firestream's Magic Wire,Firestream's Magic Wire,firestream's magic wire,known,5g,priced,5,5,gold,each,75 AP,priced,75,75,ap,each,×,not_listed,,,,,Farm RPG Price Check,https://farmrpg-pricecheck.free.nf/index.html?i=3,2026-06-19,trade-price-reference-v1,
112,Fireworks,Fireworks,fireworks,known,×,not_listed,,,,,3 AP/k,priced,3,3,ap,per_1000,25 OJ/k,priced,25,25,oj,per_1000,Farm RPG Price Check,https://farmrpg-pricecheck.free.nf/index.html?i=3,2026-06-19,trade-price-reference-v1,
113,Fish and Chips (meal),Fish and Chips,fish and chips,known,5-10g,priced,5,10,gold,each,75-155 AP,priced,75,155,ap,each,×,not_listed,,,,,Farm RPG Price Check,https://farmrpg-pricecheck.free.nf/index.html?i=3,2026-06-19,trade-price-reference-v1,
114,Fish Bones,Fish Bones,fish bones,known,×,not_listed,,,,,1-3 AP/k,priced,1,3,ap,per_1000,10-20 OJ/k,priced,10,20,oj,per_1000,Farm RPG Price Check,https://farmrpg-pricecheck.free.nf/index.html?i=3,2026-06-19,trade-price-reference-v1,
115,Fishing Net,Fishing Net,fishing net,known,×,not_listed,,,,,10 AP/k,priced,10,10,ap,per_1000,80 OJ/k,priced,80,80,oj,per_1000,Farm RPG Price Check,https://farmrpg-pricecheck.free.nf/index.html?i=3,2026-06-19,trade-price-reference-v1,
116,Five Point Mace,Five Point Mace,five point mace,known,20-30g,priced,20,30,gold,each,×,not_listed,,,,,×,not_listed,,,,,Farm RPG Price Check,https://farmrpg-pricecheck.free.nf/index.html?i=3,2026-06-19,trade-price-reference-v1,
117,Flier,Flier,flier,known,×,not_listed,,,,,5 AP/k,priced,5,5,ap,per_1000,40 OJ/k,priced,40,40,oj,per_1000,Farm RPG Price Check,https://farmrpg-pricecheck.free.nf/index.html?i=3,2026-06-19,trade-price-reference-v1,
118,Forcepath's Book of Quest Requirements,Forcepath's Book of Quest Requirements,forcepath's book of quest requirements,known,5g,priced,5,5,gold,each,75 AP,priced,75,75,ap,each,×,not_listed,,,,,Farm RPG Price Check,https://farmrpg-pricecheck.free.nf/index.html?i=3,2026-06-19,trade-price-reference-v1,
119,Frank's Basket,frank's Basket,frank's basket,known,35-50g,priced,35,50,gold,each,×,not_listed,,,,,×,not_listed,,,,,Farm RPG Price Check,https://farmrpg-pricecheck.free.nf/index.html?i=3,2026-06-19,trade-price-reference-v1,
120,Friendship Bag 01,Friendship Bag 01,friendship bag 01,known,35-45g,priced,35,45,gold,each,×,not_listed,,,,,×,not_listed,,,,,Farm RPG Price Check,https://farmrpg-pricecheck.free.nf/index.html?i=3,2026-06-19,trade-price-reference-v1,
121,Frozen Chest 01,Frozen Chest 01,frozen chest 01,known,40-55g,priced,40,55,gold,each,×,not_listed,,,,,×,not_listed,,,,,Farm RPG Price Check,https://farmrpg-pricecheck.free.nf/index.html?i=3,2026-06-19,trade-price-reference-v1,
122,Frozen Chest 02,Frozen Chest 02,frozen chest 02,known,50-125g,priced,50,125,gold,each,×,not_listed,,,,,×,not_listed,,,,,Farm RPG Price Check,https://farmrpg-pricecheck.free.nf/index.html?i=3,2026-06-19,trade-price-reference-v1,
123,Frozen Chest 03,Frozen Chest 03,frozen chest 03,known,250-275g,priced,250,275,gold,each,×,not_listed,,,,,×,not_listed,,,,,Farm RPG Price Check,https://farmrpg-pricecheck.free.nf/index.html?i=3,2026-06-19,trade-price-reference-v1,
124,Frozen Hops,Frozen Hops,frozen hops,known,PC,price_check,,,,,×,not_listed,,,,,×,not_listed,,,,,Farm RPG Price Check,https://farmrpg-pricecheck.free.nf/index.html?i=3,2026-06-19,trade-price-reference-v1,
125,Frozen Radish,Frozen Radish,frozen radish,known,PC,price_check,,,,,×,not_listed,,,,,×,not_listed,,,,,Farm RPG Price Check,https://farmrpg-pricecheck.free.nf/index.html?i=3,2026-06-19,trade-price-reference-v1,
126,Fruit Punch,Fruit Punch,fruit punch,known,125-160g/k,priced,125,160,gold,per_1000,×,not_listed,,,,,×,not_listed,,,,,Farm RPG Price Check,https://farmrpg-pricecheck.free.nf/index.html?i=3,2026-06-19,trade-price-reference-v1,
127,Fuzzy Chick 01,Fuzzy Chick 01,fuzzy chick 01,known,PC,price_check,,,,,×,not_listed,,,,,×,not_listed,,,,,Farm RPG Price Check,https://farmrpg-pricecheck.free.nf/index.html?i=3,2026-06-19,trade-price-reference-v1,
128,Fuzzy Chick 02,Fuzzy Chick 02,fuzzy chick 02,known,PC,price_check,,,,,×,not_listed,,,,,×,not_listed,,,,,Farm RPG Price Check,https://farmrpg-pricecheck.free.nf/index.html?i=3,2026-06-19,trade-price-reference-v1,
129,Fuzzy Chick 03,Fuzzy Chick 03,fuzzy chick 03,known,PC,price_check,,,,,×,not_listed,,,,,×,not_listed,,,,,Farm RPG Price Check,https://farmrpg-pricecheck.free.nf/index.html?i=3,2026-06-19,trade-price-reference-v1,
130,Fuzzy Chick 04,Fuzzy Chick 04,fuzzy chick 04,known,PC,price_check,,,,,×,not_listed,,,,,×,not_listed,,,,,Farm RPG Price Check,https://farmrpg-pricecheck.free.nf/index.html?i=3,2026-06-19,trade-price-reference-v1,
131,Fuzzy Chick 05,Fuzzy Chick 05,fuzzy chick 05,known,PC,price_check,,,,,×,not_listed,,,,,×,not_listed,,,,,Farm RPG Price Check,https://farmrpg-pricecheck.free.nf/index.html?i=3,2026-06-19,trade-price-reference-v1,
132,Fuzzy Chick 06,Fuzzy Chick 06,fuzzy chick 06,known,PC,price_check,,,,,×,not_listed,,,,,×,not_listed,,,,,Farm RPG Price Check,https://farmrpg-pricecheck.free.nf/index.html?i=3,2026-06-19,trade-price-reference-v1,
133,Fuzzy Chick 07,Fuzzy Chick 07,fuzzy chick 07,known,PC,price_check,,,,,×,not_listed,,,,,×,not_listed,,,,,Farm RPG Price Check,https://farmrpg-pricecheck.free.nf/index.html?i=3,2026-06-19,trade-price-reference-v1,
134,Fuzzy Chick 08,Fuzzy Chick 08,fuzzy chick 08,known,PC,price_check,,,,,×,not_listed,,,,,×,not_listed,,,,,Farm RPG Price Check,https://farmrpg-pricecheck.free.nf/index.html?i=3,2026-06-19,trade-price-reference-v1,
135,Fuzzy Chick 09,Fuzzy Chick 09,fuzzy chick 09,known,PC,price_check,,,,,×,not_listed,,,,,×,not_listed,,,,,Farm RPG Price Check,https://farmrpg-pricecheck.free.nf/index.html?i=3,2026-06-19,trade-price-reference-v1,
136,Fuzzy Chick 10,Fuzzy Chick 10,fuzzy chick 10,known,PC,price_check,,,,,×,not_listed,,,,,×,not_listed,,,,,Farm RPG Price Check,https://farmrpg-pricecheck.free.nf/index.html?i=3,2026-06-19,trade-price-reference-v1,
137,Fuzzy Chick 11,Fuzzy Chick 11,fuzzy chick 11,known,PC,price_check,,,,,×,not_listed,,,,,×,not_listed,,,,,Farm RPG Price Check,https://farmrpg-pricecheck.free.nf/index.html?i=3,2026-06-19,trade-price-reference-v1,
138,Fuzzy Chick 12,Fuzzy Chick 12,fuzzy chick 12,known,PC,price_check,,,,,×,not_listed,,,,,×,not_listed,,,,,Farm RPG Price Check,https://farmrpg-pricecheck.free.nf/index.html?i=3,2026-06-19,trade-price-reference-v1,
139,Galactic Egg Basket,Galactic Egg Basket,galactic egg basket,known,PC,price_check,,,,,×,not_listed,,,,,×,not_listed,,,,,Farm RPG Price Check,https://farmrpg-pricecheck.free.nf/index.html?i=3,2026-06-19,trade-price-reference-v1,
140,Garden Crate 01,Garden Crate 01,garden crate 01,known,400-420g,priced,400,420,gold,each,×,not_listed,,,,,×,not_listed,,,,,Farm RPG Price Check,https://farmrpg-pricecheck.free.nf/index.html?i=3,2026-06-19,trade-price-reference-v1,
141,Gare Bear,Gare Bear,gare bear,known,40-50g,priced,40,50,gold,each,×,not_listed,,,,,×,not_listed,,,,,Farm RPG Price Check,https://farmrpg-pricecheck.free.nf/index.html?i=3,2026-06-19,trade-price-reference-v1,
142,Get Well Soon Card,Get Well Soon Card,get well soon card,known,PC,price_check,,,,,×,not_listed,,,,,×,not_listed,,,,,Farm RPG Price Check,https://farmrpg-pricecheck.free.nf/index.html?i=3,2026-06-19,trade-price-reference-v1,
143,Ghost Candy,Ghost Candy,ghost candy,known,PC,price_check,,,,,×,not_listed,,,,,×,not_listed,,,,,Farm RPG Price Check,https://farmrpg-pricecheck.free.nf/index.html?i=3,2026-06-19,trade-price-reference-v1,
144,Giant Centipede,Giant Centipede,giant centipede,known,×,not_listed,,,,,1-2 AP/k,priced,1,2,ap,per_1000,10-15 OJ/k,priced,10,15,oj,per_1000,Farm RPG Price Check,https://farmrpg-pricecheck.free.nf/index.html?i=3,2026-06-19,trade-price-reference-v1,
145,Glass Orb,Glass Orb,glass orb,known,×,not_listed,,,,,2-3 AP/k,priced,2,3,ap,per_1000,15-25 OJ/k,priced,15,25,oj,per_1000,Farm RPG Price Check,https://farmrpg-pricecheck.free.nf/index.html?i=3,2026-06-19,trade-price-reference-v1,
146,Gold Carrot,Gold Carrot,gold carrot,known,×,not_listed,,,,,0 AP/k,priced,0,0,ap,per_1000,0 OJ/k,priced,0,0,oj,per_1000,Farm RPG Price Check,https://farmrpg-pricecheck.free.nf/index.html?i=3,2026-06-19,trade-price-reference-v1,
147,Gold Catfish,Gold Catfish,gold catfish,known,×,not_listed,,,,,0-10 AP/k,priced,0,10,ap,per_1000,0-80 OJ/k,priced,0,80,oj,per_1000,Farm RPG Price Check,https://farmrpg-pricecheck.free.nf/index.html?i=3,2026-06-19,trade-price-reference-v1,
148,Gold Cucumber,Gold Cucumber,gold cucumber,known,×,not_listed,,,,,0 AP/k,priced,0,0,ap,per_1000,0 OJ/k,priced,0,0,oj,per_1000,Farm RPG Price Check,https://farmrpg-pricecheck.free.nf/index.html?i=3,2026-06-19,trade-price-reference-v1,
149,Gold Drum,Gold Drum,gold drum,known,×,not_listed,,,,,0-10 AP/k,priced,0,10,ap,per_1000,0-80 OJ/k,priced,0,80,oj,per_1000,Farm RPG Price Check,https://farmrpg-pricecheck.free.nf/index.html?i=3,2026-06-19,trade-price-reference-v1,
150,Gold Eggplant,Gold Eggplant,gold eggplant,known,×,not_listed,,,,,0 AP/k,priced,0,0,ap,per_1000,0 OJ/k,priced,0,0,oj,per_1000,Farm RPG Price Check,https://farmrpg-pricecheck.free.nf/index.html?i=3,2026-06-19,trade-price-reference-v1,
151,Gold Feather,Gold Feather,gold feather,known,15g/k,priced,15,15,gold,per_1000,230 AP/k,priced,230,230,ap,per_1000,×,not_listed,,,,,Farm RPG Price Check,https://farmrpg-pricecheck.free.nf/index.html?i=3,2026-06-19,trade-price-reference-v1,
152,Gold Peas,Gold Peas,gold peas,known,×,not_listed,,,,,0 AP/k,priced,0,0,ap,per_1000,0 OJ/k,priced,0,0,oj,per_1000,Farm RPG Price Check,https://farmrpg-pricecheck.free.nf/index.html?i=3,2026-06-19,trade-price-reference-v1,
153,Gold Peppers,Gold Peppers,gold peppers,known,×,not_listed,,,,,0 AP/k,priced,0,0,ap,per_1000,0 OJ/k,priced,0,0,oj,per_1000,Farm RPG Price Check,https://farmrpg-pricecheck.free.nf/index.html?i=3,2026-06-19,trade-price-reference-v1,
154,Gold Trout,Gold Trout,gold trout,known,×,not_listed,,,,,0-10 AP/k,priced,0,10,ap,per_1000,0-80 OJ/k,priced,0,80,oj,per_1000,Farm RPG Price Check,https://farmrpg-pricecheck.free.nf/index.html?i=3,2026-06-19,trade-price-reference-v1,
155,Goldgill,Goldgill,goldgill,known,×,not_listed,,,,,0-10 AP/k,priced,0,10,ap,per_1000,0-80 OJ/k,priced,0,80,oj,per_1000,Farm RPG Price Check,https://farmrpg-pricecheck.free.nf/index.html?i=3,2026-06-19,trade-price-reference-v1,
156,Good Luck Card,Good Luck Card,good luck card,known,PC,price_check,,,,,×,not_listed,,,,,×,not_listed,,,,,Farm RPG Price Check,https://farmrpg-pricecheck.free.nf/index.html?i=3,2026-06-19,trade-price-reference-v1,
157,Grapes,Grapes,grapes,known,×,not_listed,,,,,5-8 AP/k,priced,5,8,ap,per_1000,40-65 OJ/k,priced,40,65,oj,per_1000,Farm RPG Price Check,https://farmrpg-pricecheck.free.nf/index.html?i=3,2026-06-19,trade-price-reference-v1,
158,Grasshopper,Grasshopper,grasshopper,known,×,not_listed,,,,,.5-1 AP,priced,0.5,1,ap,each,4-5 OJ,priced,4,5,oj,each,Farm RPG Price Check,https://farmrpg-pricecheck.free.nf/index.html?i=3,2026-06-19,trade-price-reference-v1,
159,Green Backpack,Green Backpack,green backpack,known,90-125g,priced,90,125,gold,each,×,not_listed,,,,,×,not_listed,,,,,Farm RPG Price Check,https://farmrpg-pricecheck.free.nf/index.html?i=3,2026-06-19,trade-price-reference-v1,
160,Green Chromis,Green Chromis,green chromis,known,×,not_listed,,,,,1 AP/k,priced,1,1,ap,per_1000,10 OJ/k,priced,10,10,oj,per_1000,Farm RPG Price Check,https://farmrpg-pricecheck.free.nf/index.html?i=3,2026-06-19,trade-price-reference-v1,
161,Green Dye,Green Dye,green dye,known,×,not_listed,,,,,4-7 AP/k,priced,4,7,ap,per_1000,30-55 OJ/k,priced,30,55,oj,per_1000,Farm RPG Price Check,https://farmrpg-pricecheck.free.nf/index.html?i=3,2026-06-19,trade-price-reference-v1,
162,Green Parchment,Green Parchment,green parchment,known,×,not_listed,,,,,3-4 AP/k,priced,3,4,ap,per_1000,20-30 OJ/k,priced,20,30,oj,per_1000,Farm RPG Price Check,https://farmrpg-pricecheck.free.nf/index.html?i=3,2026-06-19,trade-price-reference-v1,
163,Grubs,Grubs,grubs,known,×,not_listed,,,,,1 AP/k,priced,1,1,ap,per_1000,10 OJ/k,priced,10,10,oj,per_1000,Farm RPG Price Check,https://farmrpg-pricecheck.free.nf/index.html?i=3,2026-06-19,trade-price-reference-v1,
164,Gummy Worms,Gummy Worms,gummy worms,known,×,not_listed,,,,,×,not_listed,,,,,5 OJ/k,priced,5,5,oj,per_1000,Farm RPG Price Check,https://farmrpg-pricecheck.free.nf/index.html?i=3,2026-06-19,trade-price-reference-v1,
165,Hammer,Hammer,hammer,known,×,not_listed,,,,,3-5 AP/k,priced,3,5,ap,per_1000,25-40 OJ/k,priced,25,40,oj,per_1000,Farm RPG Price Check,https://farmrpg-pricecheck.free.nf/index.html?i=3,2026-06-19,trade-price-reference-v1,
166,Happy Cookies,Happy Cookies,happy cookies,known,5-10g,priced,5,10,gold,each,75-155 AP,priced,75,155,ap,each,×,not_listed,,,,,Farm RPG Price Check,https://farmrpg-pricecheck.free.nf/index.html?i=3,2026-06-19,trade-price-reference-v1,
167,Happy Farmiversary Card,Happy Farmiversary Card,happy farmiversary card,known,PC,price_check,,,,,×,not_listed,,,,,×,not_listed,,,,,Farm RPG Price Check,https://farmrpg-pricecheck.free.nf/index.html?i=3,2026-06-19,trade-price-reference-v1,
168,Happy Halloween Card,Happy Halloween Card,happy halloween card,known,PC,price_check,,,,,×,not_listed,,,,,×,not_listed,,,,,Farm RPG Price Check,https://farmrpg-pricecheck.free.nf/index.html?i=3,2026-06-19,trade-price-reference-v1,
169,Heart Container,Heart Container,heart container,known,20-25g,priced,20,25,gold,each,310-385 AP,priced,310,385,ap,each,×,not_listed,,,,,Farm RPG Price Check,https://farmrpg-pricecheck.free.nf/index.html?i=3,2026-06-19,trade-price-reference-v1,
170,Heart-shaped Box 01,Heart-shaped Box 01,heart-shaped box 01,known,PC,price_check,,,,,×,not_listed,,,,,×,not_listed,,,,,Farm RPG Price Check,https://farmrpg-pricecheck.free.nf/index.html?i=3,2026-06-19,trade-price-reference-v1,
171,Heart-shaped Box 02,Heart-shaped Box 02,heart-shaped box 02,known,PC,price_check,,,,,×,not_listed,,,,,×,not_listed,,,,,Farm RPG Price Check,https://farmrpg-pricecheck.free.nf/index.html?i=3,2026-06-19,trade-price-reference-v1,
172,Heart-shaped Box 03,Heart-shaped Box 03,heart-shaped box 03,known,300-330g,priced,300,330,gold,each,×,not_listed,,,,,×,not_listed,,,,,Farm RPG Price Check,https://farmrpg-pricecheck.free.nf/index.html?i=3,2026-06-19,trade-price-reference-v1,
173,Heart-shaped Gem,Heart-shaped Gem,heart-shaped gem,known,180-200g,priced,180,200,gold,each,×,not_listed,,,,,×,not_listed,,,,,Farm RPG Price Check,https://farmrpg-pricecheck.free.nf/index.html?i=3,2026-06-19,trade-price-reference-v1,
174,Hearts,Hearts,hearts,known,2-2.5g,priced,2,2.5,gold,each,30-40 AP,priced,30,40,ap,each,235-315 OJ,priced,235,315,oj,each,Farm RPG Price Check,https://farmrpg-pricecheck.free.nf/index.html?i=3,2026-06-19,trade-price-reference-v1,
175,Hensods's Bonsai,Hensods's Bonsai,hensods's bonsai,known,5g,priced,5,5,gold,each,75 AP,priced,75,75,ap,each,×,not_listed,,,,,Farm RPG Price Check,https://farmrpg-pricecheck.free.nf/index.html?i=3,2026-06-19,trade-price-reference-v1,
176,Hickory Omelette (meal),Hickory Omelette,hickory omelette,known,30-35g/100,priced,30,35,gold,per_100,4.5-5.5 AP,priced,4.5,5.5,ap,each,35-45 OJ,priced,35,45,oj,each,Farm RPG Price Check,https://farmrpg-pricecheck.free.nf/index.html?i=3,2026-06-19,trade-price-reference-v1,
177,Hide,Hide,hide,known,×,not_listed,,,,,3-4 AP/k,priced,3,4,ap,per_1000,25-30 OJ/k,priced,25,30,oj,per_1000,Farm RPG Price Check,https://farmrpg-pricecheck.free.nf/index.html?i=3,2026-06-19,trade-price-reference-v1,
178,Holger's Lunch Box,Holger's Lunch Box,holger's lunch box,known,35-50g,priced,35,50,gold,each,×,not_listed,,,,,×,not_listed,,,,,Farm RPG Price Check,https://farmrpg-pricecheck.free.nf/index.html?i=3,2026-06-19,trade-price-reference-v1,
179,Holiday Cake,Holiday Cake,holiday cake,known,PC,price_check,,,,,×,not_listed,,,,,×,not_listed,,,,,Farm RPG Price Check,https://farmrpg-pricecheck.free.nf/index.html?i=3,2026-06-19,trade-price-reference-v1,
180,Holiday Cheer Bundle 01,Holiday Cheer Bundle 01,holiday cheer bundle 01,known,260-300g,priced,260,300,gold,each,×,not_listed,,,,,×,not_listed,,,,,Farm RPG Price Check,https://farmrpg-pricecheck.free.nf/index.html?i=3,2026-06-19,trade-price-reference-v1,
181,Hops,Hops,hops,known,×,not_listed,,,,,10-20 AP/k,priced,10,20,ap,per_1000,80-155 OJ/k,priced,80,155,oj,per_1000,Farm RPG Price Check,https://farmrpg-pricecheck.free.nf/index.html?i=3,2026-06-19,trade-price-reference-v1,
182,Horn,Horn,horn,known,×,not_listed,,,,,5-8 AP/k,priced,5,8,ap,per_1000,40-65 OJ/k,priced,40,65,oj,per_1000,Farm RPG Price Check,https://farmrpg-pricecheck.free.nf/index.html?i=3,2026-06-19,trade-price-reference-v1,
183,Horned Beetle,Horned Beetle,horned beetle,known,×,not_listed,,,,,3 AP/k,priced,3,3,ap,per_1000,20 OJ/k,priced,20,20,oj,per_1000,Farm RPG Price Check,https://farmrpg-pricecheck.free.nf/index.html?i=3,2026-06-19,trade-price-reference-v1,
184,Iced Tea,Iced Tea,iced tea,known,×,not_listed,,,,,3-5 AP/k,priced,3,5,ap,per_1000,20-50 OJ/k,priced,20,50,oj,per_1000,Farm RPG Price Check,https://farmrpg-pricecheck.free.nf/index.html?i=3,2026-06-19,trade-price-reference-v1,
185,Inferno Pepper,Inferno Pepper,inferno pepper,known,PC,price_check,,,,,×,not_listed,,,,,×,not_listed,,,,,Farm RPG Price Check,https://farmrpg-pricecheck.free.nf/index.html?i=3,2026-06-19,trade-price-reference-v1,
186,Iron Cup,Iron Cup,iron cup,known,×,not_listed,,,,,1 AP/k,priced,1,1,ap,per_1000,5-10 OJ/k,priced,5,10,oj,per_1000,Farm RPG Price Check,https://farmrpg-pricecheck.free.nf/index.html?i=3,2026-06-19,trade-price-reference-v1,
187,Joker,Joker,joker,known,4-5g,priced,4,5,gold,each,60-75 AP,priced,60,75,ap,each,×,not_listed,,,,,Farm RPG Price Check,https://farmrpg-pricecheck.free.nf/index.html?i=3,2026-06-19,trade-price-reference-v1,
188,Ladder,Ladder,ladder,known,×,not_listed,,,,,3-4 AP/k,priced,3,4,ap,per_1000,20-30 OJ/k,priced,20,30,oj,per_1000,Farm RPG Price Check,https://farmrpg-pricecheck.free.nf/index.html?i=3,2026-06-19,trade-price-reference-v1,
189,Large Net,Large Net,large net,known,8-12.5g/k,priced,8,12.5,gold,per_1000,125-190 AP/k,priced,125,190,ap,per_1000,×,not_listed,,,,,Farm RPG Price Check,https://farmrpg-pricecheck.free.nf/index.html?i=3,2026-06-19,trade-price-reference-v1,
190,Largemouth Bass,Largemouth Bass,largemouth bass,known,×,not_listed,,,,,×,not_listed,,,,,5 OJ/k,priced,5,5,oj,per_1000,Farm RPG Price Check,https://farmrpg-pricecheck.free.nf/index.html?i=3,2026-06-19,trade-price-reference-v1,
191,Leather,Leather,leather,known,×,not_listed,,,,,4-6 AP/k,priced,4,6,ap,per_1000,30-45 OJ/k,priced,30,45,oj,per_1000,Farm RPG Price Check,https://farmrpg-pricecheck.free.nf/index.html?i=3,2026-06-19,trade-price-reference-v1,
192,Leather Diary,Leather Diary,leather diary,known,×,not_listed,,,,,2-3 AP/k,priced,2,3,ap,per_1000,15-25 OJ/k,priced,15,25,oj,per_1000,Farm RPG Price Check,https://farmrpg-pricecheck.free.nf/index.html?i=3,2026-06-19,trade-price-reference-v1,
193,Leek,Leek,leek,known,×,not_listed,,,,,35-40 AP/k,priced,35,40,ap,per_1000,275-315 OJ/k,priced,275,315,oj,per_1000,Farm RPG Price Check,https://farmrpg-pricecheck.free.nf/index.html?i=3,2026-06-19,trade-price-reference-v1,
194,Lemon,Lemon,lemon,known,2-2.3g/k,priced,2,2.3,gold,per_1000,11.5-12.5 AP/k,priced,11.5,12.5,ap,per_1000,90-100 OJ/k,priced,90,100,oj,per_1000,Farm RPG Price Check,https://farmrpg-pricecheck.free.nf/index.html?i=3,2026-06-19,trade-price-reference-v1,
195,Lemon Cream Pie (meal),Lemon Cream Pie,lemon cream pie,known,30-40g/100,priced,30,40,gold,per_100,4.5-6.5 AP,priced,4.5,6.5,ap,each,35-50 OJ,priced,35,50,oj,each,Farm RPG Price Check,https://farmrpg-pricecheck.free.nf/index.html?i=3,2026-06-19,trade-price-reference-v1,
196,Lemonade,Lemonade,lemonade,known,5.2-5.6g/k,priced,5.2,5.6,gold,per_1000,80-85 AP/k,priced,80,85,ap,per_1000,×,not_listed,,,,,Farm RPG Price Check,https://farmrpg-pricecheck.free.nf/index.html?i=3,2026-06-19,trade-price-reference-v1,
197,Lovely Cookies,Lovely Cookies,lovely cookies,known,5-10g,priced,5,10,gold,each,75-155 AP,priced,75,155,ap,each,×,not_listed,,,,,Farm RPG Price Check,https://farmrpg-pricecheck.free.nf/index.html?i=3,2026-06-19,trade-price-reference-v1,
198,Lovely Present,Lovely Present,lovely present,known,35-40g,priced,35,40,gold,each,×,not_listed,,,,,×,not_listed,,,,,Farm RPG Price Check,https://farmrpg-pricecheck.free.nf/index.html?i=3,2026-06-19,trade-price-reference-v1,
199,Magical Chest 01,Magical Chest 01,magical chest 01,known,40-50g,priced,40,50,gold,each,×,not_listed,,,,,×,not_listed,,,,,Farm RPG Price Check,https://farmrpg-pricecheck.free.nf/index.html?i=3,2026-06-19,trade-price-reference-v1,
200,Magical Chest 02,Magical Chest 02,magical chest 02,known,50-75g,priced,50,75,gold,each,×,not_listed,,,,,×,not_listed,,,,,Farm RPG Price Check,https://farmrpg-pricecheck.free.nf/index.html?i=3,2026-06-19,trade-price-reference-v1,
201,Magical Egg Basket,Magical Egg Basket,magical egg basket,known,1g,priced,1,1,gold,each,15 AP,priced,15,15,ap,each,115 OJ,priced,115,115,oj,each,Farm RPG Price Check,https://farmrpg-pricecheck.free.nf/index.html?i=3,2026-06-19,trade-price-reference-v1,
202,Mealworms,Mealworms,mealworms,known,Free,unparsed,,,,,×,not_listed,,,,,×,not_listed,,,,,Farm RPG Price Check,https://farmrpg-pricecheck.free.nf/index.html?i=3,2026-06-19,trade-price-reference-v1,
203,MIAB,MIAB,miab,known,×,not_listed,,,,,3 AP/k,priced,3,3,ap,per_1000,20 OJ/k,priced,20,20,oj,per_1000,Farm RPG Price Check,https://farmrpg-pricecheck.free.nf/index.html?i=3,2026-06-19,trade-price-reference-v1,
204,Milk,Milk,milk,known,×,not_listed,,,,,5-8 AP/k,priced,5,8,ap,per_1000,40-65 OJ/k,priced,40,65,oj,per_1000,Farm RPG Price Check,https://farmrpg-pricecheck.free.nf/index.html?i=3,2026-06-19,trade-price-reference-v1,
205,Minnows,Minnows,minnows,known,×,not_listed,,,,,×,not_listed,,,,,5 OJ/k,priced,5,5,oj,per_1000,Farm RPG Price Check,https://farmrpg-pricecheck.free.nf/index.html?i=3,2026-06-19,trade-price-reference-v1,
206,Mizzem's Daisies,Mizzem's Daisies,mizzem's daisies,known,5g,priced,5,5,gold,each,75 AP,priced,75,75,ap,each,×,not_listed,,,,,Farm RPG Price Check,https://farmrpg-pricecheck.free.nf/index.html?i=3,2026-06-19,trade-price-reference-v1,
207,Mug of Beer,Mug of Beer,mug of beer,known,40-50g/100,priced,40,50,gold,per_100,×,not_listed,,,,,×,not_listed,,,,,Farm RPG Price Check,https://farmrpg-pricecheck.free.nf/index.html?i=3,2026-06-19,trade-price-reference-v1,
208,Mushroom,Mushroom,mushroom,known,×,not_listed,,,,,1-3 AP/k,priced,1,3,ap,per_1000,10-20 OJ/k,priced,10,20,oj,per_1000,Farm RPG Price Check,https://farmrpg-pricecheck.free.nf/index.html?i=3,2026-06-19,trade-price-reference-v1,
209,Mushroom Paste,Mushroom Paste,mushroom paste,known,×,not_listed,,,,,2-3 AP/k,priced,2,3,ap,per_1000,15-25 OJ/k,priced,15,25,oj,per_1000,Farm RPG Price Check,https://farmrpg-pricecheck.free.nf/index.html?i=3,2026-06-19,trade-price-reference-v1,
210,Mushroom Stew (meal),Mushroom Stew,mushroom stew,known,30-40g/100,priced,30,40,gold,per_100,4.5-6.5 AP,priced,4.5,6.5,ap,each,35-50 OJ,priced,35,50,oj,each,Farm RPG Price Check,https://farmrpg-pricecheck.free.nf/index.html?i=3,2026-06-19,trade-price-reference-v1,
211,Neigh (meal),Neigh,neigh,known,30-35g/100,priced,30,35,gold,per_100,4.5-5.5 AP,priced,4.5,5.5,ap,each,35-45 OJ,priced,35,45,oj,each,Farm RPG Price Check,https://farmrpg-pricecheck.free.nf/index.html?i=3,2026-06-19,trade-price-reference-v1,
212,Oak,Oak,oak,known,×,not_listed,,,,,2-3 AP/k,priced,2,3,ap,per_1000,15-25 OJ/k,priced,15,25,oj,per_1000,Farm RPG Price Check,https://farmrpg-pricecheck.free.nf/index.html?i=3,2026-06-19,trade-price-reference-v1,
213,Old Boot,Old Boot,old boot,known,×,not_listed,,,,,1-3 AP/k,priced,1,3,ap,per_1000,10-20 OJ/k,priced,10,20,oj,per_1000,Farm RPG Price Check,https://farmrpg-pricecheck.free.nf/index.html?i=3,2026-06-19,trade-price-reference-v1,
214,Onion,Onion,onion,known,×,not_listed,,,,,30-40 AP/k,priced,30,40,ap,per_1000,235-315 OJ/k,priced,235,315,oj,per_1000,Farm RPG Price Check,https://farmrpg-pricecheck.free.nf/index.html?i=3,2026-06-19,trade-price-reference-v1,
215,Onion Soup (meal),Onion Soup,onion soup,known,10-20g/100,priced,10,20,gold,per_100,2-3 AP,priced,2,3,ap,each,15-25 OJ,priced,15,25,oj,each,Farm RPG Price Check,https://farmrpg-pricecheck.free.nf/index.html?i=3,2026-06-19,trade-price-reference-v1,
216,Orange,Orange,orange,known,2.5-3g/k,priced,2.5,3,gold,per_1000,40-45/k AP,unparsed,,,,,166-333 OJ/k,priced,166,333,oj,per_1000,Farm RPG Price Check,https://farmrpg-pricecheck.free.nf/index.html?i=3,2026-06-19,trade-price-reference-v1,
217,Orange Juice,Orange Juice,orange juice,known,7-10g/k,priced,7,10,gold,per_1000,110-155 AP/k,priced,110,155,ap,per_1000,×,not_listed,,,,,Farm RPG Price Check,https://farmrpg-pricecheck.free.nf/index.html?i=3,2026-06-19,trade-price-reference-v1,
218,Over The Moon (meal),Over the Moon,over the moon,known,20-25g/100,priced,20,25,gold,per_100,3-4 AP,priced,3,4,ap,each,25-30 OJ,priced,25,30,oj,each,Farm RPG Price Check,https://farmrpg-pricecheck.free.nf/index.html?i=3,2026-06-19,trade-price-reference-v1,
219,Peach,Peach,peach,known,25-30g/k,priced,25,30,gold,per_1000,×,not_listed,,,,,×,not_listed,,,,,Farm RPG Price Check,https://farmrpg-pricecheck.free.nf/index.html?i=3,2026-06-19,trade-price-reference-v1,
220,Peach Juice,Peach Juice,peach juice,known,50-100g/k,priced,50,100,gold,per_1000,×,not_listed,,,,,×,not_listed,,,,,Farm RPG Price Check,https://farmrpg-pricecheck.free.nf/index.html?i=3,2026-06-19,trade-price-reference-v1,
221,Peas,Peas,peas,known,×,not_listed,,,,,3-5 AP/k,priced,3,5,ap,per_1000,25-40 OJ/k,priced,25,40,oj,per_1000,Farm RPG Price Check,https://farmrpg-pricecheck.free.nf/index.html?i=3,2026-06-19,trade-price-reference-v1,
222,Peppers,Peppers,peppers,known,×,not_listed,,,,,3-5 AP/k,priced,3,5,ap,per_1000,25-40 OJ/k,priced,25,40,oj,per_1000,Farm RPG Price Check,https://farmrpg-pricecheck.free.nf/index.html?i=3,2026-06-19,trade-price-reference-v1,
223,Perfect Paint Palette,Perfect Paint Palette,perfect paint palette,known,20-30g,priced,20,30,gold,each,×,not_listed,,,,,×,not_listed,,,,,Farm RPG Price Check,https://farmrpg-pricecheck.free.nf/index.html?i=3,2026-06-19,trade-price-reference-v1,
224,Piece 01,Piece 01,piece 01,known,PC,price_check,,,,,×,not_listed,,,,,×,not_listed,,,,,Farm RPG Price Check,https://farmrpg-pricecheck.free.nf/index.html?i=3,2026-06-19,trade-price-reference-v1,
225,Piece 03,Piece 03,piece 03,known,15-25g,priced,15,25,gold,each,230-385 AP,priced,230,385,ap,each,×,not_listed,,,,,Farm RPG Price Check,https://farmrpg-pricecheck.free.nf/index.html?i=3,2026-06-19,trade-price-reference-v1,
226,Piece 04,Piece 04,piece 04,known,150-250g,priced,150,250,gold,each,×,not_listed,,,,,×,not_listed,,,,,Farm RPG Price Check,https://farmrpg-pricecheck.free.nf/index.html?i=3,2026-06-19,trade-price-reference-v1,
227,Piece 09,Piece 09,piece 09,known,PC,price_check,,,,,×,not_listed,,,,,×,not_listed,,,,,Farm RPG Price Check,https://farmrpg-pricecheck.free.nf/index.html?i=3,2026-06-19,trade-price-reference-v1,
228,Piece 11,Piece 11,piece 11,known,25-35g,priced,25,35,gold,each,×,not_listed,,,,,×,not_listed,,,,,Farm RPG Price Check,https://farmrpg-pricecheck.free.nf/index.html?i=3,2026-06-19,trade-price-reference-v1,
229,Piece 15,Piece 15,piece 15,known,PC,price_check,,,,,×,not_listed,,,,,×,not_listed,,,,,Farm RPG Price Check,https://farmrpg-pricecheck.free.nf/index.html?i=3,2026-06-19,trade-price-reference-v1,
230,Piece 18,Piece 18,piece 18,known,PC,price_check,,,,,×,not_listed,,,,,×,not_listed,,,,,Farm RPG Price Check,https://farmrpg-pricecheck.free.nf/index.html?i=3,2026-06-19,trade-price-reference-v1,
231,Piece 22,Piece 22,piece 22,known,PC,price_check,,,,,×,not_listed,,,,,×,not_listed,,,,,Farm RPG Price Check,https://farmrpg-pricecheck.free.nf/index.html?i=3,2026-06-19,trade-price-reference-v1,
232,Piece 23,Piece 23,piece 23,known,PC,price_check,,,,,×,not_listed,,,,,×,not_listed,,,,,Farm RPG Price Check,https://farmrpg-pricecheck.free.nf/index.html?i=3,2026-06-19,trade-price-reference-v1,
233,Piece 24,Piece 24,piece 24,known,PC,price_check,,,,,×,not_listed,,,,,×,not_listed,,,,,Farm RPG Price Check,https://farmrpg-pricecheck.free.nf/index.html?i=3,2026-06-19,trade-price-reference-v1,
234,Piece 26,Piece 26,piece 26,known,PC,price_check,,,,,×,not_listed,,,,,×,not_listed,,,,,Farm RPG Price Check,https://farmrpg-pricecheck.free.nf/index.html?i=3,2026-06-19,trade-price-reference-v1,
235,Piece 30,Piece 30,piece 30,known,400-500g/k,priced,400,500,gold,per_1000,×,not_listed,,,,,×,not_listed,,,,,Farm RPG Price Check,https://farmrpg-pricecheck.free.nf/index.html?i=3,2026-06-19,trade-price-reference-v1,
236,Pillow Case 01,Pillow Case 01,pillow case 01,known,700-750g,priced,700,750,gold,each,×,not_listed,,,,,×,not_listed,,,,,Farm RPG Price Check,https://farmrpg-pricecheck.free.nf/index.html?i=3,2026-06-19,trade-price-reference-v1,
237,Pirate Bandana,Pirate Bandana,pirate bandana,known,PC,price_check,,,,,×,not_listed,,,,,×,not_listed,,,,,Farm RPG Price Check,https://farmrpg-pricecheck.free.nf/index.html?i=3,2026-06-19,trade-price-reference-v1,
238,Pirate Flag,Pirate Flag,pirate flag,known,PC,price_check,,,,,×,not_listed,,,,,×,not_listed,,,,,Farm RPG Price Check,https://farmrpg-pricecheck.free.nf/index.html?i=3,2026-06-19,trade-price-reference-v1,
239,Pot of Gold (Large),Pot of Gold (Large),pot of gold (large),known,50-55g,priced,50,55,gold,each,×,not_listed,,,,,×,not_listed,,,,,Farm RPG Price Check,https://farmrpg-pricecheck.free.nf/index.html?i=3,2026-06-19,trade-price-reference-v1,
240,Pot of Gold (Medium),Pot of Gold (Medium),pot of gold (medium),known,30g,priced,30,30,gold,each,×,not_listed,,,,,×,not_listed,,,,,Farm RPG Price Check,https://farmrpg-pricecheck.free.nf/index.html?i=3,2026-06-19,trade-price-reference-v1,
241,Pot of Gold (Small),Pot of Gold (Small),pot of gold (small),known,15g,priced,15,15,gold,each,230 AP,priced,230,230,ap,each,×,not_listed,,,,,Farm RPG Price Check,https://farmrpg-pricecheck.free.nf/index.html?i=3,2026-06-19,trade-price-reference-v1,
242,Potato,Potato,potato,known,×,not_listed,,,,,5-10 AP/k,priced,5,10,ap,per_1000,40-80 OJ/k,priced,40,80,oj,per_1000,Farm RPG Price Check,https://farmrpg-pricecheck.free.nf/index.html?i=3,2026-06-19,trade-price-reference-v1,
243,Prancer,Prancer,prancer,known,PC,price_check,,,,,×,not_listed,,,,,×,not_listed,,,,,Farm RPG Price Check,https://farmrpg-pricecheck.free.nf/index.html?i=3,2026-06-19,trade-price-reference-v1,
244,Prism Shell,Prism Shell,prism shell,known,20-25g,priced,20,25,gold,each,310-385 AP,priced,310,385,ap,each,×,not_listed,,,,,Farm RPG Price Check,https://farmrpg-pricecheck.free.nf/index.html?i=3,2026-06-19,trade-price-reference-v1,
245,Protein Bar,Protein Bar,protein bar,known,10-15g,priced,10,15,gold,each,155-230 AP,priced,155,230,ap,each,×,not_listed,,,,,Farm RPG Price Check,https://farmrpg-pricecheck.free.nf/index.html?i=3,2026-06-19,trade-price-reference-v1,
246,Purple Dye,Purple Dye,purple dye,known,×,not_listed,,,,,15 AP/k,priced,15,15,ap,per_1000,115 OJ/k,priced,115,115,oj,per_1000,Farm RPG Price Check,https://farmrpg-pricecheck.free.nf/index.html?i=3,2026-06-19,trade-price-reference-v1,
247,Purple Flower,Purple Flower,purple flower,known,×,not_listed,,,,,4-7 AP/k,priced,4,7,ap,per_1000,30-55 OJ/k,priced,30,55,oj,per_1000,Farm RPG Price Check,https://farmrpg-pricecheck.free.nf/index.html?i=3,2026-06-19,trade-price-reference-v1,
248,Purple Parchment,Purple Parchment,purple parchment,known,×,not_listed,,,,,3-5 AP/k,priced,3,5,ap,per_1000,20-50 OJ/k,priced,20,50,oj,per_1000,Farm RPG Price Check,https://farmrpg-pricecheck.free.nf/index.html?i=3,2026-06-19,trade-price-reference-v1,
249,Quandary Chowder (meal),Quandary Chowder,quandary chowder,known,30-40g/100,priced,30,40,gold,per_100,4.5-6 AP,priced,4.5,6,ap,each,35-45 OJ,priced,35,45,oj,each,Farm RPG Price Check,https://farmrpg-pricecheck.free.nf/index.html?i=3,2026-06-19,trade-price-reference-v1,
250,Radish,Radish,radish,known,×,not_listed,,,,,15-20 AP/k,priced,15,20,ap,per_1000,115-155 OJ/k,priced,115,155,oj,per_1000,Farm RPG Price Check,https://farmrpg-pricecheck.free.nf/index.html?i=3,2026-06-19,trade-price-reference-v1,
251,Ramjoram's Mask,Ramjoram's Mask,ramjoram's mask,known,15-25g,priced,15,25,gold,each,230-385 AP,priced,230,385,ap,each,×,not_listed,,,,,Farm RPG Price Check,https://farmrpg-pricecheck.free.nf/index.html?i=3,2026-06-19,trade-price-reference-v1,
252,Red Dye,Red Dye,red dye,known,×,not_listed,,,,,8-10 AP/k,priced,8,10,ap,per_1000,65-80 OJ/k,priced,65,80,oj,per_1000,Farm RPG Price Check,https://farmrpg-pricecheck.free.nf/index.html?i=3,2026-06-19,trade-price-reference-v1,
253,Red Envelope,Red Envelope,red envelope,known,20g/k,priced,20,20,gold,per_1000,310 AP/k,priced,310,310,ap,per_1000,×,not_listed,,,,,Farm RPG Price Check,https://farmrpg-pricecheck.free.nf/index.html?i=3,2026-06-19,trade-price-reference-v1,
254,Refined Corn Quartz,Refined Corn Quartz,refined corn quartz,known,20-30g,priced,20,30,gold,each,×,not_listed,,,,,×,not_listed,,,,,Farm RPG Price Check,https://farmrpg-pricecheck.free.nf/index.html?i=3,2026-06-19,trade-price-reference-v1,
255,Rope,Rope,rope,known,×,not_listed,,,,,2-3 AP/k,priced,2,3,ap,per_1000,15-25 OJ/k,priced,15,25,oj,per_1000,Farm RPG Price Check,https://farmrpg-pricecheck.free.nf/index.html?i=3,2026-06-19,trade-price-reference-v1,
256,Rosalie's Beach Tote,Rosalie's Beach Tote,rosalie's beach tote,known,150-175g,priced,150,175,gold,each,×,not_listed,,,,,×,not_listed,,,,,Farm RPG Price Check,https://farmrpg-pricecheck.free.nf/index.html?i=3,2026-06-19,trade-price-reference-v1,
257,Rudolph,Rudolph,rudolph,known,PC,price_check,,,,,×,not_listed,,,,,×,not_listed,,,,,Farm RPG Price Check,https://farmrpg-pricecheck.free.nf/index.html?i=3,2026-06-19,trade-price-reference-v1,
258,Safety Goggles,Safety Goggles,safety goggles,known,PC,price_check,,,,,×,not_listed,,,,,×,not_listed,,,,,Farm RPG Price Check,https://farmrpg-pricecheck.free.nf/index.html?i=3,2026-06-19,trade-price-reference-v1,
259,Sappy Christmas Card,Sappy Christmas Card,sappy christmas card,known,PC,price_check,,,,,×,not_listed,,,,,×,not_listed,,,,,Farm RPG Price Check,https://farmrpg-pricecheck.free.nf/index.html?i=3,2026-06-19,trade-price-reference-v1,
260,Scrap Metal,Scrap Metal,scrap metal,known,×,not_listed,,,,,1-3 AP/k,priced,1,3,ap,per_1000,10-20 OJ/k,priced,10,20,oj,per_1000,Farm RPG Price Check,https://farmrpg-pricecheck.free.nf/index.html?i=3,2026-06-19,trade-price-reference-v1,
261,Scrap Wire,Scrap Wire,scrap wire,known,×,not_listed,,,,,1-2 AP/k,priced,1,2,ap,per_1000,10-15 OJ/k,priced,10,15,oj,per_1000,Farm RPG Price Check,https://farmrpg-pricecheck.free.nf/index.html?i=3,2026-06-19,trade-price-reference-v1,
262,Sea Pincher Special (meal),Sea Pincher Special,sea pincher special,known,30-35g/100,priced,30,35,gold,per_100,4.5-5.5 AP,priced,4.5,5.5,ap,each,35-45 OJ,priced,35,45,oj,each,Farm RPG Price Check,https://farmrpg-pricecheck.free.nf/index.html?i=3,2026-06-19,trade-price-reference-v1,
263,Shimmer Stone,Shimmer Stone,shimmer stone,known,×,not_listed,,,,,1-2 AP/k,priced,1,2,ap,per_1000,10-15 OJ/k,priced,10,15,oj,per_1000,Farm RPG Price Check,https://farmrpg-pricecheck.free.nf/index.html?i=3,2026-06-19,trade-price-reference-v1,
264,Shiny Beetle,Shiny Beetle,shiny beetle,known,×,not_listed,,,,,3-5 AP/k,priced,3,5,ap,per_1000,20-40 OJ/k,priced,20,40,oj,per_1000,Farm RPG Price Check,https://farmrpg-pricecheck.free.nf/index.html?i=3,2026-06-19,trade-price-reference-v1,
265,Shiny Present,Shiny Present,shiny present,known,60-75g,priced,60,75,gold,each,×,not_listed,,,,,×,not_listed,,,,,Farm RPG Price Check,https://farmrpg-pricecheck.free.nf/index.html?i=3,2026-06-19,trade-price-reference-v1,
266,Shovel,Shovel,shovel,known,×,not_listed,,,,,3-5 AP/k,priced,3,5,ap,per_1000,20-40 OJ/k,priced,20,40,oj,per_1000,Farm RPG Price Check,https://farmrpg-pricecheck.free.nf/index.html?i=3,2026-06-19,trade-price-reference-v1,
267,Shrimp,Shrimp,shrimp,known,×,not_listed,,,,,1-3 AP/k,priced,1,3,ap,per_1000,10-20 OJ/k,priced,10,20,oj,per_1000,Farm RPG Price Check,https://farmrpg-pricecheck.free.nf/index.html?i=3,2026-06-19,trade-price-reference-v1,
268,Shrimp-a-Plenty (meal),Shrimp-a-Plenty,shrimp-a-plenty,known,30-35g/100,priced,30,35,gold,per_100,4.5-5.5 AP,priced,4.5,5.5,ap,each,35-45 OJ,priced,35,45,oj,each,Farm RPG Price Check,https://farmrpg-pricecheck.free.nf/index.html?i=3,2026-06-19,trade-price-reference-v1,
269,Skipjack,Skipjack,skipjack,known,×,not_listed,,,,,1 AP/k,priced,1,1,ap,per_1000,10 OJ/k,priced,10,10,oj,per_1000,Farm RPG Price Check,https://farmrpg-pricecheck.free.nf/index.html?i=3,2026-06-19,trade-price-reference-v1,
270,Slimestone,Slimestone,slimestone,known,×,not_listed,,,,,2-3 AP/k,priced,2,3,ap,per_1000,15-25 OJ/k,priced,15,25,oj,per_1000,Farm RPG Price Check,https://farmrpg-pricecheck.free.nf/index.html?i=3,2026-06-19,trade-price-reference-v1,
271,Small Prawn,Small Prawn,small prawn,known,×,not_listed,,,,,1 AP/k,priced,1,1,ap,per_1000,10 OJ/k,priced,10,10,oj,per_1000,Farm RPG Price Check,https://farmrpg-pricecheck.free.nf/index.html?i=3,2026-06-19,trade-price-reference-v1,
272,Snail,Snail,snail,known,×,not_listed,,,,,3-5 AP/k,priced,3,5,ap,per_1000,25-40 OJ/k,priced,25,40,oj,per_1000,Farm RPG Price Check,https://farmrpg-pricecheck.free.nf/index.html?i=3,2026-06-19,trade-price-reference-v1,
273,Snowball,Snowball,snowball,known,PC,price_check,,,,,×,not_listed,,,,,×,not_listed,,,,,Farm RPG Price Check,https://farmrpg-pricecheck.free.nf/index.html?i=3,2026-06-19,trade-price-reference-v1,
274,Spades,Spades,spades,known,4-5g,priced,4,5,gold,each,60-75 AP,priced,60,75,ap,each,×,not_listed,,,,,Farm RPG Price Check,https://farmrpg-pricecheck.free.nf/index.html?i=3,2026-06-19,trade-price-reference-v1,
275,Spider,Spider,spider,known,×,not_listed,,,,,30-50 AP/k,priced,30,50,ap,per_1000,235-390 OJ/k,priced,235,390,oj,per_1000,Farm RPG Price Check,https://farmrpg-pricecheck.free.nf/index.html?i=3,2026-06-19,trade-price-reference-v1,
276,Spooky Cookies,Spooky Cookies,spooky cookies,known,5-10g,priced,5,10,gold,each,75-155 AP,priced,75,155,ap,each,×,not_listed,,,,,Farm RPG Price Check,https://farmrpg-pricecheck.free.nf/index.html?i=3,2026-06-19,trade-price-reference-v1,
277,Spooky Pie,Spooky Pie,spooky pie,known,30-40g,priced,30,40,gold,each,×,not_listed,,,,,×,not_listed,,,,,Farm RPG Price Check,https://farmrpg-pricecheck.free.nf/index.html?i=3,2026-06-19,trade-price-reference-v1,
278,Spring Basket 01,Spring Basket 01,spring basket 01,known,30-35g,priced,30,35,gold,each,×,not_listed,,,,,×,not_listed,,,,,Farm RPG Price Check,https://farmrpg-pricecheck.free.nf/index.html?i=3,2026-06-19,trade-price-reference-v1,
279,Spring Basket 02,Spring Basket 02,spring basket 02,known,275-325g,priced,275,325,gold,each,×,not_listed,,,,,×,not_listed,,,,,Farm RPG Price Check,https://farmrpg-pricecheck.free.nf/index.html?i=3,2026-06-19,trade-price-reference-v1,
280,Spring Basket 03,Spring Basket 03,spring basket 03,known,270-300g,priced,270,300,gold,each,×,not_listed,,,,,×,not_listed,,,,,Farm RPG Price Check,https://farmrpg-pricecheck.free.nf/index.html?i=3,2026-06-19,trade-price-reference-v1,
281,Stack of Cards,Stack of Cards,stack of cards,known,35-40g,priced,35,40,gold,each,×,not_listed,,,,,×,not_listed,,,,,Farm RPG Price Check,https://farmrpg-pricecheck.free.nf/index.html?i=3,2026-06-19,trade-price-reference-v1,
282,Stingray,Stingray,stingray,known,×,not_listed,,,,,1-3 AP/k,priced,1,3,ap,per_1000,10-20 OJ/k,priced,10,20,oj,per_1000,Farm RPG Price Check,https://farmrpg-pricecheck.free.nf/index.html?i=3,2026-06-19,trade-price-reference-v1,
283,Stone,Stone,stone,known,×,not_listed,,,,,1 AP/k,priced,1,1,ap,per_1000,5-10 OJ/k,priced,5,10,oj,per_1000,Farm RPG Price Check,https://farmrpg-pricecheck.free.nf/index.html?i=3,2026-06-19,trade-price-reference-v1,
284,Summer Basket,Summer Basket,summer basket,known,35-50g,priced,35,50,gold,each,×,not_listed,,,,,×,not_listed,,,,,Farm RPG Price Check,https://farmrpg-pricecheck.free.nf/index.html?i=3,2026-06-19,trade-price-reference-v1,
285,Supply Voucher,Supply Voucher,supply voucher,known,110-125g,priced,110,125,gold,each,×,not_listed,,,,,×,not_listed,,,,,Farm RPG Price Check,https://farmrpg-pricecheck.free.nf/index.html?i=3,2026-06-19,trade-price-reference-v1,
286,Support's Ticket,Support's Ticket,support's ticket,known,5g,priced,5,5,gold,each,75 AP,priced,75,75,ap,each,×,not_listed,,,,,Farm RPG Price Check,https://farmrpg-pricecheck.free.nf/index.html?i=3,2026-06-19,trade-price-reference-v1,
287,Tenfoo's Lost Sock,Tenfoo's Lost Sock,tenfoo's lost sock,known,5g,priced,5,5,gold,each,75 AP,priced,75,75,ap,each,×,not_listed,,,,,Farm RPG Price Check,https://farmrpg-pricecheck.free.nf/index.html?i=3,2026-06-19,trade-price-reference-v1,
288,Thank You Card,Thank You Card,thank you card,known,PC,price_check,,,,,×,not_listed,,,,,×,not_listed,,,,,Farm RPG Price Check,https://farmrpg-pricecheck.free.nf/index.html?i=3,2026-06-19,trade-price-reference-v1,
289,Thomas's Tavern Tote,Thomas's Tavern Tote,thomas's tavern tote,known,300-350g,priced,300,350,gold,each,×,not_listed,,,,,×,not_listed,,,,,Farm RPG Price Check,https://farmrpg-pricecheck.free.nf/index.html?i=3,2026-06-19,trade-price-reference-v1,
290,Tomato,Tomato,tomato,known,×,not_listed,,,,,30-40 AP/k,priced,30,40,ap,per_1000,235-315 OJ/k,priced,235,315,oj,per_1000,Farm RPG Price Check,https://farmrpg-pricecheck.free.nf/index.html?i=3,2026-06-19,trade-price-reference-v1,
291,Traveler's Bag 01,Traveler's Bag 01,traveler's bag 01,known,680-725g,priced,680,725,gold,each,×,not_listed,,,,,×,not_listed,,,,,Farm RPG Price Check,https://farmrpg-pricecheck.free.nf/index.html?i=3,2026-06-19,trade-price-reference-v1,
292,Treat Bag 02,Treat Bag 02,treat bag 02,known,×,not_listed,,,,,30-40 AP/k,priced,30,40,ap,per_1000,235-315 OJ/k,priced,235,315,oj,per_1000,Farm RPG Price Check,https://farmrpg-pricecheck.free.nf/index.html?i=3,2026-06-19,trade-price-reference-v1,
293,Treat Bag 04,Treat Bag 04,treat bag 04,known,40-45g,priced,40,45,gold,each,×,not_listed,,,,,×,not_listed,,,,,Farm RPG Price Check,https://farmrpg-pricecheck.free.nf/index.html?i=3,2026-06-19,trade-price-reference-v1,
294,Treat Bag 05,Treat Bag 05,treat bag 05,known,60-70g,priced,60,70,gold,each,×,not_listed,,,,,×,not_listed,,,,,Farm RPG Price Check,https://farmrpg-pricecheck.free.nf/index.html?i=3,2026-06-19,trade-price-reference-v1,
295,Treat Bag 06,Treat Bag 06,treat bag 06,known,575-650g,priced,575,650,gold,each,×,not_listed,,,,,×,not_listed,,,,,Farm RPG Price Check,https://farmrpg-pricecheck.free.nf/index.html?i=3,2026-06-19,trade-price-reference-v1,
296,Trout,Trout,trout,known,×,not_listed,,,,,×,not_listed,,,,,5 OJ/k,priced,5,5,oj,per_1000,Farm RPG Price Check,https://farmrpg-pricecheck.free.nf/index.html?i=3,2026-06-19,trade-price-reference-v1,
297,Twine,Twine,twine,known,×,not_listed,,,,,2 AP/k,priced,2,2,ap,per_1000,15 OJ/k,priced,15,15,oj,per_1000,Farm RPG Price Check,https://farmrpg-pricecheck.free.nf/index.html?i=3,2026-06-19,trade-price-reference-v1,
298,Unpolished Shimmer Stone,Unpolished Shimmer Stone,unpolished shimmer stone,known,×,not_listed,,,,,1 AP/k,priced,1,1,ap,per_1000,10 OJ/k,priced,10,10,oj,per_1000,Farm RPG Price Check,https://farmrpg-pricecheck.free.nf/index.html?i=3,2026-06-19,trade-price-reference-v1,
299,Valentines Card,Valentines Card,valentines card,known,×,not_listed,,,,,10 AP,priced,10,10,ap,each,80 OJ,priced,80,80,oj,each,Farm RPG Price Check,https://farmrpg-pricecheck.free.nf/index.html?i=3,2026-06-19,trade-price-reference-v1,
300,Veggie Juice,Veggie Juice,veggie juice,known,5-10g/k,priced,5,10,gold,per_1000,75-155 AP/k,priced,75,155,ap,per_1000,×,not_listed,,,,,Farm RPG Price Check,https://farmrpg-pricecheck.free.nf/index.html?i=3,2026-06-19,trade-price-reference-v1,
301,Vixen,Vixen,vixen,known,PC,price_check,,,,,×,not_listed,,,,,×,not_listed,,,,,Farm RPG Price Check,https://farmrpg-pricecheck.free.nf/index.html?i=3,2026-06-19,trade-price-reference-v1,
302,Void Bag 01,Void Bag 01,void bag 01,known,0.25-0.30g,priced,0.25,0.3,gold,each,4-5 AP,priced,4,5,ap,each,30-40 OJ,priced,30,40,oj,each,Farm RPG Price Check,https://farmrpg-pricecheck.free.nf/index.html?i=3,2026-06-19,trade-price-reference-v1,
303,We Know Card,We Know Card,we know card,known,"500-1,000g",unparsed,,,,,×,not_listed,,,,,×,not_listed,,,,,Farm RPG Price Check,https://farmrpg-pricecheck.free.nf/index.html?i=3,2026-06-19,trade-price-reference-v1,
304,Welcome Card,Welcome Card,welcome card,known,Country Store,country_store,,,,,×,not_listed,,,,,×,not_listed,,,,,Farm RPG Price Check,https://farmrpg-pricecheck.free.nf/index.html?i=3,2026-06-19,trade-price-reference-v1,
305,Winter Basket,Winter Basket,winter basket,known,30-50g,priced,30,50,gold,each,×,not_listed,,,,,×,not_listed,,,,,Farm RPG Price Check,https://farmrpg-pricecheck.free.nf/index.html?i=3,2026-06-19,trade-price-reference-v1,
306,Wood,Wood,wood,known,×,not_listed,,,,,1 AP/k,priced,1,1,ap,per_1000,10 OJ/k,priced,10,10,oj,per_1000,Farm RPG Price Check,https://farmrpg-pricecheck.free.nf/index.html?i=3,2026-06-19,trade-price-reference-v1,
307,Wooden Box,Wooden Box,wooden box,known,×,not_listed,,,,,2-3 AP/k,priced,2,3,ap,per_1000,15-25 OJ/k,priced,15,25,oj,per_1000,Farm RPG Price Check,https://farmrpg-pricecheck.free.nf/index.html?i=3,2026-06-19,trade-price-reference-v1,
308,Wooden Button,Wooden Button,wooden button,known,×,not_listed,,,,,2-4 AP/k,priced,2,4,ap,per_1000,15-30 OJ/k,priced,15,30,oj,per_1000,Farm RPG Price Check,https://farmrpg-pricecheck.free.nf/index.html?i=3,2026-06-19,trade-price-reference-v1,
309,Wooden Table,Wooden Table,wooden table,known,×,not_listed,,,,,3-5 AP/k,priced,3,5,ap,per_1000,25-40 OJ/k,priced,25,40,oj,per_1000,Farm RPG Price Check,https://farmrpg-pricecheck.free.nf/index.html?i=3,2026-06-19,trade-price-reference-v1,
310,Worms,Worms,worms,known,Country Store,country_store,,,,,×,not_listed,,,,,×,not_listed,,,,,Farm RPG Price Check,https://farmrpg-pricecheck.free.nf/index.html?i=3,2026-06-19,trade-price-reference-v1,
311,Yarn,Yarn,yarn,known,×,not_listed,,,,,2-4 AP/k,priced,2,4,ap,per_1000,15-30 OJ/k,priced,15,30,oj,per_1000,Farm RPG Price Check,https://farmrpg-pricecheck.free.nf/index.html?i=3,2026-06-19,trade-price-reference-v1,
312,Yellow Perch,Yellow Perch,yellow perch,known,×,not_listed,,,,,×,not_listed,,,,,5 OJ/k,priced,5,5,oj,per_1000,Farm RPG Price Check,https://farmrpg-pricecheck.free.nf/index.html?i=3,2026-06-19,trade-price-reference-v1,
313,You Rock Card,You Rock Card,you rock card,known,PC,price_check,,,,,×,not_listed,,,,,×,not_listed,,,,,Farm RPG Price Check,https://farmrpg-pricecheck.free.nf/index.html?i=3,2026-06-19,trade-price-reference-v1,
