item_name,canonical_key,generated_buddy_slug,candidate_buddy_url,probe_status,http_status,final_url,page_title,attempts,flags,notes
3-leaf Clover,3-leaf clover,3-leaf-clover,https://buddy.farm/i/3-leaf-clover/,found,200,https://buddy.farm/i/3-leaf-clover/,3-leaf Clover,1,symbol_cleanup,Punctuation or symbols were cleaned during slug generation.
4-leaf Clover,4-leaf clover,4-leaf-clover,https://buddy.farm/i/4-leaf-clover/,found,200,https://buddy.farm/i/4-leaf-clover/,4-leaf Clover,1,symbol_cleanup,Punctuation or symbols were cleaned during slug generation.
Cecil's Shrimp-a-Plenty,cecil's shrimp-a-plenty,cecils-shrimp-a-plenty,https://buddy.farm/i/cecils-shrimp-a-plenty/,not_found,404,https://buddy.farm/i/cecils-shrimp-a-plenty/,,1,symbol_cleanup,Punctuation or symbols were cleaned during slug generation.
Heart-shaped Box 01,heart-shaped box 01,heart-shaped-box-01,https://buddy.farm/i/heart-shaped-box-01/,found,200,https://buddy.farm/i/heart-shaped-box-01/,Heart-shaped Box 01,1,symbol_cleanup,Punctuation or symbols were cleaned during slug generation.
Heart-shaped Box 02,heart-shaped box 02,heart-shaped-box-02,https://buddy.farm/i/heart-shaped-box-02/,found,200,https://buddy.farm/i/heart-shaped-box-02/,Heart-shaped Box 02,1,symbol_cleanup,Punctuation or symbols were cleaned during slug generation.
Heart-shaped Box 03,heart-shaped box 03,heart-shaped-box-03,https://buddy.farm/i/heart-shaped-box-03/,found,200,https://buddy.farm/i/heart-shaped-box-03/,Heart-shaped Box 03,1,symbol_cleanup,Punctuation or symbols were cleaned during slug generation.
Heart-shaped Gem,heart-shaped gem,heart-shaped-gem,https://buddy.farm/i/heart-shaped-gem/,found,200,https://buddy.farm/i/heart-shaped-gem/,Heart-shaped Gem,1,symbol_cleanup,Punctuation or symbols were cleaned during slug generation.
Jack-o-key,jack-o-key,jack-o-key,https://buddy.farm/i/jack-o-key/,found,200,https://buddy.farm/i/jack-o-key/,Jack-o-key,1,symbol_cleanup,Punctuation or symbols were cleaned during slug generation.
Jack-o-lantern,jack-o-lantern,jack-o-lantern,https://buddy.farm/i/jack-o-lantern/,found,200,https://buddy.farm/i/jack-o-lantern/,Jack-o-lantern,1,symbol_cleanup,Punctuation or symbols were cleaned during slug generation.
Piñata,piñata,pi-ata,https://buddy.farm/i/pi-ata/,found,200,https://buddy.farm/i/pi-ata/,Piñata,1,non_ascii_or_diacritic; symbol_cleanup; alternate_slug_variant,Contains non-ASCII or diacritic characters; verify the generated slug manually.; Alternate slug variant differs from the primary generated slug.; Punctuation or symbols were cleaned during slug generation.
Piñata Whop Stick,piñata whop stick,pi-ata-whop-stick,https://buddy.farm/i/pi-ata-whop-stick/,found,200,https://buddy.farm/i/pi-ata-whop-stick/,Piñata Whop Stick,1,non_ascii_or_diacritic; symbol_cleanup; alternate_slug_variant,Contains non-ASCII or diacritic characters; verify the generated slug manually.; Alternate slug variant differs from the primary generated slug.; Punctuation or symbols were cleaned during slug generation.
Pot of Gold (Large),pot of gold (large),pot-of-gold-large,https://buddy.farm/i/pot-of-gold-large/,not_found,404,https://buddy.farm/i/pot-of-gold-large/,,1,symbol_cleanup,Punctuation or symbols were cleaned during slug generation.
Pot of Gold (Medium),pot of gold (medium),pot-of-gold-medium,https://buddy.farm/i/pot-of-gold-medium/,not_found,404,https://buddy.farm/i/pot-of-gold-medium/,,1,symbol_cleanup,Punctuation or symbols were cleaned during slug generation.
Pot of Gold (Small),pot of gold (small),pot-of-gold-small,https://buddy.farm/i/pot-of-gold-small/,not_found,404,https://buddy.farm/i/pot-of-gold-small/,,1,symbol_cleanup,Punctuation or symbols were cleaned during slug generation.
Shrimp-a-Plenty,shrimp-a-plenty,shrimp-a-plenty,https://buddy.farm/i/shrimp-a-plenty/,found,200,https://buddy.farm/i/shrimp-a-plenty/,Shrimp-a-Plenty,1,symbol_cleanup,Punctuation or symbols were cleaned during slug generation.
Skull-in-the-box,skull-in-the-box,skull-in-the-box,https://buddy.farm/i/skull-in-the-box/,found,200,https://buddy.farm/i/skull-in-the-box/,Skull-in-the-box,1,symbol_cleanup,Punctuation or symbols were cleaned during slug generation.
Baba Gec's Cabbage Stew,baba gec's cabbage stew,baba-gecs-cabbage-stew,https://buddy.farm/i/baba-gecs-cabbage-stew/,not_found,404,https://buddy.farm/i/baba-gecs-cabbage-stew/,,1,,
Baba's Snack Pack,baba's snack pack,babas-snack-pack,https://buddy.farm/i/babas-snack-pack/,not_found,404,https://buddy.farm/i/babas-snack-pack/,,1,,
Beatrix's Big Box of Boom,beatrix's big box of boom,beatrixs-big-box-of-boom,https://buddy.farm/i/beatrixs-big-box-of-boom/,not_found,404,https://buddy.farm/i/beatrixs-big-box-of-boom/,,1,,
Beatrix's Booming Brawl Box 01,beatrix's booming brawl box 01,beatrixs-booming-brawl-box-01,https://buddy.farm/i/beatrixs-booming-brawl-box-01/,not_found,404,https://buddy.farm/i/beatrixs-booming-brawl-box-01/,,1,,
Beatrix's Booming Brawl Box 02,beatrix's booming brawl box 02,beatrixs-booming-brawl-box-02,https://buddy.farm/i/beatrixs-booming-brawl-box-02/,not_found,404,https://buddy.farm/i/beatrixs-booming-brawl-box-02/,,1,,
R.O.A.S.,r.o.a.s.,roas,https://buddy.farm/i/roas/,not_found,404,https://buddy.farm/i/roas/,,1,,
10 Gold,10 gold,10-gold,https://buddy.farm/i/10-gold/,found,200,https://buddy.farm/i/10-gold/,10 Gold,1,,
100 Gold,100 gold,100-gold,https://buddy.farm/i/100-gold/,found,200,https://buddy.farm/i/100-gold/,100 Gold,1,,
11th Leaf Centerpiece,11th leaf centerpiece,11th-leaf-centerpiece,https://buddy.farm/i/11th-leaf-centerpiece/,found,200,https://buddy.farm/i/11th-leaf-centerpiece/,11th Leaf Centerpiece,1,,
25 Gold,25 gold,25-gold,https://buddy.farm/i/25-gold/,found,200,https://buddy.farm/i/25-gold/,25 Gold,1,,