pet_name,pet_canonical_key,item_name,item_canonical_key,unlock_level,source_url,page_data_url,coverage_status,notes,cache_file_name,parser_version
Hummingbird,hummingbird,3-leaf Clover,3 leaf clover,1,https://buddy.farm/i/3-leaf-clover/,https://buddy.farm/page-data/i/3-leaf-clover/page-data.json,candidate,Candidate from cached Buddy page-data; review before canonical promotion.,,buddy-item-multi-source-v1
Swine,swine,3-leaf Clover,3 leaf clover,1,https://buddy.farm/i/3-leaf-clover/,https://buddy.farm/page-data/i/3-leaf-clover/page-data.json,candidate,Candidate from cached Buddy page-data; review before canonical promotion.,,buddy-item-multi-source-v1
Hummingbird,hummingbird,4-leaf Clover,4 leaf clover,3,https://buddy.farm/i/4-leaf-clover/,https://buddy.farm/page-data/i/4-leaf-clover/page-data.json,candidate,Candidate from cached Buddy page-data; review before canonical promotion.,,buddy-item-multi-source-v1
Squirrel,squirrel,4-leaf Clover,4 leaf clover,6,https://buddy.farm/i/4-leaf-clover/,https://buddy.farm/page-data/i/4-leaf-clover/page-data.json,candidate,Candidate from cached Buddy page-data; review before canonical promotion.,,buddy-item-multi-source-v1
Wolf,wolf,Acorn,acorn,3,https://buddy.farm/i/acorn/,https://buddy.farm/page-data/i/acorn/page-data.json,candidate,Candidate from cached Buddy page-data; review before canonical promotion.,,buddy-item-multi-source-v1
Squirrel,squirrel,Acorn,acorn,1,https://buddy.farm/i/acorn/,https://buddy.farm/page-data/i/acorn/page-data.json,candidate,Candidate from cached Buddy page-data; review before canonical promotion.,,buddy-item-multi-source-v1
"Lemur
",lemur,Amber,amber,6,https://buddy.farm/i/amber/,https://buddy.farm/page-data/i/amber/page-data.json,candidate,Candidate from cached Buddy page-data; review before canonical promotion.,,buddy-item-multi-source-v1
Pet Rock,pet rock,Amethyst,amethyst,3,https://buddy.farm/i/amethyst/,https://buddy.farm/page-data/i/amethyst/page-data.json,candidate,Candidate from cached Buddy page-data; review before canonical promotion.,,buddy-item-multi-source-v1
Dog,dog,Amethyst,amethyst,6,https://buddy.farm/i/amethyst/,https://buddy.farm/page-data/i/amethyst/page-data.json,candidate,Candidate from cached Buddy page-data; review before canonical promotion.,,buddy-item-multi-source-v1
Spider,spider,Amethyst,amethyst,1,https://buddy.farm/i/amethyst/,https://buddy.farm/page-data/i/amethyst/page-data.json,candidate,Candidate from cached Buddy page-data; review before canonical promotion.,,buddy-item-multi-source-v1
Squirrel,squirrel,Ancient Coin,ancient coin,3,https://buddy.farm/i/ancient-coin/,https://buddy.farm/page-data/i/ancient-coin/page-data.json,candidate,Candidate from cached Buddy page-data; review before canonical promotion.,,buddy-item-multi-source-v1
Bird,bird,Anglerfish,anglerfish,6,https://buddy.farm/i/anglerfish/,https://buddy.farm/page-data/i/anglerfish/page-data.json,candidate,Candidate from cached Buddy page-data; review before canonical promotion.,,buddy-item-multi-source-v1
Dog,dog,Antler,antler,3,https://buddy.farm/i/antler/,https://buddy.farm/page-data/i/antler/page-data.json,candidate,Candidate from cached Buddy page-data; review before canonical promotion.,,buddy-item-multi-source-v1
Owl,owl,Apple,apple,1,https://buddy.farm/i/apple/,https://buddy.farm/page-data/i/apple/page-data.json,candidate,Candidate from cached Buddy page-data; review before canonical promotion.,,buddy-item-multi-source-v1
Capybara,capybara,Apple Cider,apple cider,3,https://buddy.farm/i/apple-cider/,https://buddy.farm/page-data/i/apple-cider/page-data.json,candidate,Candidate from cached Buddy page-data; review before canonical promotion.,,buddy-item-multi-source-v1
Squirrel,squirrel,Arrowhead,arrowhead,3,https://buddy.farm/i/arrowhead/,https://buddy.farm/page-data/i/arrowhead/page-data.json,candidate,Candidate from cached Buddy page-data; review before canonical promotion.,,buddy-item-multi-source-v1
Swine,swine,Axe,axe,3,https://buddy.farm/i/axe/,https://buddy.farm/page-data/i/axe/page-data.json,candidate,Candidate from cached Buddy page-data; review before canonical promotion.,,buddy-item-multi-source-v1
Shark,shark,Barnacle Shell,barnacle shell,1,https://buddy.farm/i/barnacle-shell/,https://buddy.farm/page-data/i/barnacle-shell/page-data.json,candidate,Candidate from cached Buddy page-data; review before canonical promotion.,,buddy-item-multi-source-v1
Penguin,penguin,Barracuda,barracuda,3,https://buddy.farm/i/barracuda/,https://buddy.farm/page-data/i/barracuda/page-data.json,candidate,Candidate from cached Buddy page-data; review before canonical promotion.,,buddy-item-multi-source-v1
Capybara,capybara,Beet,beet,1,https://buddy.farm/i/beet/,https://buddy.farm/page-data/i/beet/page-data.json,candidate,Candidate from cached Buddy page-data; review before canonical promotion.,,buddy-item-multi-source-v1
Owl,owl,Bird Egg,bird egg,3,https://buddy.farm/i/bird-egg/,https://buddy.farm/page-data/i/bird-egg/page-data.json,candidate,Candidate from cached Buddy page-data; review before canonical promotion.,,buddy-item-multi-source-v1
Wolf,wolf,Bitten Apple,bitten apple,1,https://buddy.farm/i/bitten-apple/,https://buddy.farm/page-data/i/bitten-apple/page-data.json,candidate,Candidate from cached Buddy page-data; review before canonical promotion.,,buddy-item-multi-source-v1
Cat,cat,Blue Catfish,blue catfish,3,https://buddy.farm/i/blue-catfish/,https://buddy.farm/page-data/i/blue-catfish/page-data.json,candidate,Candidate from cached Buddy page-data; review before canonical promotion.,,buddy-item-multi-source-v1
Bird,bird,Blue Dye,blue dye,3,https://buddy.farm/i/blue-dye/,https://buddy.farm/page-data/i/blue-dye/page-data.json,candidate,Candidate from cached Buddy page-data; review before canonical promotion.,,buddy-item-multi-source-v1
Wolf,wolf,Blue Feathers,blue feathers,3,https://buddy.farm/i/blue-feathers/,https://buddy.farm/page-data/i/blue-feathers/page-data.json,candidate,Candidate from cached Buddy page-data; review before canonical promotion.,,buddy-item-multi-source-v1
Cat,cat,Blue Feathers,blue feathers,3,https://buddy.farm/i/blue-feathers/,https://buddy.farm/page-data/i/blue-feathers/page-data.json,candidate,Candidate from cached Buddy page-data; review before canonical promotion.,,buddy-item-multi-source-v1
Hummingbird,hummingbird,Blue Flowers,blue flowers,3,https://buddy.farm/i/blue-flowers/,https://buddy.farm/page-data/i/blue-flowers/page-data.json,candidate,Candidate from cached Buddy page-data; review before canonical promotion.,,buddy-item-multi-source-v1
Seal,seal,Blue Gel,blue gel,6,https://buddy.farm/i/blue-gel/,https://buddy.farm/page-data/i/blue-gel/page-data.json,candidate,Candidate from cached Buddy page-data; review before canonical promotion.,,buddy-item-multi-source-v1
Seal,seal,Blue Purse,blue purse,1,https://buddy.farm/i/blue-purse/,https://buddy.farm/page-data/i/blue-purse/page-data.json,candidate,Candidate from cached Buddy page-data; review before canonical promotion.,,buddy-item-multi-source-v1
Cat,cat,Blue Shell,blue shell,3,https://buddy.farm/i/blue-shell/,https://buddy.farm/page-data/i/blue-shell/page-data.json,candidate,Candidate from cached Buddy page-data; review before canonical promotion.,,buddy-item-multi-source-v1
Penguin,penguin,Blue Tiger Fish,blue tiger fish,3,https://buddy.farm/i/blue-tiger-fish/,https://buddy.farm/page-data/i/blue-tiger-fish/page-data.json,candidate,Candidate from cached Buddy page-data; review before canonical promotion.,,buddy-item-multi-source-v1
Cat,cat,Bluegill,bluegill,3,https://buddy.farm/i/bluegill/,https://buddy.farm/page-data/i/bluegill/page-data.json,candidate,Candidate from cached Buddy page-data; review before canonical promotion.,,buddy-item-multi-source-v1
Armadillo,armadillo,Board,board,1,https://buddy.farm/i/board/,https://buddy.farm/page-data/i/board/page-data.json,candidate,Candidate from cached Buddy page-data; review before canonical promotion.,,buddy-item-multi-source-v1
Wolf,wolf,Bone,bone,1,https://buddy.farm/i/bone/,https://buddy.farm/page-data/i/bone/page-data.json,candidate,Candidate from cached Buddy page-data; review before canonical promotion.,,buddy-item-multi-source-v1
Dog,dog,Bone,bone,1,https://buddy.farm/i/bone/,https://buddy.farm/page-data/i/bone/page-data.json,candidate,Candidate from cached Buddy page-data; review before canonical promotion.,,buddy-item-multi-source-v1
Skunk,skunk,Bone Broth,bone broth,6,https://buddy.farm/i/bone-broth/,https://buddy.farm/page-data/i/bone-broth/page-data.json,candidate,Candidate from cached Buddy page-data; review before canonical promotion.,,buddy-item-multi-source-v1
Baboon,baboon,Bone Fish,bone fish,3,https://buddy.farm/i/bone-fish/,https://buddy.farm/page-data/i/bone-fish/page-data.json,candidate,Candidate from cached Buddy page-data; review before canonical promotion.,,buddy-item-multi-source-v1
Capybara,capybara,Broccoli,broccoli,1,https://buddy.farm/i/broccoli/,https://buddy.farm/page-data/i/broccoli/page-data.json,candidate,Candidate from cached Buddy page-data; review before canonical promotion.,,buddy-item-multi-source-v1
Strange Onion,strange onion,Broccoli,broccoli,6,https://buddy.farm/i/broccoli/,https://buddy.farm/page-data/i/broccoli/page-data.json,candidate,Candidate from cached Buddy page-data; review before canonical promotion.,,buddy-item-multi-source-v1
Hedgehog,hedgehog,Broccoli,broccoli,3,https://buddy.farm/i/broccoli/,https://buddy.farm/page-data/i/broccoli/page-data.json,candidate,Candidate from cached Buddy page-data; review before canonical promotion.,,buddy-item-multi-source-v1
Snake,snake,Bucket,bucket,3,https://buddy.farm/i/bucket/,https://buddy.farm/page-data/i/bucket/page-data.json,candidate,Candidate from cached Buddy page-data; review before canonical promotion.,,buddy-item-multi-source-v1
Skunk,skunk,Butter,butter,6,https://buddy.farm/i/butter/,https://buddy.farm/page-data/i/butter/page-data.json,candidate,Candidate from cached Buddy page-data; review before canonical promotion.,,buddy-item-multi-source-v1
Capybara,capybara,Cabbage,cabbage,1,https://buddy.farm/i/cabbage/,https://buddy.farm/page-data/i/cabbage/page-data.json,candidate,Candidate from cached Buddy page-data; review before canonical promotion.,,buddy-item-multi-source-v1
Hedgehog,hedgehog,Cabbage,cabbage,1,https://buddy.farm/i/cabbage/,https://buddy.farm/page-data/i/cabbage/page-data.json,candidate,Candidate from cached Buddy page-data; review before canonical promotion.,,buddy-item-multi-source-v1
Frog,frog,Cabbage,cabbage,1,https://buddy.farm/i/cabbage/,https://buddy.farm/page-data/i/cabbage/page-data.json,candidate,Candidate from cached Buddy page-data; review before canonical promotion.,,buddy-item-multi-source-v1
Strange Onion,strange onion,Cabbage,cabbage,3,https://buddy.farm/i/cabbage/,https://buddy.farm/page-data/i/cabbage/page-data.json,candidate,Candidate from cached Buddy page-data; review before canonical promotion.,,buddy-item-multi-source-v1
Fox,fox,Canoe,canoe,3,https://buddy.farm/i/canoe/,https://buddy.farm/page-data/i/canoe/page-data.json,candidate,Candidate from cached Buddy page-data; review before canonical promotion.,,buddy-item-multi-source-v1
Pet Rock,pet rock,Carbon Sphere,carbon sphere,6,https://buddy.farm/i/carbon-sphere/,https://buddy.farm/page-data/i/carbon-sphere/page-data.json,candidate,Candidate from cached Buddy page-data; review before canonical promotion.,,buddy-item-multi-source-v1
Swine,swine,Carbon Sphere,carbon sphere,1,https://buddy.farm/i/carbon-sphere/,https://buddy.farm/page-data/i/carbon-sphere/page-data.json,candidate,Candidate from cached Buddy page-data; review before canonical promotion.,,buddy-item-multi-source-v1
Cat,cat,Carp,carp,1,https://buddy.farm/i/carp/,https://buddy.farm/page-data/i/carp/page-data.json,candidate,Candidate from cached Buddy page-data; review before canonical promotion.,,buddy-item-multi-source-v1
"Lemur
",lemur,Caterpillar,caterpillar,1,https://buddy.farm/i/caterpillar/,https://buddy.farm/page-data/i/caterpillar/page-data.json,candidate,Candidate from cached Buddy page-data; review before canonical promotion.,,buddy-item-multi-source-v1
Hedgehog,hedgehog,Cheese,cheese,1,https://buddy.farm/i/cheese/,https://buddy.farm/page-data/i/cheese/page-data.json,candidate,Candidate from cached Buddy page-data; review before canonical promotion.,,buddy-item-multi-source-v1
Bird,bird,Clownfish,clownfish,1,https://buddy.farm/i/clownfish/,https://buddy.farm/page-data/i/clownfish/page-data.json,candidate,Candidate from cached Buddy page-data; review before canonical promotion.,,buddy-item-multi-source-v1
Swine,swine,Coal,coal,1,https://buddy.farm/i/coal/,https://buddy.farm/page-data/i/coal/page-data.json,candidate,Candidate from cached Buddy page-data; review before canonical promotion.,,buddy-item-multi-source-v1
Dog,dog,Cogwheel,cogwheel,6,https://buddy.farm/i/cogwheel/,https://buddy.farm/page-data/i/cogwheel/page-data.json,candidate,Candidate from cached Buddy page-data; review before canonical promotion.,,buddy-item-multi-source-v1
Squirrel,squirrel,Coin Purse,coin purse,3,https://buddy.farm/i/coin-purse/,https://buddy.farm/page-data/i/coin-purse/page-data.json,candidate,Candidate from cached Buddy page-data; review before canonical promotion.,,buddy-item-multi-source-v1
Polar Bear,polar bear,Cooked Fish,cooked fish,6,https://buddy.farm/i/cooked-fish/,https://buddy.farm/page-data/i/cooked-fish/page-data.json,candidate,Candidate from cached Buddy page-data; review before canonical promotion.,,buddy-item-multi-source-v1
Skunk,skunk,Cooking Pot,cooking pot,1,https://buddy.farm/i/cooking-pot/,https://buddy.farm/page-data/i/cooking-pot/page-data.json,candidate,Candidate from cached Buddy page-data; review before canonical promotion.,,buddy-item-multi-source-v1
Strange Onion,strange onion,Corn,corn,3,https://buddy.farm/i/corn/,https://buddy.farm/page-data/i/corn/page-data.json,candidate,Candidate from cached Buddy page-data; review before canonical promotion.,,buddy-item-multi-source-v1
Baboon,baboon,Corn,corn,1,https://buddy.farm/i/corn/,https://buddy.farm/page-data/i/corn/page-data.json,candidate,Candidate from cached Buddy page-data; review before canonical promotion.,,buddy-item-multi-source-v1
Skunk,skunk,Corn Oil,corn oil,6,https://buddy.farm/i/corn-oil/,https://buddy.farm/page-data/i/corn-oil/page-data.json,candidate,Candidate from cached Buddy page-data; review before canonical promotion.,,buddy-item-multi-source-v1
Fox,fox,Cotton,cotton,1,https://buddy.farm/i/cotton/,https://buddy.farm/page-data/i/cotton/page-data.json,candidate,Candidate from cached Buddy page-data; review before canonical promotion.,,buddy-item-multi-source-v1
Baboon,baboon,Cotton,cotton,3,https://buddy.farm/i/cotton/,https://buddy.farm/page-data/i/cotton/page-data.json,candidate,Candidate from cached Buddy page-data; review before canonical promotion.,,buddy-item-multi-source-v1
Bird,bird,Crab Claw,crab claw,6,https://buddy.farm/i/crab-claw/,https://buddy.farm/page-data/i/crab-claw/page-data.json,candidate,Candidate from cached Buddy page-data; review before canonical promotion.,,buddy-item-multi-source-v1
Cat,cat,Crappie,crappie,1,https://buddy.farm/i/crappie/,https://buddy.farm/page-data/i/crappie/page-data.json,candidate,Candidate from cached Buddy page-data; review before canonical promotion.,,buddy-item-multi-source-v1
Bear,bear,Crappie,crappie,1,https://buddy.farm/i/crappie/,https://buddy.farm/page-data/i/crappie/page-data.json,candidate,Candidate from cached Buddy page-data; review before canonical promotion.,,buddy-item-multi-source-v1
Frog,frog,Cucumber,cucumber,1,https://buddy.farm/i/cucumber/,https://buddy.farm/page-data/i/cucumber/page-data.json,candidate,Candidate from cached Buddy page-data; review before canonical promotion.,,buddy-item-multi-source-v1
"Lemur
",lemur,Cyclops Spider,cyclops spider,6,https://buddy.farm/i/cyclops-spider/,https://buddy.farm/page-data/i/cyclops-spider/page-data.json,candidate,Candidate from cached Buddy page-data; review before canonical promotion.,,buddy-item-multi-source-v1
Fox,fox,Diamond,diamond,6,https://buddy.farm/i/diamond/,https://buddy.farm/page-data/i/diamond/page-data.json,candidate,Candidate from cached Buddy page-data; review before canonical promotion.,,buddy-item-multi-source-v1
Pet Rock,pet rock,Diamond,diamond,6,https://buddy.farm/i/diamond/,https://buddy.farm/page-data/i/diamond/page-data.json,candidate,Candidate from cached Buddy page-data; review before canonical promotion.,,buddy-item-multi-source-v1
Squirrel,squirrel,Dice,dice,6,https://buddy.farm/i/dice/,https://buddy.farm/page-data/i/dice/page-data.json,candidate,Candidate from cached Buddy page-data; review before canonical promotion.,,buddy-item-multi-source-v1
"Lemur
",lemur,Dragonfly,dragonfly,6,https://buddy.farm/i/dragonfly/,https://buddy.farm/page-data/i/dragonfly/page-data.json,candidate,Candidate from cached Buddy page-data; review before canonical promotion.,,buddy-item-multi-source-v1
Cat,cat,Drum,drum,1,https://buddy.farm/i/drum/,https://buddy.farm/page-data/i/drum/page-data.json,candidate,Candidate from cached Buddy page-data; review before canonical promotion.,,buddy-item-multi-source-v1
Spider,spider,Eggplant,eggplant,1,https://buddy.farm/i/eggplant/,https://buddy.farm/page-data/i/eggplant/page-data.json,candidate,Candidate from cached Buddy page-data; review before canonical promotion.,,buddy-item-multi-source-v1
Owl,owl,Eggs,eggs,3,https://buddy.farm/i/eggs/,https://buddy.farm/page-data/i/eggs/page-data.json,candidate,Candidate from cached Buddy page-data; review before canonical promotion.,,buddy-item-multi-source-v1
Spider,spider,Emberstone,emberstone,1,https://buddy.farm/i/emberstone/,https://buddy.farm/page-data/i/emberstone/page-data.json,candidate,Candidate from cached Buddy page-data; review before canonical promotion.,,buddy-item-multi-source-v1
Spider,spider,Emerald Ring,emerald ring,3,https://buddy.farm/i/emerald-ring/,https://buddy.farm/page-data/i/emerald-ring/page-data.json,candidate,Candidate from cached Buddy page-data; review before canonical promotion.,,buddy-item-multi-source-v1
Hedgehog,hedgehog,Explosive,explosive,1,https://buddy.farm/i/explosive/,https://buddy.farm/page-data/i/explosive/page-data.json,candidate,Candidate from cached Buddy page-data; review before canonical promotion.,,buddy-item-multi-source-v1
Bird,bird,Eye Patch,eye patch,1,https://buddy.farm/i/eye-patch/,https://buddy.farm/page-data/i/eye-patch/page-data.json,candidate,Candidate from cached Buddy page-data; review before canonical promotion.,,buddy-item-multi-source-v1
Wolf,wolf,Fall Leaves,fall leaves,3,https://buddy.farm/i/fall-leaves/,https://buddy.farm/page-data/i/fall-leaves/page-data.json,candidate,Candidate from cached Buddy page-data; review before canonical promotion.,,buddy-item-multi-source-v1
Armadillo,armadillo,Feathers,feathers,1,https://buddy.farm/i/feathers/,https://buddy.farm/page-data/i/feathers/page-data.json,candidate,Candidate from cached Buddy page-data; review before canonical promotion.,,buddy-item-multi-source-v1
Wolf,wolf,Feathers,feathers,1,https://buddy.farm/i/feathers/,https://buddy.farm/page-data/i/feathers/page-data.json,candidate,Candidate from cached Buddy page-data; review before canonical promotion.,,buddy-item-multi-source-v1
Cat,cat,Feathers,feathers,1,https://buddy.farm/i/feathers/,https://buddy.farm/page-data/i/feathers/page-data.json,candidate,Candidate from cached Buddy page-data; review before canonical promotion.,,buddy-item-multi-source-v1
Squirrel,squirrel,Fern Leaf,fern leaf,1,https://buddy.farm/i/fern-leaf/,https://buddy.farm/page-data/i/fern-leaf/page-data.json,candidate,Candidate from cached Buddy page-data; review before canonical promotion.,,buddy-item-multi-source-v1
"Lemur
",lemur,Fire Ant,fire ant,1,https://buddy.farm/i/fire-ant/,https://buddy.farm/page-data/i/fire-ant/page-data.json,candidate,Candidate from cached Buddy page-data; review before canonical promotion.,,buddy-item-multi-source-v1
Dog,dog,Fish Bones,fish bones,1,https://buddy.farm/i/fish-bones/,https://buddy.farm/page-data/i/fish-bones/page-data.json,candidate,Candidate from cached Buddy page-data; review before canonical promotion.,,buddy-item-multi-source-v1
Bird,bird,Fishing Net,fishing net,1,https://buddy.farm/i/fishing-net/,https://buddy.farm/page-data/i/fishing-net/page-data.json,candidate,Candidate from cached Buddy page-data; review before canonical promotion.,,buddy-item-multi-source-v1
Skunk,skunk,Flour,flour,3,https://buddy.farm/i/flour/,https://buddy.farm/page-data/i/flour/page-data.json,candidate,Candidate from cached Buddy page-data; review before canonical promotion.,,buddy-item-multi-source-v1
Penguin,penguin,Fluorifish,fluorifish,3,https://buddy.farm/i/fluorifish/,https://buddy.farm/page-data/i/fluorifish/page-data.json,candidate,Candidate from cached Buddy page-data; review before canonical promotion.,,buddy-item-multi-source-v1
Seal,seal,Frost Snapper Shell,frost snapper shell,6,https://buddy.farm/i/frost-snapper-shell/,https://buddy.farm/page-data/i/frost-snapper-shell/page-data.json,candidate,Candidate from cached Buddy page-data; review before canonical promotion.,,buddy-item-multi-source-v1
Polar Bear,polar bear,Frozen Bones,frozen bones,1,https://buddy.farm/i/frozen-bones/,https://buddy.farm/page-data/i/frozen-bones/page-data.json,candidate,Candidate from cached Buddy page-data; review before canonical promotion.,,buddy-item-multi-source-v1
Polar Bear,polar bear,Frozen Boot,frozen boot,3,https://buddy.farm/i/frozen-boot/,https://buddy.farm/page-data/i/frozen-boot/page-data.json,candidate,Candidate from cached Buddy page-data; review before canonical promotion.,,buddy-item-multi-source-v1
Polar Bear,polar bear,Frozen Catfish,frozen catfish,1,https://buddy.farm/i/frozen-catfish/,https://buddy.farm/page-data/i/frozen-catfish/page-data.json,candidate,Candidate from cached Buddy page-data; review before canonical promotion.,,buddy-item-multi-source-v1
Polar Bear,polar bear,Frozen Corn,frozen corn,6,https://buddy.farm/i/frozen-corn/,https://buddy.farm/page-data/i/frozen-corn/page-data.json,candidate,Candidate from cached Buddy page-data; review before canonical promotion.,,buddy-item-multi-source-v1
Polar Bear,polar bear,Frozen Crab Claw,frozen crab claw,6,https://buddy.farm/i/frozen-crab-claw/,https://buddy.farm/page-data/i/frozen-crab-claw/page-data.json,candidate,Candidate from cached Buddy page-data; review before canonical promotion.,,buddy-item-multi-source-v1
Polar Bear,polar bear,Frozen Peas,frozen peas,1,https://buddy.farm/i/frozen-peas/,https://buddy.farm/page-data/i/frozen-peas/page-data.json,candidate,Candidate from cached Buddy page-data; review before canonical promotion.,,buddy-item-multi-source-v1
Polar Bear,polar bear,Frozen Pine,frozen pine,6,https://buddy.farm/i/frozen-pine/,https://buddy.farm/page-data/i/frozen-pine/page-data.json,candidate,Candidate from cached Buddy page-data; review before canonical promotion.,,buddy-item-multi-source-v1
Polar Bear,polar bear,Frozen Radish,frozen radish,1,https://buddy.farm/i/frozen-radish/,https://buddy.farm/page-data/i/frozen-radish/page-data.json,candidate,Candidate from cached Buddy page-data; review before canonical promotion.,,buddy-item-multi-source-v1
Polar Bear,polar bear,Frozen Sheepshead,frozen sheepshead,3,https://buddy.farm/i/frozen-sheepshead/,https://buddy.farm/page-data/i/frozen-sheepshead/page-data.json,candidate,Candidate from cached Buddy page-data; review before canonical promotion.,,buddy-item-multi-source-v1
Polar Bear,polar bear,Frozen Squid,frozen squid,3,https://buddy.farm/i/frozen-squid/,https://buddy.farm/page-data/i/frozen-squid/page-data.json,candidate,Candidate from cached Buddy page-data; review before canonical promotion.,,buddy-item-multi-source-v1
Polar Bear,polar bear,Frozen Tomato,frozen tomato,3,https://buddy.farm/i/frozen-tomato/,https://buddy.farm/page-data/i/frozen-tomato/page-data.json,candidate,Candidate from cached Buddy page-data; review before canonical promotion.,,buddy-item-multi-source-v1
Shark,shark,Ghost Jelly,ghost jelly,6,https://buddy.farm/i/ghost-jelly/,https://buddy.farm/page-data/i/ghost-jelly/page-data.json,candidate,Candidate from cached Buddy page-data; review before canonical promotion.,,buddy-item-multi-source-v1
Spider,spider,Giant Centipede,giant centipede,1,https://buddy.farm/i/giant-centipede/,https://buddy.farm/page-data/i/giant-centipede/page-data.json,candidate,Candidate from cached Buddy page-data; review before canonical promotion.,,buddy-item-multi-source-v1
"Lemur
",lemur,Giant Centipede,giant centipede,1,https://buddy.farm/i/giant-centipede/,https://buddy.farm/page-data/i/giant-centipede/page-data.json,candidate,Candidate from cached Buddy page-data; review before canonical promotion.,,buddy-item-multi-source-v1
Penguin,penguin,Giant Squid,giant squid,3,https://buddy.farm/i/giant-squid/,https://buddy.farm/page-data/i/giant-squid/page-data.json,candidate,Candidate from cached Buddy page-data; review before canonical promotion.,,buddy-item-multi-source-v1
Seal,seal,Glacierstone,glacierstone,6,https://buddy.farm/i/glacierstone/,https://buddy.farm/page-data/i/glacierstone/page-data.json,candidate,Candidate from cached Buddy page-data; review before canonical promotion.,,buddy-item-multi-source-v1
Baboon,baboon,Glass Bottle,glass bottle,1,https://buddy.farm/i/glass-bottle/,https://buddy.farm/page-data/i/glass-bottle/page-data.json,candidate,Candidate from cached Buddy page-data; review before canonical promotion.,,buddy-item-multi-source-v1
Pet Rock,pet rock,Glass Orb,glass orb,6,https://buddy.farm/i/glass-orb/,https://buddy.farm/page-data/i/glass-orb/page-data.json,candidate,Candidate from cached Buddy page-data; review before canonical promotion.,,buddy-item-multi-source-v1
Snake,snake,Glass Orb,glass orb,1,https://buddy.farm/i/glass-orb/,https://buddy.farm/page-data/i/glass-orb/page-data.json,candidate,Candidate from cached Buddy page-data; review before canonical promotion.,,buddy-item-multi-source-v1
Cat,cat,Globber,globber,6,https://buddy.farm/i/globber/,https://buddy.farm/page-data/i/globber/page-data.json,candidate,Candidate from cached Buddy page-data; review before canonical promotion.,,buddy-item-multi-source-v1
Snake,snake,Gold Carrot,gold carrot,6,https://buddy.farm/i/gold-carrot/,https://buddy.farm/page-data/i/gold-carrot/page-data.json,candidate,Candidate from cached Buddy page-data; review before canonical promotion.,,buddy-item-multi-source-v1
Squirrel,squirrel,Gold Crab,gold crab,6,https://buddy.farm/i/gold-crab/,https://buddy.farm/page-data/i/gold-crab/page-data.json,candidate,Candidate from cached Buddy page-data; review before canonical promotion.,,buddy-item-multi-source-v1
Owl,owl,Gold Cucumber,gold cucumber,6,https://buddy.farm/i/gold-cucumber/,https://buddy.farm/page-data/i/gold-cucumber/page-data.json,candidate,Candidate from cached Buddy page-data; review before canonical promotion.,,buddy-item-multi-source-v1
Hedgehog,hedgehog,Gold Cucumber,gold cucumber,3,https://buddy.farm/i/gold-cucumber/,https://buddy.farm/page-data/i/gold-cucumber/page-data.json,candidate,Candidate from cached Buddy page-data; review before canonical promotion.,,buddy-item-multi-source-v1
Baboon,baboon,Gold Eggplant,gold eggplant,3,https://buddy.farm/i/gold-eggplant/,https://buddy.farm/page-data/i/gold-eggplant/page-data.json,candidate,Candidate from cached Buddy page-data; review before canonical promotion.,,buddy-item-multi-source-v1
Cat,cat,Gold Feather,gold feather,6,https://buddy.farm/i/gold-feather/,https://buddy.farm/page-data/i/gold-feather/page-data.json,candidate,Candidate from cached Buddy page-data; review before canonical promotion.,,buddy-item-multi-source-v1
Frog,frog,Gold Feather,gold feather,6,https://buddy.farm/i/gold-feather/,https://buddy.farm/page-data/i/gold-feather/page-data.json,candidate,Candidate from cached Buddy page-data; review before canonical promotion.,,buddy-item-multi-source-v1
Wolf,wolf,Gold Leaf,gold leaf,6,https://buddy.farm/i/gold-leaf/,https://buddy.farm/page-data/i/gold-leaf/page-data.json,candidate,Candidate from cached Buddy page-data; review before canonical promotion.,,buddy-item-multi-source-v1
Frog,frog,Gold Leaf,gold leaf,6,https://buddy.farm/i/gold-leaf/,https://buddy.farm/page-data/i/gold-leaf/page-data.json,candidate,Candidate from cached Buddy page-data; review before canonical promotion.,,buddy-item-multi-source-v1
Capybara,capybara,Gold Peas,gold peas,1,https://buddy.farm/i/gold-peas/,https://buddy.farm/page-data/i/gold-peas/page-data.json,candidate,Candidate from cached Buddy page-data; review before canonical promotion.,,buddy-item-multi-source-v1
Hedgehog,hedgehog,Gold Peas,gold peas,6,https://buddy.farm/i/gold-peas/,https://buddy.farm/page-data/i/gold-peas/page-data.json,candidate,Candidate from cached Buddy page-data; review before canonical promotion.,,buddy-item-multi-source-v1
Baboon,baboon,Gold Peppers,gold peppers,6,https://buddy.farm/i/gold-peppers/,https://buddy.farm/page-data/i/gold-peppers/page-data.json,candidate,Candidate from cached Buddy page-data; review before canonical promotion.,,buddy-item-multi-source-v1
Seal,seal,Gold Sea Crest,gold sea crest,6,https://buddy.farm/i/gold-sea-crest/,https://buddy.farm/page-data/i/gold-sea-crest/page-data.json,candidate,Candidate from cached Buddy page-data; review before canonical promotion.,,buddy-item-multi-source-v1
Owl,owl,Goldfish,goldfish,6,https://buddy.farm/i/goldfish/,https://buddy.farm/page-data/i/goldfish/page-data.json,candidate,Candidate from cached Buddy page-data; review before canonical promotion.,,buddy-item-multi-source-v1
Bear,bear,Grab Bag 04,grab bag 04,3,https://buddy.farm/i/grab-bag-04/,https://buddy.farm/page-data/i/grab-bag-04/page-data.json,candidate,Candidate from cached Buddy page-data; review before canonical promotion.,,buddy-item-multi-source-v1
Capybara,capybara,Grab Bag 04,grab bag 04,6,https://buddy.farm/i/grab-bag-04/,https://buddy.farm/page-data/i/grab-bag-04/page-data.json,candidate,Candidate from cached Buddy page-data; review before canonical promotion.,,buddy-item-multi-source-v1
Capybara,capybara,Grab Bag 05,grab bag 05,6,https://buddy.farm/i/grab-bag-05/,https://buddy.farm/page-data/i/grab-bag-05/page-data.json,candidate,Candidate from cached Buddy page-data; review before canonical promotion.,,buddy-item-multi-source-v1
Bear,bear,Grab Bag 05,grab bag 05,6,https://buddy.farm/i/grab-bag-05/,https://buddy.farm/page-data/i/grab-bag-05/page-data.json,candidate,Candidate from cached Buddy page-data; review before canonical promotion.,,buddy-item-multi-source-v1
Capybara,capybara,Grab Bag 07,grab bag 07,6,https://buddy.farm/i/grab-bag-07/,https://buddy.farm/page-data/i/grab-bag-07/page-data.json,candidate,Candidate from cached Buddy page-data; review before canonical promotion.,,buddy-item-multi-source-v1
Baboon,baboon,Grape Juice,grape juice,6,https://buddy.farm/i/grape-juice/,https://buddy.farm/page-data/i/grape-juice/page-data.json,candidate,Candidate from cached Buddy page-data; review before canonical promotion.,,buddy-item-multi-source-v1
Owl,owl,Grapes,grapes,3,https://buddy.farm/i/grapes/,https://buddy.farm/page-data/i/grapes/page-data.json,candidate,Candidate from cached Buddy page-data; review before canonical promotion.,,buddy-item-multi-source-v1
"Lemur
",lemur,Grasshopper,grasshopper,6,https://buddy.farm/i/grasshopper/,https://buddy.farm/page-data/i/grasshopper/page-data.json,candidate,Candidate from cached Buddy page-data; review before canonical promotion.,,buddy-item-multi-source-v1
Frog,frog,Green Chromis,green chromis,3,https://buddy.farm/i/green-chromis/,https://buddy.farm/page-data/i/green-chromis/page-data.json,candidate,Candidate from cached Buddy page-data; review before canonical promotion.,,buddy-item-multi-source-v1
Fox,fox,Green Cloak,green cloak,1,https://buddy.farm/i/green-cloak/,https://buddy.farm/page-data/i/green-cloak/page-data.json,candidate,Candidate from cached Buddy page-data; review before canonical promotion.,,buddy-item-multi-source-v1
Red Dragon,red dragon,Green Cloak,green cloak,3,https://buddy.farm/i/green-cloak/,https://buddy.farm/page-data/i/green-cloak/page-data.json,candidate,Candidate from cached Buddy page-data; review before canonical promotion.,,buddy-item-multi-source-v1
Swine,swine,Green Dye,green dye,1,https://buddy.farm/i/green-dye/,https://buddy.farm/page-data/i/green-dye/page-data.json,candidate,Candidate from cached Buddy page-data; review before canonical promotion.,,buddy-item-multi-source-v1
Frog,frog,Green Jellyfish,green jellyfish,3,https://buddy.farm/i/green-jellyfish/,https://buddy.farm/page-data/i/green-jellyfish/page-data.json,candidate,Candidate from cached Buddy page-data; review before canonical promotion.,,buddy-item-multi-source-v1
Wolf,wolf,Green Rubee,green rubee,6,https://buddy.farm/i/green-rubee/,https://buddy.farm/page-data/i/green-rubee/page-data.json,candidate,Candidate from cached Buddy page-data; review before canonical promotion.,,buddy-item-multi-source-v1
Swine,swine,Hammer,hammer,3,https://buddy.farm/i/hammer/,https://buddy.farm/page-data/i/hammer/page-data.json,candidate,Candidate from cached Buddy page-data; review before canonical promotion.,,buddy-item-multi-source-v1
Capybara,capybara,Herbs,herbs,6,https://buddy.farm/i/herbs/,https://buddy.farm/page-data/i/herbs/page-data.json,candidate,Candidate from cached Buddy page-data; review before canonical promotion.,,buddy-item-multi-source-v1
Skunk,skunk,Herbs,herbs,1,https://buddy.farm/i/herbs/,https://buddy.farm/page-data/i/herbs/page-data.json,candidate,Candidate from cached Buddy page-data; review before canonical promotion.,,buddy-item-multi-source-v1
Red Dragon,red dragon,Herbs,herbs,6,https://buddy.farm/i/herbs/,https://buddy.farm/page-data/i/herbs/page-data.json,candidate,Candidate from cached Buddy page-data; review before canonical promotion.,,buddy-item-multi-source-v1
Owl,owl,Hide,hide,1,https://buddy.farm/i/hide/,https://buddy.farm/page-data/i/hide/page-data.json,candidate,Candidate from cached Buddy page-data; review before canonical promotion.,,buddy-item-multi-source-v1
Owl,owl,Honey,honey,3,https://buddy.farm/i/honey/,https://buddy.farm/page-data/i/honey/page-data.json,candidate,Candidate from cached Buddy page-data; review before canonical promotion.,,buddy-item-multi-source-v1
Bear,bear,Honey,honey,1,https://buddy.farm/i/honey/,https://buddy.farm/page-data/i/honey/page-data.json,candidate,Candidate from cached Buddy page-data; review before canonical promotion.,,buddy-item-multi-source-v1
Hummingbird,hummingbird,Honeysuckle,honeysuckle,6,https://buddy.farm/i/honeysuckle/,https://buddy.farm/page-data/i/honeysuckle/page-data.json,candidate,Candidate from cached Buddy page-data; review before canonical promotion.,,buddy-item-multi-source-v1
Strange Onion,strange onion,Hops,hops,1,https://buddy.farm/i/hops/,https://buddy.farm/page-data/i/hops/page-data.json,candidate,Candidate from cached Buddy page-data; review before canonical promotion.,,buddy-item-multi-source-v1
Snake,snake,Hops,hops,1,https://buddy.farm/i/hops/,https://buddy.farm/page-data/i/hops/page-data.json,candidate,Candidate from cached Buddy page-data; review before canonical promotion.,,buddy-item-multi-source-v1
Frog,frog,Hops,hops,1,https://buddy.farm/i/hops/,https://buddy.farm/page-data/i/hops/page-data.json,candidate,Candidate from cached Buddy page-data; review before canonical promotion.,,buddy-item-multi-source-v1
Dog,dog,Horn,horn,3,https://buddy.farm/i/horn/,https://buddy.farm/page-data/i/horn/page-data.json,candidate,Candidate from cached Buddy page-data; review before canonical promotion.,,buddy-item-multi-source-v1
"Lemur
",lemur,Horned Beetle,horned beetle,3,https://buddy.farm/i/horned-beetle/,https://buddy.farm/page-data/i/horned-beetle/page-data.json,candidate,Candidate from cached Buddy page-data; review before canonical promotion.,,buddy-item-multi-source-v1
Snake,snake,Horseshoe,horseshoe,1,https://buddy.farm/i/horseshoe/,https://buddy.farm/page-data/i/horseshoe/page-data.json,candidate,Candidate from cached Buddy page-data; review before canonical promotion.,,buddy-item-multi-source-v1
Seal,seal,Iced Tea,iced tea,3,https://buddy.farm/i/iced-tea/,https://buddy.farm/page-data/i/iced-tea/page-data.json,candidate,Candidate from cached Buddy page-data; review before canonical promotion.,,buddy-item-multi-source-v1
Bear,bear,Inferno Sphere,inferno sphere,6,https://buddy.farm/i/inferno-sphere/,https://buddy.farm/page-data/i/inferno-sphere/page-data.json,candidate,Candidate from cached Buddy page-data; review before canonical promotion.,,buddy-item-multi-source-v1
Snake,snake,Iron,iron,1,https://buddy.farm/i/iron/,https://buddy.farm/page-data/i/iron/page-data.json,candidate,Candidate from cached Buddy page-data; review before canonical promotion.,,buddy-item-multi-source-v1
Armadillo,armadillo,Iron Cup,iron cup,1,https://buddy.farm/i/iron-cup/,https://buddy.farm/page-data/i/iron-cup/page-data.json,candidate,Candidate from cached Buddy page-data; review before canonical promotion.,,buddy-item-multi-source-v1
Armadillo,armadillo,Iron Ring,iron ring,1,https://buddy.farm/i/iron-ring/,https://buddy.farm/page-data/i/iron-ring/page-data.json,candidate,Candidate from cached Buddy page-data; review before canonical promotion.,,buddy-item-multi-source-v1
Pet Rock,pet rock,Jade,jade,3,https://buddy.farm/i/jade/,https://buddy.farm/page-data/i/jade/page-data.json,candidate,Candidate from cached Buddy page-data; review before canonical promotion.,,buddy-item-multi-source-v1
Swine,swine,Jade,jade,6,https://buddy.farm/i/jade/,https://buddy.farm/page-data/i/jade/page-data.json,candidate,Candidate from cached Buddy page-data; review before canonical promotion.,,buddy-item-multi-source-v1
Swine,swine,Ladder,ladder,3,https://buddy.farm/i/ladder/,https://buddy.farm/page-data/i/ladder/page-data.json,candidate,Candidate from cached Buddy page-data; review before canonical promotion.,,buddy-item-multi-source-v1
Red Dragon,red dragon,Lantern,lantern,3,https://buddy.farm/i/lantern/,https://buddy.farm/page-data/i/lantern/page-data.json,candidate,Candidate from cached Buddy page-data; review before canonical promotion.,,buddy-item-multi-source-v1
Bear,bear,Large Chest 01,large chest 01,6,https://buddy.farm/i/large-chest-01/,https://buddy.farm/page-data/i/large-chest-01/page-data.json,candidate,Candidate from cached Buddy page-data; review before canonical promotion.,,buddy-item-multi-source-v1
Bird,bird,Large Chest 02,large chest 02,3,https://buddy.farm/i/large-chest-02/,https://buddy.farm/page-data/i/large-chest-02/page-data.json,candidate,Candidate from cached Buddy page-data; review before canonical promotion.,,buddy-item-multi-source-v1
Shark,shark,Large Clam Shell,large clam shell,6,https://buddy.farm/i/large-clam-shell/,https://buddy.farm/page-data/i/large-clam-shell/page-data.json,candidate,Candidate from cached Buddy page-data; review before canonical promotion.,,buddy-item-multi-source-v1
Dog,dog,Large Clam Shell,large clam shell,6,https://buddy.farm/i/large-clam-shell/,https://buddy.farm/page-data/i/large-clam-shell/page-data.json,candidate,Candidate from cached Buddy page-data; review before canonical promotion.,,buddy-item-multi-source-v1
Bird,bird,Large Net,large net,6,https://buddy.farm/i/large-net/,https://buddy.farm/page-data/i/large-net/page-data.json,candidate,Candidate from cached Buddy page-data; review before canonical promotion.,,buddy-item-multi-source-v1
Shark,shark,Large Net,large net,6,https://buddy.farm/i/large-net/,https://buddy.farm/page-data/i/large-net/page-data.json,candidate,Candidate from cached Buddy page-data; review before canonical promotion.,,buddy-item-multi-source-v1
Blue Dragon,blue dragon,Lava Sphere,lava sphere,6,https://buddy.farm/i/lava-sphere/,https://buddy.farm/page-data/i/lava-sphere/page-data.json,candidate,Candidate from cached Buddy page-data; review before canonical promotion.,,buddy-item-multi-source-v1
Armadillo,armadillo,Leather,leather,3,https://buddy.farm/i/leather/,https://buddy.farm/page-data/i/leather/page-data.json,candidate,Candidate from cached Buddy page-data; review before canonical promotion.,,buddy-item-multi-source-v1
Fox,fox,Leather,leather,1,https://buddy.farm/i/leather/,https://buddy.farm/page-data/i/leather/page-data.json,candidate,Candidate from cached Buddy page-data; review before canonical promotion.,,buddy-item-multi-source-v1
Squirrel,squirrel,Leather,leather,3,https://buddy.farm/i/leather/,https://buddy.farm/page-data/i/leather/page-data.json,candidate,Candidate from cached Buddy page-data; review before canonical promotion.,,buddy-item-multi-source-v1
Strange Onion,strange onion,Leek,leek,3,https://buddy.farm/i/leek/,https://buddy.farm/page-data/i/leek/page-data.json,candidate,Candidate from cached Buddy page-data; review before canonical promotion.,,buddy-item-multi-source-v1
Skunk,skunk,Leek,leek,1,https://buddy.farm/i/leek/,https://buddy.farm/page-data/i/leek/page-data.json,candidate,Candidate from cached Buddy page-data; review before canonical promotion.,,buddy-item-multi-source-v1
Owl,owl,Lemon,lemon,1,https://buddy.farm/i/lemon/,https://buddy.farm/page-data/i/lemon/page-data.json,candidate,Candidate from cached Buddy page-data; review before canonical promotion.,,buddy-item-multi-source-v1
Pet Rock,pet rock,Lemon Quartz,lemon quartz,3,https://buddy.farm/i/lemon-quartz/,https://buddy.farm/page-data/i/lemon-quartz/page-data.json,candidate,Candidate from cached Buddy page-data; review before canonical promotion.,,buddy-item-multi-source-v1
Fox,fox,Lemon Quartz,lemon quartz,1,https://buddy.farm/i/lemon-quartz/,https://buddy.farm/page-data/i/lemon-quartz/page-data.json,candidate,Candidate from cached Buddy page-data; review before canonical promotion.,,buddy-item-multi-source-v1
Capybara,capybara,Lemonade,lemonade,3,https://buddy.farm/i/lemonade/,https://buddy.farm/page-data/i/lemonade/page-data.json,candidate,Candidate from cached Buddy page-data; review before canonical promotion.,,buddy-item-multi-source-v1
Baboon,baboon,Lemonade,lemonade,3,https://buddy.farm/i/lemonade/,https://buddy.farm/page-data/i/lemonade/page-data.json,candidate,Candidate from cached Buddy page-data; review before canonical promotion.,,buddy-item-multi-source-v1
Armadillo,armadillo,Magna Quartz,magna quartz,3,https://buddy.farm/i/magna-quartz/,https://buddy.farm/page-data/i/magna-quartz/page-data.json,candidate,Candidate from cached Buddy page-data; review before canonical promotion.,,buddy-item-multi-source-v1
Shark,shark,Marlin,marlin,6,https://buddy.farm/i/marlin/,https://buddy.farm/page-data/i/marlin/page-data.json,candidate,Candidate from cached Buddy page-data; review before canonical promotion.,,buddy-item-multi-source-v1
Penguin,penguin,Marlin,marlin,1,https://buddy.farm/i/marlin/,https://buddy.farm/page-data/i/marlin/page-data.json,candidate,Candidate from cached Buddy page-data; review before canonical promotion.,,buddy-item-multi-source-v1
Bear,bear,Medium Chest 02,medium chest 02,3,https://buddy.farm/i/medium-chest-02/,https://buddy.farm/page-data/i/medium-chest-02/page-data.json,candidate,Candidate from cached Buddy page-data; review before canonical promotion.,,buddy-item-multi-source-v1
Strange Onion,strange onion,Mega Beet Seeds,mega beet seeds,6,https://buddy.farm/i/mega-beet-seeds/,https://buddy.farm/page-data/i/mega-beet-seeds/page-data.json,candidate,Candidate from cached Buddy page-data; review before canonical promotion.,,buddy-item-multi-source-v1
Strange Onion,strange onion,Mega Sunflower Seeds,mega sunflower seeds,6,https://buddy.farm/i/mega-sunflower-seeds/,https://buddy.farm/page-data/i/mega-sunflower-seeds/page-data.json,candidate,Candidate from cached Buddy page-data; review before canonical promotion.,,buddy-item-multi-source-v1
Seal,seal,Mittens,mittens,3,https://buddy.farm/i/mittens/,https://buddy.farm/page-data/i/mittens/page-data.json,candidate,Candidate from cached Buddy page-data; review before canonical promotion.,,buddy-item-multi-source-v1
Seal,seal,Moonstone,moonstone,1,https://buddy.farm/i/moonstone/,https://buddy.farm/page-data/i/moonstone/page-data.json,candidate,Candidate from cached Buddy page-data; review before canonical promotion.,,buddy-item-multi-source-v1
Swine,swine,Moonstone,moonstone,6,https://buddy.farm/i/moonstone/,https://buddy.farm/page-data/i/moonstone/page-data.json,candidate,Candidate from cached Buddy page-data; review before canonical promotion.,,buddy-item-multi-source-v1
Squirrel,squirrel,Mushroom,mushroom,1,https://buddy.farm/i/mushroom/,https://buddy.farm/page-data/i/mushroom/page-data.json,candidate,Candidate from cached Buddy page-data; review before canonical promotion.,,buddy-item-multi-source-v1
Armadillo,armadillo,Mushroom Paste,mushroom paste,3,https://buddy.farm/i/mushroom-paste/,https://buddy.farm/page-data/i/mushroom-paste/page-data.json,candidate,Candidate from cached Buddy page-data; review before canonical promotion.,,buddy-item-multi-source-v1
Spider,spider,Mystic Ring,mystic ring,3,https://buddy.farm/i/mystic-ring/,https://buddy.farm/page-data/i/mystic-ring/page-data.json,candidate,Candidate from cached Buddy page-data; review before canonical promotion.,,buddy-item-multi-source-v1
Hummingbird,hummingbird,Oak,oak,6,https://buddy.farm/i/oak/,https://buddy.farm/page-data/i/oak/page-data.json,candidate,Candidate from cached Buddy page-data; review before canonical promotion.,,buddy-item-multi-source-v1
Penguin,penguin,Octopus,octopus,1,https://buddy.farm/i/octopus/,https://buddy.farm/page-data/i/octopus/page-data.json,candidate,Candidate from cached Buddy page-data; review before canonical promotion.,,buddy-item-multi-source-v1
Strange Onion,strange onion,Onion,onion,1,https://buddy.farm/i/onion/,https://buddy.farm/page-data/i/onion/page-data.json,candidate,Candidate from cached Buddy page-data; review before canonical promotion.,,buddy-item-multi-source-v1
Skunk,skunk,Onion,onion,1,https://buddy.farm/i/onion/,https://buddy.farm/page-data/i/onion/page-data.json,candidate,Candidate from cached Buddy page-data; review before canonical promotion.,,buddy-item-multi-source-v1
Owl,owl,Orange,orange,1,https://buddy.farm/i/orange/,https://buddy.farm/page-data/i/orange/page-data.json,candidate,Candidate from cached Buddy page-data; review before canonical promotion.,,buddy-item-multi-source-v1
Hummingbird,hummingbird,Orange Flowers,orange flowers,1,https://buddy.farm/i/orange-flowers/,https://buddy.farm/page-data/i/orange-flowers/page-data.json,candidate,Candidate from cached Buddy page-data; review before canonical promotion.,,buddy-item-multi-source-v1
Capybara,capybara,Orange Juice,orange juice,3,https://buddy.farm/i/orange-juice/,https://buddy.farm/page-data/i/orange-juice/page-data.json,candidate,Candidate from cached Buddy page-data; review before canonical promotion.,,buddy-item-multi-source-v1
Hedgehog,hedgehog,Orange Juice,orange juice,3,https://buddy.farm/i/orange-juice/,https://buddy.farm/page-data/i/orange-juice/page-data.json,candidate,Candidate from cached Buddy page-data; review before canonical promotion.,,buddy-item-multi-source-v1
Fox,fox,Peach,peach,3,https://buddy.farm/i/peach/,https://buddy.farm/page-data/i/peach/page-data.json,candidate,Candidate from cached Buddy page-data; review before canonical promotion.,,buddy-item-multi-source-v1
Skunk,skunk,Peach,peach,6,https://buddy.farm/i/peach/,https://buddy.farm/page-data/i/peach/page-data.json,candidate,Candidate from cached Buddy page-data; review before canonical promotion.,,buddy-item-multi-source-v1
Cat,cat,Pearl,pearl,6,https://buddy.farm/i/pearl/,https://buddy.farm/page-data/i/pearl/page-data.json,candidate,Candidate from cached Buddy page-data; review before canonical promotion.,,buddy-item-multi-source-v1
Frog,frog,Peas,peas,1,https://buddy.farm/i/peas/,https://buddy.farm/page-data/i/peas/page-data.json,candidate,Candidate from cached Buddy page-data; review before canonical promotion.,,buddy-item-multi-source-v1
Skunk,skunk,Pie Pan,pie pan,3,https://buddy.farm/i/pie-pan/,https://buddy.farm/page-data/i/pie-pan/page-data.json,candidate,Candidate from cached Buddy page-data; review before canonical promotion.,,buddy-item-multi-source-v1
Fox,fox,Pine Tree,pine tree,3,https://buddy.farm/i/pine-tree/,https://buddy.farm/page-data/i/pine-tree/page-data.json,candidate,Candidate from cached Buddy page-data; review before canonical promotion.,,buddy-item-multi-source-v1
Bird,bird,Pirate Bandana,pirate bandana,3,https://buddy.farm/i/pirate-bandana/,https://buddy.farm/page-data/i/pirate-bandana/page-data.json,candidate,Candidate from cached Buddy page-data; review before canonical promotion.,,buddy-item-multi-source-v1
Bird,bird,Pirate Flag,pirate flag,3,https://buddy.farm/i/pirate-flag/,https://buddy.farm/page-data/i/pirate-flag/page-data.json,candidate,Candidate from cached Buddy page-data; review before canonical promotion.,,buddy-item-multi-source-v1
Bird,bird,Plumbfish,plumbfish,1,https://buddy.farm/i/plumbfish/,https://buddy.farm/page-data/i/plumbfish/page-data.json,candidate,Candidate from cached Buddy page-data; review before canonical promotion.,,buddy-item-multi-source-v1
Strange Onion,strange onion,Potato,potato,1,https://buddy.farm/i/potato/,https://buddy.farm/page-data/i/potato/page-data.json,candidate,Candidate from cached Buddy page-data; review before canonical promotion.,,buddy-item-multi-source-v1
Hummingbird,hummingbird,Potted Flower,potted flower,6,https://buddy.farm/i/potted-flower/,https://buddy.farm/page-data/i/potted-flower/page-data.json,candidate,Candidate from cached Buddy page-data; review before canonical promotion.,,buddy-item-multi-source-v1
Owl,owl,Prism Shard,prism shard,6,https://buddy.farm/i/prism-shard/,https://buddy.farm/page-data/i/prism-shard/page-data.json,candidate,Candidate from cached Buddy page-data; review before canonical promotion.,,buddy-item-multi-source-v1
Shark,shark,Puffer,puffer,3,https://buddy.farm/i/puffer/,https://buddy.farm/page-data/i/puffer/page-data.json,candidate,Candidate from cached Buddy page-data; review before canonical promotion.,,buddy-item-multi-source-v1
Frog,frog,Puffer,puffer,3,https://buddy.farm/i/puffer/,https://buddy.farm/page-data/i/puffer/page-data.json,candidate,Candidate from cached Buddy page-data; review before canonical promotion.,,buddy-item-multi-source-v1
Strange Onion,strange onion,Pumpkin,pumpkin,6,https://buddy.farm/i/pumpkin/,https://buddy.farm/page-data/i/pumpkin/page-data.json,candidate,Candidate from cached Buddy page-data; review before canonical promotion.,,buddy-item-multi-source-v1
Wolf,wolf,Pumpkin,pumpkin,1,https://buddy.farm/i/pumpkin/,https://buddy.farm/page-data/i/pumpkin/page-data.json,candidate,Candidate from cached Buddy page-data; review before canonical promotion.,,buddy-item-multi-source-v1
Shark,shark,Purple Butterfly Fish,purple butterfly fish,3,https://buddy.farm/i/purple-butterfly-fish/,https://buddy.farm/page-data/i/purple-butterfly-fish/page-data.json,candidate,Candidate from cached Buddy page-data; review before canonical promotion.,,buddy-item-multi-source-v1
Hummingbird,hummingbird,Purple Flower,purple flower,1,https://buddy.farm/i/purple-flower/,https://buddy.farm/page-data/i/purple-flower/page-data.json,candidate,Candidate from cached Buddy page-data; review before canonical promotion.,,buddy-item-multi-source-v1
Squirrel,squirrel,Purple Flower,purple flower,1,https://buddy.farm/i/purple-flower/,https://buddy.farm/page-data/i/purple-flower/page-data.json,candidate,Candidate from cached Buddy page-data; review before canonical promotion.,,buddy-item-multi-source-v1
Wolf,wolf,Raw Meat,raw meat,6,https://buddy.farm/i/raw-meat/,https://buddy.farm/page-data/i/raw-meat/page-data.json,candidate,Candidate from cached Buddy page-data; review before canonical promotion.,,buddy-item-multi-source-v1
Hummingbird,hummingbird,Red Flowers,red flowers,6,https://buddy.farm/i/red-flowers/,https://buddy.farm/page-data/i/red-flowers/page-data.json,candidate,Candidate from cached Buddy page-data; review before canonical promotion.,,buddy-item-multi-source-v1
Shark,shark,Red Starfish,red starfish,1,https://buddy.farm/i/red-starfish/,https://buddy.farm/page-data/i/red-starfish/page-data.json,candidate,Candidate from cached Buddy page-data; review before canonical promotion.,,buddy-item-multi-source-v1
Baboon,baboon,Redgill,redgill,6,https://buddy.farm/i/redgill/,https://buddy.farm/page-data/i/redgill/page-data.json,candidate,Candidate from cached Buddy page-data; review before canonical promotion.,,buddy-item-multi-source-v1
Seal,seal,Rice,rice,3,https://buddy.farm/i/rice/,https://buddy.farm/page-data/i/rice/page-data.json,candidate,Candidate from cached Buddy page-data; review before canonical promotion.,,buddy-item-multi-source-v1
Dog,dog,Rope,rope,3,https://buddy.farm/i/rope/,https://buddy.farm/page-data/i/rope/page-data.json,candidate,Candidate from cached Buddy page-data; review before canonical promotion.,,buddy-item-multi-source-v1
Shark,shark,Ruby Coral,ruby coral,3,https://buddy.farm/i/ruby-coral/,https://buddy.farm/page-data/i/ruby-coral/page-data.json,candidate,Candidate from cached Buddy page-data; review before canonical promotion.,,buddy-item-multi-source-v1
Penguin,penguin,Ruby Coral,ruby coral,6,https://buddy.farm/i/ruby-coral/,https://buddy.farm/page-data/i/ruby-coral/page-data.json,candidate,Candidate from cached Buddy page-data; review before canonical promotion.,,buddy-item-multi-source-v1
Spider,spider,Ruby Ring,ruby ring,3,https://buddy.farm/i/ruby-ring/,https://buddy.farm/page-data/i/ruby-ring/page-data.json,candidate,Candidate from cached Buddy page-data; review before canonical promotion.,,buddy-item-multi-source-v1
"Lemur
",lemur,Ruby Scorpion,ruby scorpion,3,https://buddy.farm/i/ruby-scorpion/,https://buddy.farm/page-data/i/ruby-scorpion/page-data.json,candidate,Candidate from cached Buddy page-data; review before canonical promotion.,,buddy-item-multi-source-v1
Blue Dragon,blue dragon,Runestone 01,runestone 01,1,https://buddy.farm/i/runestone-01/,https://buddy.farm/page-data/i/runestone-01/page-data.json,candidate,Candidate from cached Buddy page-data; review before canonical promotion.,,buddy-item-multi-source-v1
Green Dragon,green dragon,Runestone 01,runestone 01,1,https://buddy.farm/i/runestone-01/,https://buddy.farm/page-data/i/runestone-01/page-data.json,candidate,Candidate from cached Buddy page-data; review before canonical promotion.,,buddy-item-multi-source-v1
Blue Dragon,blue dragon,Runestone 02,runestone 02,1,https://buddy.farm/i/runestone-02/,https://buddy.farm/page-data/i/runestone-02/page-data.json,candidate,Candidate from cached Buddy page-data; review before canonical promotion.,,buddy-item-multi-source-v1
Green Dragon,green dragon,Runestone 02,runestone 02,1,https://buddy.farm/i/runestone-02/,https://buddy.farm/page-data/i/runestone-02/page-data.json,candidate,Candidate from cached Buddy page-data; review before canonical promotion.,,buddy-item-multi-source-v1
Baboon,baboon,Runestone 03,runestone 03,6,https://buddy.farm/i/runestone-03/,https://buddy.farm/page-data/i/runestone-03/page-data.json,candidate,Candidate from cached Buddy page-data; review before canonical promotion.,,buddy-item-multi-source-v1
Green Dragon,green dragon,Runestone 03,runestone 03,1,https://buddy.farm/i/runestone-03/,https://buddy.farm/page-data/i/runestone-03/page-data.json,candidate,Candidate from cached Buddy page-data; review before canonical promotion.,,buddy-item-multi-source-v1
Green Dragon,green dragon,Runestone 04,runestone 04,1,https://buddy.farm/i/runestone-04/,https://buddy.farm/page-data/i/runestone-04/page-data.json,candidate,Candidate from cached Buddy page-data; review before canonical promotion.,,buddy-item-multi-source-v1
Blue Dragon,blue dragon,Runestone 04,runestone 04,1,https://buddy.farm/i/runestone-04/,https://buddy.farm/page-data/i/runestone-04/page-data.json,candidate,Candidate from cached Buddy page-data; review before canonical promotion.,,buddy-item-multi-source-v1
Spider,spider,Runestone 05,runestone 05,6,https://buddy.farm/i/runestone-05/,https://buddy.farm/page-data/i/runestone-05/page-data.json,candidate,Candidate from cached Buddy page-data; review before canonical promotion.,,buddy-item-multi-source-v1
Frog,frog,Runestone 05,runestone 05,6,https://buddy.farm/i/runestone-05/,https://buddy.farm/page-data/i/runestone-05/page-data.json,candidate,Candidate from cached Buddy page-data; review before canonical promotion.,,buddy-item-multi-source-v1
Green Dragon,green dragon,Runestone 05,runestone 05,3,https://buddy.farm/i/runestone-05/,https://buddy.farm/page-data/i/runestone-05/page-data.json,candidate,Candidate from cached Buddy page-data; review before canonical promotion.,,buddy-item-multi-source-v1
Blue Dragon,blue dragon,Runestone 06,runestone 06,1,https://buddy.farm/i/runestone-06/,https://buddy.farm/page-data/i/runestone-06/page-data.json,candidate,Candidate from cached Buddy page-data; review before canonical promotion.,,buddy-item-multi-source-v1
Seal,seal,Runestone 06,runestone 06,1,https://buddy.farm/i/runestone-06/,https://buddy.farm/page-data/i/runestone-06/page-data.json,candidate,Candidate from cached Buddy page-data; review before canonical promotion.,,buddy-item-multi-source-v1
Green Dragon,green dragon,Runestone 06,runestone 06,3,https://buddy.farm/i/runestone-06/,https://buddy.farm/page-data/i/runestone-06/page-data.json,candidate,Candidate from cached Buddy page-data; review before canonical promotion.,,buddy-item-multi-source-v1
Hedgehog,hedgehog,Runestone 07,runestone 07,6,https://buddy.farm/i/runestone-07/,https://buddy.farm/page-data/i/runestone-07/page-data.json,candidate,Candidate from cached Buddy page-data; review before canonical promotion.,,buddy-item-multi-source-v1
Green Dragon,green dragon,Runestone 07,runestone 07,3,https://buddy.farm/i/runestone-07/,https://buddy.farm/page-data/i/runestone-07/page-data.json,candidate,Candidate from cached Buddy page-data; review before canonical promotion.,,buddy-item-multi-source-v1
Blue Dragon,blue dragon,Runestone 08,runestone 08,3,https://buddy.farm/i/runestone-08/,https://buddy.farm/page-data/i/runestone-08/page-data.json,candidate,Candidate from cached Buddy page-data; review before canonical promotion.,,buddy-item-multi-source-v1
Green Dragon,green dragon,Runestone 08,runestone 08,3,https://buddy.farm/i/runestone-08/,https://buddy.farm/page-data/i/runestone-08/page-data.json,candidate,Candidate from cached Buddy page-data; review before canonical promotion.,,buddy-item-multi-source-v1
Green Dragon,green dragon,Runestone 09,runestone 09,6,https://buddy.farm/i/runestone-09/,https://buddy.farm/page-data/i/runestone-09/page-data.json,candidate,Candidate from cached Buddy page-data; review before canonical promotion.,,buddy-item-multi-source-v1
Blue Dragon,blue dragon,Runestone 09,runestone 09,3,https://buddy.farm/i/runestone-09/,https://buddy.farm/page-data/i/runestone-09/page-data.json,candidate,Candidate from cached Buddy page-data; review before canonical promotion.,,buddy-item-multi-source-v1
Spider,spider,Runestone 10,runestone 10,6,https://buddy.farm/i/runestone-10/,https://buddy.farm/page-data/i/runestone-10/page-data.json,candidate,Candidate from cached Buddy page-data; review before canonical promotion.,,buddy-item-multi-source-v1
Green Dragon,green dragon,Runestone 10,runestone 10,6,https://buddy.farm/i/runestone-10/,https://buddy.farm/page-data/i/runestone-10/page-data.json,candidate,Candidate from cached Buddy page-data; review before canonical promotion.,,buddy-item-multi-source-v1
Owl,owl,Runestone 11,runestone 11,6,https://buddy.farm/i/runestone-11/,https://buddy.farm/page-data/i/runestone-11/page-data.json,candidate,Candidate from cached Buddy page-data; review before canonical promotion.,,buddy-item-multi-source-v1
Green Dragon,green dragon,Runestone 11,runestone 11,6,https://buddy.farm/i/runestone-11/,https://buddy.farm/page-data/i/runestone-11/page-data.json,candidate,Candidate from cached Buddy page-data; review before canonical promotion.,,buddy-item-multi-source-v1
Fox,fox,Runestone 12,runestone 12,3,https://buddy.farm/i/runestone-12/,https://buddy.farm/page-data/i/runestone-12/page-data.json,candidate,Candidate from cached Buddy page-data; review before canonical promotion.,,buddy-item-multi-source-v1
Green Dragon,green dragon,Runestone 12,runestone 12,6,https://buddy.farm/i/runestone-12/,https://buddy.farm/page-data/i/runestone-12/page-data.json,candidate,Candidate from cached Buddy page-data; review before canonical promotion.,,buddy-item-multi-source-v1
Blue Dragon,blue dragon,Runestone 13,runestone 13,3,https://buddy.farm/i/runestone-13/,https://buddy.farm/page-data/i/runestone-13/page-data.json,candidate,Candidate from cached Buddy page-data; review before canonical promotion.,,buddy-item-multi-source-v1
Red Dragon,red dragon,Runestone 13,runestone 13,1,https://buddy.farm/i/runestone-13/,https://buddy.farm/page-data/i/runestone-13/page-data.json,candidate,Candidate from cached Buddy page-data; review before canonical promotion.,,buddy-item-multi-source-v1
Blue Dragon,blue dragon,Runestone 14,runestone 14,3,https://buddy.farm/i/runestone-14/,https://buddy.farm/page-data/i/runestone-14/page-data.json,candidate,Candidate from cached Buddy page-data; review before canonical promotion.,,buddy-item-multi-source-v1
Red Dragon,red dragon,Runestone 14,runestone 14,3,https://buddy.farm/i/runestone-14/,https://buddy.farm/page-data/i/runestone-14/page-data.json,candidate,Candidate from cached Buddy page-data; review before canonical promotion.,,buddy-item-multi-source-v1
Snake,snake,Runestone 15,runestone 15,6,https://buddy.farm/i/runestone-15/,https://buddy.farm/page-data/i/runestone-15/page-data.json,candidate,Candidate from cached Buddy page-data; review before canonical promotion.,,buddy-item-multi-source-v1
Spider,spider,Runestone 15,runestone 15,6,https://buddy.farm/i/runestone-15/,https://buddy.farm/page-data/i/runestone-15/page-data.json,candidate,Candidate from cached Buddy page-data; review before canonical promotion.,,buddy-item-multi-source-v1
Blue Dragon,blue dragon,Runestone 16,runestone 16,6,https://buddy.farm/i/runestone-16/,https://buddy.farm/page-data/i/runestone-16/page-data.json,candidate,Candidate from cached Buddy page-data; review before canonical promotion.,,buddy-item-multi-source-v1
Red Dragon,red dragon,Runestone 16,runestone 16,3,https://buddy.farm/i/runestone-16/,https://buddy.farm/page-data/i/runestone-16/page-data.json,candidate,Candidate from cached Buddy page-data; review before canonical promotion.,,buddy-item-multi-source-v1
Fox,fox,Runestone 17,runestone 17,6,https://buddy.farm/i/runestone-17/,https://buddy.farm/page-data/i/runestone-17/page-data.json,candidate,Candidate from cached Buddy page-data; review before canonical promotion.,,buddy-item-multi-source-v1
Red Dragon,red dragon,Runestone 17,runestone 17,6,https://buddy.farm/i/runestone-17/,https://buddy.farm/page-data/i/runestone-17/page-data.json,candidate,Candidate from cached Buddy page-data; review before canonical promotion.,,buddy-item-multi-source-v1
Blue Dragon,blue dragon,Runestone 18,runestone 18,6,https://buddy.farm/i/runestone-18/,https://buddy.farm/page-data/i/runestone-18/page-data.json,candidate,Candidate from cached Buddy page-data; review before canonical promotion.,,buddy-item-multi-source-v1
Red Dragon,red dragon,Runestone 18,runestone 18,6,https://buddy.farm/i/runestone-18/,https://buddy.farm/page-data/i/runestone-18/page-data.json,candidate,Candidate from cached Buddy page-data; review before canonical promotion.,,buddy-item-multi-source-v1
Blue Dragon,blue dragon,Runestone 19,runestone 19,6,https://buddy.farm/i/runestone-19/,https://buddy.farm/page-data/i/runestone-19/page-data.json,candidate,Candidate from cached Buddy page-data; review before canonical promotion.,,buddy-item-multi-source-v1
Frog,frog,Runestone 19,runestone 19,6,https://buddy.farm/i/runestone-19/,https://buddy.farm/page-data/i/runestone-19/page-data.json,candidate,Candidate from cached Buddy page-data; review before canonical promotion.,,buddy-item-multi-source-v1
Squirrel,squirrel,Runestone 20,runestone 20,6,https://buddy.farm/i/runestone-20/,https://buddy.farm/page-data/i/runestone-20/page-data.json,candidate,Candidate from cached Buddy page-data; review before canonical promotion.,,buddy-item-multi-source-v1
Spider,spider,Runestone 20,runestone 20,6,https://buddy.farm/i/runestone-20/,https://buddy.farm/page-data/i/runestone-20/page-data.json,candidate,Candidate from cached Buddy page-data; review before canonical promotion.,,buddy-item-multi-source-v1
Skunk,skunk,Salt,salt,3,https://buddy.farm/i/salt/,https://buddy.farm/page-data/i/salt/page-data.json,candidate,Candidate from cached Buddy page-data; review before canonical promotion.,,buddy-item-multi-source-v1
Red Dragon,red dragon,Salt,salt,6,https://buddy.farm/i/salt/,https://buddy.farm/page-data/i/salt/page-data.json,candidate,Candidate from cached Buddy page-data; review before canonical promotion.,,buddy-item-multi-source-v1
Penguin,penguin,Sea Catfish,sea catfish,6,https://buddy.farm/i/sea-catfish/,https://buddy.farm/page-data/i/sea-catfish/page-data.json,candidate,Candidate from cached Buddy page-data; review before canonical promotion.,,buddy-item-multi-source-v1
Shark,shark,Sea Urchin,sea urchin,3,https://buddy.farm/i/sea-urchin/,https://buddy.farm/page-data/i/sea-urchin/page-data.json,candidate,Candidate from cached Buddy page-data; review before canonical promotion.,,buddy-item-multi-source-v1
Penguin,penguin,Seahorse,seahorse,1,https://buddy.farm/i/seahorse/,https://buddy.farm/page-data/i/seahorse/page-data.json,candidate,Candidate from cached Buddy page-data; review before canonical promotion.,,buddy-item-multi-source-v1
Seal,seal,Seaweed,seaweed,3,https://buddy.farm/i/seaweed/,https://buddy.farm/page-data/i/seaweed/page-data.json,candidate,Candidate from cached Buddy page-data; review before canonical promotion.,,buddy-item-multi-source-v1
Penguin,penguin,Serpent Eel,serpent eel,6,https://buddy.farm/i/serpent-eel/,https://buddy.farm/page-data/i/serpent-eel/page-data.json,candidate,Candidate from cached Buddy page-data; review before canonical promotion.,,buddy-item-multi-source-v1
Snake,snake,Shimmer Quartz,shimmer quartz,3,https://buddy.farm/i/shimmer-quartz/,https://buddy.farm/page-data/i/shimmer-quartz/page-data.json,candidate,Candidate from cached Buddy page-data; review before canonical promotion.,,buddy-item-multi-source-v1
Spider,spider,Shimmer Ring,shimmer ring,3,https://buddy.farm/i/shimmer-ring/,https://buddy.farm/page-data/i/shimmer-ring/page-data.json,candidate,Candidate from cached Buddy page-data; review before canonical promotion.,,buddy-item-multi-source-v1
Pet Rock,pet rock,Shimmer Stone,shimmer stone,6,https://buddy.farm/i/shimmer-stone/,https://buddy.farm/page-data/i/shimmer-stone/page-data.json,candidate,Candidate from cached Buddy page-data; review before canonical promotion.,,buddy-item-multi-source-v1
Pet Rock,pet rock,Shimmer Topaz,shimmer topaz,3,https://buddy.farm/i/shimmer-topaz/,https://buddy.farm/page-data/i/shimmer-topaz/page-data.json,candidate,Candidate from cached Buddy page-data; review before canonical promotion.,,buddy-item-multi-source-v1
Baboon,baboon,Shimmer Topaz,shimmer topaz,1,https://buddy.farm/i/shimmer-topaz/,https://buddy.farm/page-data/i/shimmer-topaz/page-data.json,candidate,Candidate from cached Buddy page-data; review before canonical promotion.,,buddy-item-multi-source-v1
Cat,cat,Shinefish,shinefish,6,https://buddy.farm/i/shinefish/,https://buddy.farm/page-data/i/shinefish/page-data.json,candidate,Candidate from cached Buddy page-data; review before canonical promotion.,,buddy-item-multi-source-v1
"Lemur
",lemur,Shiny Beetle,shiny beetle,3,https://buddy.farm/i/shiny-beetle/,https://buddy.farm/page-data/i/shiny-beetle/page-data.json,candidate,Candidate from cached Buddy page-data; review before canonical promotion.,,buddy-item-multi-source-v1
Swine,swine,Shovel,shovel,3,https://buddy.farm/i/shovel/,https://buddy.farm/page-data/i/shovel/page-data.json,candidate,Candidate from cached Buddy page-data; review before canonical promotion.,,buddy-item-multi-source-v1
Shark,shark,Shrimp,shrimp,1,https://buddy.farm/i/shrimp/,https://buddy.farm/page-data/i/shrimp/page-data.json,candidate,Candidate from cached Buddy page-data; review before canonical promotion.,,buddy-item-multi-source-v1
Bird,bird,Skeleton Key,skeleton key,6,https://buddy.farm/i/skeleton-key/,https://buddy.farm/page-data/i/skeleton-key/page-data.json,candidate,Candidate from cached Buddy page-data; review before canonical promotion.,,buddy-item-multi-source-v1
Fox,fox,Skeleton Key,skeleton key,6,https://buddy.farm/i/skeleton-key/,https://buddy.farm/page-data/i/skeleton-key/page-data.json,candidate,Candidate from cached Buddy page-data; review before canonical promotion.,,buddy-item-multi-source-v1
Frog,frog,Skipjack,skipjack,3,https://buddy.farm/i/skipjack/,https://buddy.farm/page-data/i/skipjack/page-data.json,candidate,Candidate from cached Buddy page-data; review before canonical promotion.,,buddy-item-multi-source-v1
Penguin,penguin,Skipjack,skipjack,1,https://buddy.farm/i/skipjack/,https://buddy.farm/page-data/i/skipjack/page-data.json,candidate,Candidate from cached Buddy page-data; review before canonical promotion.,,buddy-item-multi-source-v1
Snake,snake,Skull Coin,skull coin,6,https://buddy.farm/i/skull-coin/,https://buddy.farm/page-data/i/skull-coin/page-data.json,candidate,Candidate from cached Buddy page-data; review before canonical promotion.,,buddy-item-multi-source-v1
Red Dragon,red dragon,Slimestone,slimestone,1,https://buddy.farm/i/slimestone/,https://buddy.farm/page-data/i/slimestone/page-data.json,candidate,Candidate from cached Buddy page-data; review before canonical promotion.,,buddy-item-multi-source-v1
Armadillo,armadillo,Small Gear,small gear,6,https://buddy.farm/i/small-gear/,https://buddy.farm/page-data/i/small-gear/page-data.json,candidate,Candidate from cached Buddy page-data; review before canonical promotion.,,buddy-item-multi-source-v1
Bear,bear,Small Key,small key,1,https://buddy.farm/i/small-key/,https://buddy.farm/page-data/i/small-key/page-data.json,candidate,Candidate from cached Buddy page-data; review before canonical promotion.,,buddy-item-multi-source-v1
Armadillo,armadillo,Small Screw,small screw,6,https://buddy.farm/i/small-screw/,https://buddy.farm/page-data/i/small-screw/page-data.json,candidate,Candidate from cached Buddy page-data; review before canonical promotion.,,buddy-item-multi-source-v1
Armadillo,armadillo,Small Spring,small spring,6,https://buddy.farm/i/small-spring/,https://buddy.farm/page-data/i/small-spring/page-data.json,candidate,Candidate from cached Buddy page-data; review before canonical promotion.,,buddy-item-multi-source-v1
Dog,dog,Small Spring,small spring,6,https://buddy.farm/i/small-spring/,https://buddy.farm/page-data/i/small-spring/page-data.json,candidate,Candidate from cached Buddy page-data; review before canonical promotion.,,buddy-item-multi-source-v1
"Lemur
",lemur,Snail,snail,1,https://buddy.farm/i/snail/,https://buddy.farm/page-data/i/snail/page-data.json,candidate,Candidate from cached Buddy page-data; review before canonical promotion.,,buddy-item-multi-source-v1
Seal,seal,Snowball,snowball,1,https://buddy.farm/i/snowball/,https://buddy.farm/page-data/i/snowball/page-data.json,candidate,Candidate from cached Buddy page-data; review before canonical promotion.,,buddy-item-multi-source-v1
Red Dragon,red dragon,Sour Root,sour root,1,https://buddy.farm/i/sour-root/,https://buddy.farm/page-data/i/sour-root/page-data.json,candidate,Candidate from cached Buddy page-data; review before canonical promotion.,,buddy-item-multi-source-v1
"Lemur
",lemur,Spider,spider,3,https://buddy.farm/i/spider/,https://buddy.farm/page-data/i/spider/page-data.json,candidate,Candidate from cached Buddy page-data; review before canonical promotion.,,buddy-item-multi-source-v1
Hummingbird,hummingbird,Spring Seeds,spring seeds,3,https://buddy.farm/i/spring-seeds/,https://buddy.farm/page-data/i/spring-seeds/page-data.json,candidate,Candidate from cached Buddy page-data; review before canonical promotion.,,buddy-item-multi-source-v1
Bear,bear,Square Key,square key,3,https://buddy.farm/i/square-key/,https://buddy.farm/page-data/i/square-key/page-data.json,candidate,Candidate from cached Buddy page-data; review before canonical promotion.,,buddy-item-multi-source-v1
Shark,shark,Starfish,starfish,1,https://buddy.farm/i/starfish/,https://buddy.farm/page-data/i/starfish/page-data.json,candidate,Candidate from cached Buddy page-data; review before canonical promotion.,,buddy-item-multi-source-v1
Swine,swine,Steak,steak,6,https://buddy.farm/i/steak/,https://buddy.farm/page-data/i/steak/page-data.json,candidate,Candidate from cached Buddy page-data; review before canonical promotion.,,buddy-item-multi-source-v1
Armadillo,armadillo,Steel,steel,3,https://buddy.farm/i/steel/,https://buddy.farm/page-data/i/steel/page-data.json,candidate,Candidate from cached Buddy page-data; review before canonical promotion.,,buddy-item-multi-source-v1
Swine,swine,Steel,steel,6,https://buddy.farm/i/steel/,https://buddy.farm/page-data/i/steel/page-data.json,candidate,Candidate from cached Buddy page-data; review before canonical promotion.,,buddy-item-multi-source-v1
Snake,snake,Steel,steel,3,https://buddy.farm/i/steel/,https://buddy.farm/page-data/i/steel/page-data.json,candidate,Candidate from cached Buddy page-data; review before canonical promotion.,,buddy-item-multi-source-v1
Armadillo,armadillo,Steel Wire,steel wire,6,https://buddy.farm/i/steel-wire/,https://buddy.farm/page-data/i/steel-wire/page-data.json,candidate,Candidate from cached Buddy page-data; review before canonical promotion.,,buddy-item-multi-source-v1
Dog,dog,Stone,stone,1,https://buddy.farm/i/stone/,https://buddy.farm/page-data/i/stone/page-data.json,candidate,Candidate from cached Buddy page-data; review before canonical promotion.,,buddy-item-multi-source-v1
Wolf,wolf,Straw,straw,3,https://buddy.farm/i/straw/,https://buddy.farm/page-data/i/straw/page-data.json,candidate,Candidate from cached Buddy page-data; review before canonical promotion.,,buddy-item-multi-source-v1
Hedgehog,hedgehog,Straw,straw,1,https://buddy.farm/i/straw/,https://buddy.farm/page-data/i/straw/page-data.json,candidate,Candidate from cached Buddy page-data; review before canonical promotion.,,buddy-item-multi-source-v1
Wolf,wolf,Striped Feather,striped feather,6,https://buddy.farm/i/striped-feather/,https://buddy.farm/page-data/i/striped-feather/page-data.json,candidate,Candidate from cached Buddy page-data; review before canonical promotion.,,buddy-item-multi-source-v1
Baboon,baboon,Sturdy Shield,sturdy shield,1,https://buddy.farm/i/sturdy-shield/,https://buddy.farm/page-data/i/sturdy-shield/page-data.json,candidate,Candidate from cached Buddy page-data; review before canonical promotion.,,buddy-item-multi-source-v1
Bear,bear,Sunflower,sunflower,3,https://buddy.farm/i/sunflower/,https://buddy.farm/page-data/i/sunflower/page-data.json,candidate,Candidate from cached Buddy page-data; review before canonical promotion.,,buddy-item-multi-source-v1
Skunk,skunk,Sweet Root,sweet root,3,https://buddy.farm/i/sweet-root/,https://buddy.farm/page-data/i/sweet-root/page-data.json,candidate,Candidate from cached Buddy page-data; review before canonical promotion.,,buddy-item-multi-source-v1
Penguin,penguin,Swordfish,swordfish,6,https://buddy.farm/i/swordfish/,https://buddy.farm/page-data/i/swordfish/page-data.json,candidate,Candidate from cached Buddy page-data; review before canonical promotion.,,buddy-item-multi-source-v1
Strange Onion,strange onion,Tomato,tomato,1,https://buddy.farm/i/tomato/,https://buddy.farm/page-data/i/tomato/page-data.json,candidate,Candidate from cached Buddy page-data; review before canonical promotion.,,buddy-item-multi-source-v1
Hedgehog,hedgehog,Torch Fish,torch fish,6,https://buddy.farm/i/torch-fish/,https://buddy.farm/page-data/i/torch-fish/page-data.json,candidate,Candidate from cached Buddy page-data; review before canonical promotion.,,buddy-item-multi-source-v1
Fox,fox,Treasure Key,treasure key,6,https://buddy.farm/i/treasure-key/,https://buddy.farm/page-data/i/treasure-key/page-data.json,candidate,Candidate from cached Buddy page-data; review before canonical promotion.,,buddy-item-multi-source-v1
Bear,bear,Treasure Key,treasure key,6,https://buddy.farm/i/treasure-key/,https://buddy.farm/page-data/i/treasure-key/page-data.json,candidate,Candidate from cached Buddy page-data; review before canonical promotion.,,buddy-item-multi-source-v1
Bear,bear,Trout,trout,1,https://buddy.farm/i/trout/,https://buddy.farm/page-data/i/trout/page-data.json,candidate,Candidate from cached Buddy page-data; review before canonical promotion.,,buddy-item-multi-source-v1
Hedgehog,hedgehog,Twine,twine,3,https://buddy.farm/i/twine/,https://buddy.farm/page-data/i/twine/page-data.json,candidate,Candidate from cached Buddy page-data; review before canonical promotion.,,buddy-item-multi-source-v1
Pet Rock,pet rock,Unpolished Emerald,unpolished emerald,1,https://buddy.farm/i/unpolished-emerald/,https://buddy.farm/page-data/i/unpolished-emerald/page-data.json,candidate,Candidate from cached Buddy page-data; review before canonical promotion.,,buddy-item-multi-source-v1
Red Dragon,red dragon,Unpolished Garnet,unpolished garnet,1,https://buddy.farm/i/unpolished-garnet/,https://buddy.farm/page-data/i/unpolished-garnet/page-data.json,candidate,Candidate from cached Buddy page-data; review before canonical promotion.,,buddy-item-multi-source-v1
Pet Rock,pet rock,Unpolished Garnet,unpolished garnet,1,https://buddy.farm/i/unpolished-garnet/,https://buddy.farm/page-data/i/unpolished-garnet/page-data.json,candidate,Candidate from cached Buddy page-data; review before canonical promotion.,,buddy-item-multi-source-v1
Pet Rock,pet rock,Unpolished Jade,unpolished jade,1,https://buddy.farm/i/unpolished-jade/,https://buddy.farm/page-data/i/unpolished-jade/page-data.json,candidate,Candidate from cached Buddy page-data; review before canonical promotion.,,buddy-item-multi-source-v1
Pet Rock,pet rock,Unpolished Ruby,unpolished ruby,1,https://buddy.farm/i/unpolished-ruby/,https://buddy.farm/page-data/i/unpolished-ruby/page-data.json,candidate,Candidate from cached Buddy page-data; review before canonical promotion.,,buddy-item-multi-source-v1
Dog,dog,Unpolished Shimmer Stone,unpolished shimmer stone,3,https://buddy.farm/i/unpolished-shimmer-stone/,https://buddy.farm/page-data/i/unpolished-shimmer-stone/page-data.json,candidate,Candidate from cached Buddy page-data; review before canonical promotion.,,buddy-item-multi-source-v1
Capybara,capybara,Water Lily,water lily,3,https://buddy.farm/i/water-lily/,https://buddy.farm/page-data/i/water-lily/page-data.json,candidate,Candidate from cached Buddy page-data; review before canonical promotion.,,buddy-item-multi-source-v1
Strange Onion,strange onion,Watermelon,watermelon,3,https://buddy.farm/i/watermelon/,https://buddy.farm/page-data/i/watermelon/page-data.json,candidate,Candidate from cached Buddy page-data; review before canonical promotion.,,buddy-item-multi-source-v1
Hummingbird,hummingbird,White Flowers,white flowers,3,https://buddy.farm/i/white-flowers/,https://buddy.farm/page-data/i/white-flowers/page-data.json,candidate,Candidate from cached Buddy page-data; review before canonical promotion.,,buddy-item-multi-source-v1
Snake,snake,Wine,wine,6,https://buddy.farm/i/wine/,https://buddy.farm/page-data/i/wine/page-data.json,candidate,Candidate from cached Buddy page-data; review before canonical promotion.,,buddy-item-multi-source-v1
Snake,snake,Wizard Hat,wizard hat,3,https://buddy.farm/i/wizard-hat/,https://buddy.farm/page-data/i/wizard-hat/page-data.json,candidate,Candidate from cached Buddy page-data; review before canonical promotion.,,buddy-item-multi-source-v1
Dog,dog,Wood,wood,1,https://buddy.farm/i/wood/,https://buddy.farm/page-data/i/wood/page-data.json,candidate,Candidate from cached Buddy page-data; review before canonical promotion.,,buddy-item-multi-source-v1
Hummingbird,hummingbird,Yellow Flowers,yellow flowers,1,https://buddy.farm/i/yellow-flowers/,https://buddy.farm/page-data/i/yellow-flowers/page-data.json,candidate,Candidate from cached Buddy page-data; review before canonical promotion.,,buddy-item-multi-source-v1